1.0,8.0,0.0,0.25,0.5,1.5,0.125,0.125,1.0,1258.0,0.0,1.0,0.0,0.0,0.375,2
2.0,0.0,0.0,0.0,0.0,0.0,0.0,0.0,1.0,361885632.0,0.0,0.0,0.0,0.0,0.0,3
1.0,93.0,0.0,0.11828,0.634409,1.64516,0.11828,0.0322581,1.0,1258.0,2.0,1.15054,0.0,0.16129,0.311828,4
1.0,7.0,0.0,0.142857,0.571429,1.42857,0.285714,0.0,1.0,1258.0,0.0,1.14286,0.0,0.142857,0.285714,4
1.0,7.0,0.0,0.142857,0.714286,1.71429,0.142857,0.0,1.0,1258.0,0.0,1.0,0.0,0.142857,0.285714,2
2.0,40.0,0.0,0.025,0.725,1.625,0.225,0.0,1.0,1230.0,0.0,1.225,0.0,0.0,0.425,4
1.0,1066.0,0.0,0.00844278,0.695122,1.42308,0.193246,0.00281426,1.0,1258.0,0.0,1.28799,0.0,0.0515947,0.489681,3
3.0,0.0,0.0,0.0,0.0,0.0,0.0,0.0,1.0,1947048.0,0.0,0.0,0.0,0.0,0.0,4
3.0,0.0,0.0,0.0,0.0,0.0,0.0,0.0,1.0,1947048.0,0.0,0.0,0.0,0.0,0.0,4
2.0,5.0,0.0,0.6,0.2,1.6,0.0,0.0,1.0,7548.0,0.0,0.4,0.0,0.0,0.2,4
1.0,15.0,0.0,0.133333,0.666667,1.73333,0.133333,0.0,1.0,1258.0,0.0,1.06667,0.0,0.133333,0.333333,4
2.0,3.0,0.0,0.333333,0.333333,2.0,0.0,0.0,1.0,9413436.0,0.0,0.666667,0.0,0.0,0.333333,4
1.0,5.0,0.0,0.4,0.4,1.8,0.0,0.0,1.0,1258.0,0.0,0.6,0.0,0.2,0.2,3
2.0,18.0,0.0,0.222222,0.444444,1.83333,0.0555556,0.0555556,1.0,20128.0,0.0,0.944444,0.0,0.0,0.333333,3
1.0,10.0,0.0,0.4,0.4,1.6,0.1,0.1,1.0,1258.0,0.0,0.8,0.0,0.1,0.2,3
1.0,13.0,0.0,0.307692,0.384615,1.84615,0.0769231,0.0769231,1.0,1258.0,0.0,0.846154,0.0,0.0,0.307692,2
2.0,17.0,0.0,0.176471,0.529412,1.70588,0.117647,0.0588235,1.0,20128.0,0.0,1.05882,0.0,0.0588235,0.294118,2
1.0,7.0,0.0,0.285714,0.571429,1.57143,0.142857,0.0,1.0,1258.0,0.0,0.857143,0.0,0.285714,0.142857,4
2.0,51.0,0.0,0.0980392,0.627451,1.62745,0.235294,0.0392157,17.0,7548.0,0.0,1.17647,0.0,0.0392157,0.352941,1
1.0,31.0,0.0,0.193548,0.580645,1.90323,0.0645161,0.0645161,17.0,1258.0,0.0,1.0,0.0,0.0967742,0.290323,2
2.0,0.0,0.0,0.0,0.0,0.0,0.0,0.0,17.0,9413436.0,0.0,0.0,0.0,0.0,0.0,2
1.0,26.0,0.0,0.0769231,0.769231,1.65385,0.153846,0.0,17.0,1258.0,0.0,1.19231,0.0,0.192308,0.346154,2
1.0,7.0,0.0,0.142857,0.571429,1.42857,0.285714,0.0,17.0,1258.0,0.0,1.14286,0.0,0.142857,0.285714,4
2.0,5.0,0.0,0.2,0.6,1.6,0.2,0.0,1.0,5032.0,0.0,1.0,0.0,0.2,0.2,4
3.0,10.0,0.0,0.1,0.7,1.7,0.2,0.0,1.0,30192.0,0.0,1.1,0.0,0.1,0.3,2
2.0,3.0,0.0,0.666667,0.333333,1.33333,0.0,0.0,1.0,5032.0,0.0,0.333333,0.0,0.333333,0.0,2
2.0,76.0,0.0,0.0131579,0.710526,1.82895,0.236842,0.0,1.0,5032.0,6.0,1.18421,0.0,0.0394737,0.315789,2
3.0,5.0,0.0,0.2,0.6,1.6,0.2,0.0,1.0,37653744.0,0.0,1.0,0.0,0.2,0.2,2
4.0,19.0,0.0,0.0526316,0.578947,1.52632,0.315789,0.0,1.0,122996.0,2.0,1.21053,0.0,0.0526316,0.315789,2
3.0,9.0,0.0,0.222222,0.666667,1.33333,0.111111,0.0,1.0,4920.0,0.0,1.0,0.0,0.222222,0.333333,2
3.0,18.0,0.0,0.166667,0.555556,1.5,0.222222,0.0555556,1.0,37653744.0,0.0,1.16667,0.0,0.111111,0.333333,2
3.0,16.0,0.0,0.0625,0.6875,1.5625,0.1875,0.0,1.0,4920.0,1.0,1.1875,0.0,0.0625,0.375,4
2.0,2754.0,0.0,0.00508351,0.748003,1.69862,0.131445,0.000726216,1.0,5032.0,51.0,1.27633,0.0,0.0984023,0.391431,2
2.0,15.0,0.0,0.0666667,0.733333,2.06667,0.133333,0.0,1.0,5032.0,0.0,1.2,0.0,0.0,0.333333,2
1.0,34.0,0.0,0.352941,0.470588,1.70588,0.0,0.0588235,1.0,1258.0,0.0,0.705882,0.0,0.235294,0.205882,2
2.0,7.0,0.0,0.285714,0.285714,1.71429,0.0,0.142857,1.0,7548.0,0.0,1.0,0.0,0.0,0.285714,3
2.0,31.0,0.0,0.16129,0.580645,1.70968,0.129032,0.0645161,1.0,7548.0,0.0,1.09677,0.0,0.0645161,0.322581,2
1.0,63.0,0.031746,0.142857,0.555556,1.69841,0.0793651,0.0634921,1.0,1258.0,0.0,1.1746,0.0,0.0952381,0.396825,2
2.0,10.0,0.0,0.1,0.7,1.7,0.2,0.0,1.0,7548.0,0.0,1.1,0.0,0.1,0.3,3
1.0,3.0,0.0,0.666667,0.333333,1.33333,0.0,0.0,5.0,1258.0,0.0,0.333333,0.0,0.333333,0.0,2
1.0,0.0,0.0,0.0,0.0,0.0,0.0,0.0,1.0,3.0,0.0,0.0,0.0,0.0,0.0,2
1.0,25.0,0.0,0.12,0.68,1.72,0.12,0.04,1.0,1258.0,0.0,1.08,0.0,0.08,0.36,4
1.0,63.0,0.0,0.047619,0.809524,1.84127,0.031746,0.015873,1.0,3.0,0.0,1.09524,0.0,0.0952381,0.428571,1
1.0,63.0,0.0,0.047619,0.809524,1.84127,0.031746,0.015873,1.0,3.0,0.0,1.09524,0.0,0.0952381,0.428571,3
1.0,63.0,0.0,0.047619,0.809524,1.84127,0.031746,0.015873,7.0,3.0,0.0,1.09524,0.0,0.0952381,0.428571,1
1.0,63.0,0.0,0.047619,0.809524,1.84127,0.031746,0.015873,1.0,3.0,0.0,1.09524,0.0,0.0952381,0.428571,1
1.0,63.0,0.0,0.047619,0.809524,1.84127,0.031746,0.015873,257.0,3.0,0.0,1.09524,0.0,0.0952381,0.428571,1
1.0,63.0,0.0,0.047619,0.809524,1.84127,0.031746,0.015873,1.0,3.0,0.0,1.09524,0.0,0.0952381,0.428571,3
1.0,63.0,0.0,0.047619,0.809524,1.84127,0.031746,0.015873,1.0,3.0,0.0,1.09524,0.0,0.0952381,0.428571,1
1.0,63.0,0.0,0.047619,0.809524,1.84127,0.031746,0.015873,1.0,3.0,0.0,1.09524,0.0,0.0952381,0.428571,1
1.0,63.0,0.0,0.047619,0.809524,1.84127,0.031746,0.015873,1.0,3.0,0.0,1.09524,0.0,0.0952381,0.428571,1
1.0,63.0,0.0,0.047619,0.809524,1.84127,0.031746,0.015873,1.0,20128.0,0.0,1.09524,0.0,0.0952381,0.428571,4
1.0,63.0,0.0,0.047619,0.809524,1.84127,0.031746,0.015873,1.0,322054.0,0.0,1.09524,0.0,0.0952381,0.428571,3
1.0,63.0,0.0,0.047619,0.809524,1.84127,0.031746,0.015873,1.0,15853726.0,0.0,1.09524,0.0,0.0952381,0.428571,3
1.0,63.0,0.0,0.047619,0.809524,1.84127,0.031746,0.015873,1.0,943171.0,0.0,1.09524,0.0,0.0952381,0.428571,4
1.0,63.0,0.0,0.047619,0.809524,1.84127,0.031746,0.015873,1.0,2890264.0,0.0,1.09524,0.0,0.0952381,0.428571,4
1.0,63.0,0.0,0.047619,0.809524,1.84127,0.031746,0.015873,1.0,7549.0,0.0,1.09524,0.0,0.0952381,0.428571,4
1.0,35.0,0.0,0.0285714,0.714286,1.6,0.171429,0.0,1.0,1258.0,1.0,1.2,0.0,0.0857143,0.4,1
1.0,18.0,0.0,0.166667,0.611111,1.77778,0.111111,0.111111,1.0,1258.0,0.0,1.11111,0.0,0.0,0.388889,3
1.0,16.0,0.0,0.0625,0.6875,1.6875,0.125,0.0,1.0,1258.0,2.0,1.1875,0.0,0.0625,0.375,3
1.0,14.0,0.0,0.0714286,0.714286,1.71429,0.142857,0.0,1.0,1258.0,1.0,1.14286,0.0,0.0714286,0.357143,2
1.0,4.0,0.0,0.25,0.5,1.75,0.0,0.25,1.0,71830144.0,0.0,1.25,0.0,0.0,0.5,3
1.0,63.0,0.0,0.047619,0.809524,1.84127,0.031746,0.015873,1.0,302002936.0,0.0,1.09524,0.0,0.0952381,0.428571,3
1.0,63.0,0.0,0.047619,0.809524,1.84127,0.031746,0.015873,257.0,108759985.0,0.0,1.09524,0.0,0.0952381,0.428571,3
1.0,63.0,0.0,0.047619,0.809524,1.84127,0.031746,0.015873,257.0,886953781.0,0.0,1.09524,0.0,0.0952381,0.428571,3
1.0,63.0,0.0,0.047619,0.809524,1.84127,0.031746,0.015873,1.0,361910703.0,0.0,1.09524,0.0,0.0952381,0.428571,3
1.0,0.0,0.0,0.0,0.0,0.0,0.0,0.0,1.0,168145443.0,0.0,0.0,0.0,0.0,0.0,3
1.0,0.0,0.0,0.0,0.0,0.0,0.0,0.0,1.0,168145443.0,0.0,0.0,0.0,0.0,0.0,3
2.0,23.0,0.0,0.0434783,0.73913,1.69565,0.130435,0.0,1.0,797056.0,1.0,1.21739,0.0,0.0869565,0.391304,3
1.0,11.0,0.0,0.181818,0.636364,1.63636,0.0909091,0.0,1.0,49816.0,0.0,1.0,0.0,0.181818,0.272727,2
1.0,0.0,0.0,0.0,0.0,0.0,0.0,0.0,1.0,193740189.0,0.0,0.0,0.0,0.0,0.0,3
1.0,0.0,0.0,0.0,0.0,0.0,0.0,0.0,1.0,193740189.0,0.0,0.0,0.0,0.0,0.0,3
1.0,63.0,0.0,0.047619,0.809524,1.84127,0.031746,0.015873,1.0,7602.0,0.0,1.09524,0.0,0.0952381,0.428571,4
1.0,63.0,0.0,0.047619,0.809524,1.84127,0.031746,0.015873,17.0,1258.0,0.0,1.09524,0.0,0.0952381,0.428571,2
2.0,15.0,0.0,0.0666667,0.6,1.6,0.133333,0.0,17.0,20128.0,0.0,1.2,0.0,0.133333,0.333333,4
1.0,11.0,0.0,0.181818,0.636364,1.63636,0.0909091,0.0,1.0,1258.0,0.0,1.0,0.0,0.181818,0.272727,4
1.0,7.0,0.0,0.142857,0.714286,1.71429,0.142857,0.0,1.0,1258.0,0.0,1.0,0.0,0.142857,0.285714,4
2.0,51.0,0.0,0.0980392,0.627451,1.62745,0.235294,0.0392157,1.0,7548.0,0.0,1.17647,0.0,0.0392157,0.352941,2
1.0,40.0,0.0,0.05,0.8,1.975,0.125,0.0,1.0,1258.0,0.0,1.25,0.0,0.1,0.35,2
2.0,0.0,0.0,0.0,0.0,0.0,0.0,0.0,17.0,9413436.0,0.0,0.0,0.0,0.0,0.0,3
1.0,24.0,0.0,0.0833333,0.791667,1.66667,0.125,0.0,17.0,1258.0,0.0,1.20833,0.0,0.166667,0.375,3
1.0,6.0,0.0,0.166667,0.666667,1.5,0.166667,0.0,257.0,1258.0,0.0,1.16667,0.0,0.166667,0.333333,3
1.0,63.0,0.0,0.047619,0.809524,1.84127,0.031746,0.015873,1.0,1258.0,0.0,1.09524,0.0,0.0952381,0.428571,2
1.0,63.0,0.0,0.047619,0.809524,1.84127,0.031746,0.015873,1.0,1258.0,0.0,1.09524,0.0,0.0952381,0.428571,4
1.0,7.0,0.0,0.142857,0.714286,1.71429,0.142857,0.0,1.0,1258.0,0.0,1.0,0.0,0.142857,0.285714,3
1.0,63.0,0.0,0.047619,0.809524,1.84127,0.031746,0.015873,1.0,1258.0,0.0,1.09524,0.0,0.0952381,0.428571,3
1.0,63.0,0.0,0.047619,0.809524,1.84127,0.031746,0.015873,1.0,1258.0,0.0,1.09524,0.0,0.0952381,0.428571,3
1.0,63.0,0.0,0.047619,0.809524,1.84127,0.031746,0.015873,1.0,1259.0,0.0,1.09524,0.0,0.0952381,0.428571,2
1.0,63.0,0.0,0.047619,0.809524,1.84127,0.031746,0.015873,1.0,1258.0,0.0,1.09524,0.0,0.0952381,0.428571,2
1.0,63.0,0.0,0.047619,0.809524,1.84127,0.031746,0.015873,257.0,1258.0,0.0,1.09524,0.0,0.0952381,0.428571,4
1.0,63.0,0.0,0.047619,0.809524,1.84127,0.031746,0.015873,1.0,1259.0,0.0,1.09524,0.0,0.0952381,0.428571,4
1.0,63.0,0.0,0.047619,0.809524,1.84127,0.031746,0.015873,1.0,1258.0,0.0,1.09524,0.0,0.0952381,0.428571,4
1.0,63.0,0.0,0.047619,0.809524,1.84127,0.031746,0.015873,1.0,1258.0,0.0,1.09524,0.0,0.0952381,0.428571,3
1.0,63.0,0.0,0.047619,0.809524,1.84127,0.031746,0.015873,1.0,1260.0,0.0,1.09524,0.0,0.0952381,0.428571,4
1.0,63.0,0.0,0.047619,0.809524,1.84127,0.031746,0.015873,1.0,1258.0,0.0,1.09524,0.0,0.0952381,0.428571,3
1.0,63.0,0.0,0.047619,0.809524,1.84127,0.031746,0.015873,1.0,1258.0,0.0,1.09524,0.0,0.0952381,0.428571,3
1.0,63.0,0.0,0.047619,0.809524,1.84127,0.031746,0.015873,1.0,1258.0,0.0,1.09524,0.0,0.0952381,0.428571,4
1.0,63.0,0.0,0.047619,0.809524,1.84127,0.031746,0.015873,1.0,1258.0,0.0,1.09524,0.0,0.0952381,0.428571,1
1.0,63.0,0.0,0.047619,0.809524,1.84127,0.031746,0.015873,1.0,1261.0,0.0,1.09524,0.0,0.0952381,0.428571,3
1.0,63.0,0.0,0.047619,0.809524,1.84127,0.031746,0.015873,1.0,3.0,0.0,1.09524,0.0,0.0952381,0.428571,1
1.0,63.0,0.0,0.047619,0.809524,1.84127,0.031746,0.015873,1.0,3.0,0.0,1.09524,0.0,0.0952381,0.428571,1
1.0,63.0,0.0,0.047619,0.809524,1.84127,0.031746,0.015873,1.0,3.0,0.0,1.09524,0.0,0.0952381,0.428571,1
1.0,63.0,0.0,0.047619,0.809524,1.84127,0.031746,0.015873,1.0,3.0,0.0,1.09524,0.0,0.0952381,0.428571,4
1.0,25.0,0.0,0.12,0.68,1.72,0.12,0.04,1.0,1258.0,0.0,1.08,0.0,0.08,0.36,3
3.0,0.0,0.0,0.0,0.0,0.0,0.0,0.0,1.0,7789482.0,0.0,0.0,0.0,0.0,0.0,2
2.0,26.0,0.0,0.0769231,0.730769,1.57692,0.153846,0.0,1.0,30197.0,0.0,1.26923,0.0,0.230769,0.346154,4
3.0,45.0,0.0,0.111111,0.577778,1.68889,0.177778,0.0444444,1.0,7759285.0,0.0,1.26667,0.0,0.0444444,0.377778,2
3.0,45.0,0.0,0.111111,0.577778,1.68889,0.177778,0.0444444,1.0,7759285.0,0.0,1.26667,0.0,0.0444444,0.377778,2
3.0,0.0,0.0,0.0,0.0,0.0,0.0,0.0,257.0,7759285.0,0.0,0.0,0.0,0.0,0.0,4
2.0,126.0,0.0,0.0793651,0.65873,1.65079,0.142857,0.00793651,1.0,30197.0,6.0,1.24603,0.0,0.166667,0.31746,2
3.0,0.0,0.0,0.0,0.0,0.0,0.0,0.0,1.0,7789482.0,0.0,0.0,0.0,0.0,0.0,2
2.0,19.0,0.0,0.210526,0.578947,1.47368,0.105263,0.0526316,1.0,30197.0,0.0,1.05263,0.0,0.210526,0.315789,4
2.0,17.0,0.0,0.0588235,0.588235,1.64706,0.235294,0.0,1.0,5.0,0.0,1.23529,0.0,0.176471,0.294118,1
1.0,30.0,0.0,0.3,0.533333,1.86667,0.0,0.0666667,1.0,30192.0,0.0,0.766667,0.0,0.3,0.133333,2
1.0,22.0,0.0,0.181818,0.5,1.5,0.181818,0.0454545,1.0,30192.0,0.0,1.04545,0.0,0.0454545,0.318182,2
2.0,20.0,0.0,0.15,0.6,1.4,0.15,0.05,1.0,95348.0,0.0,1.15,0.0,0.1,0.4,2
2.0,80.0,0.0,0.125,0.575,1.6375,0.0625,0.05,1.0,322048.0,0.0,1.2375,0.0,0.0625,0.4625,2
1.0,6.0,0.0,0.333333,0.5,1.5,0.166667,0.0,1.0,7548.0,0.0,0.833333,0.0,0.333333,0.166667,2
1.0,20.0,0.0,0.05,0.6,1.4,0.2,0.0,1.0,7548.0,0.0,1.2,0.0,0.05,0.4,2
1.0,26.0,0.0,0.0384615,0.653846,1.42308,0.153846,0.0,1.0,7548.0,0.0,1.26923,0.0,0.115385,0.423077,4
1.0,6.0,0.0,0.166667,0.666667,1.33333,0.166667,0.0,1.0,7548.0,0.0,1.0,0.0,0.166667,0.333333,4
1.0,14.0,0.0,0.0714286,0.642857,1.35714,0.142857,0.0,1.0,7548.0,0.0,1.21429,0.0,0.0714286,0.428571,4
1.0,14.0,0.0,0.0714286,0.571429,1.35714,0.214286,0.0,1.0,7548.0,0.0,1.14286,0.0,0.0714286,0.357143,2
1.0,6.0,0.0,0.166667,0.666667,1.33333,0.166667,0.0,1.0,7548.0,0.0,1.0,0.0,0.166667,0.333333,4
2.0,20.0,0.0,0.15,0.6,1.4,0.15,0.05,1.0,95348.0,0.0,1.15,0.0,0.1,0.4,2
1.0,3.0,0.0,0.666667,0.333333,1.33333,0.0,0.0,24.0,7548.0,0.0,0.333333,0.0,0.333333,0.0,2
2.0,10.0,0.0,0.1,0.7,1.6,0.2,0.0,23.0,3.0,0.0,1.0,0.0,0.1,0.3,5
2.0,29.0,0.0,0.0344828,0.551724,1.55172,0.206897,0.0,257.0,322048.0,0.0,1.24138,0.0,0.0689655,0.344828,4
1.0,36.0,0.0,0.0833333,0.611111,1.88889,0.194444,0.0277778,1.0,1.0,0.0,1.02778,0.0,0.111111,0.25,5
1.0,29.0,0.0,0.137931,0.62069,1.7931,0.103448,0.0689655,1.0,1.0,0.0,1.03448,0.0,0.0689655,0.344828,4
1.0,27.0,0.0,0.111111,0.592593,1.77778,0.148148,0.0740741,1.0,1.0,0.0,1.14815,0.0,0.0740741,0.333333,4
2.0,16.0,0.0,0.125,0.5,1.375,0.25,0.0625,1.0,3.0,0.0,1.0625,0.0,0.0,0.375,2
1.0,44.0,0.0,0.272727,0.25,1.77273,0.0,0.0227273,131073.0,1.0,0.0,0.431818,0.0,0.0227273,0.227273,3
1.0,12.0,0.0,0.0833333,0.666667,1.33333,0.166667,0.0,33.0,1.0,0.0,1.08333,0.0,0.0833333,0.416667,5
2.0,40.0,0.0,0.125,0.625,1.525,0.125,0.05,1.0,322048.0,1.0,1.2,0.0,0.125,0.375,4
2.0,40.0,0.0,0.125,0.625,1.525,0.125,0.05,1.0,322048.0,1.0,1.2,0.0,0.125,0.375,4
2.0,11.0,0.0,0.0909091,0.545455,1.45455,0.181818,0.0,257.0,322048.0,0.0,1.18182,0.0,0.0909091,0.363636,4
2.0,0.0,0.0,0.0,0.0,0.0,0.0,0.0,1.0,320790.0,0.0,0.0,0.0,0.0,0.0,1
2.0,32.0,0.0,0.09375,0.65625,1.40625,0.15625,0.03125,1.0,320790.0,0.0,1.25,0.0,0.125,0.4375,4
1.0,108.0,0.0,0.166667,0.490741,1.62037,0.148148,0.037037,1.0,1258.0,0.0,1.05556,0.0,0.101852,0.287037,2
3.0,19.0,0.0,0.0526316,0.631579,1.63158,0.105263,0.0526316,1.0,1385058.0,1.0,1.36842,0.0,0.105263,0.421053,2
2.0,16.0,0.0,0.25,0.625,1.4375,0.125,0.0,1.0,6290.0,0.0,1.0625,0.0,0.1875,0.3125,2
1.0,1.0,0.0,1.0,0.0,1.0,0.0,0.0,1.0,1258.0,0.0,0.0,0.0,0.0,0.0,2
1.0,0.0,0.0,0.0,0.0,0.0,0.0,0.0,5.0,1258.0,0.0,0.0,0.0,0.0,0.0,2
1.0,10.0,0.0,0.1,0.7,1.6,0.2,0.0,257.0,1258.0,0.0,1.2,0.0,0.2,0.3,4
1.0,33.0,0.0,0.030303,0.636364,1.36364,0.272727,0.0,1.0,1258.0,0.0,1.24242,0.0,0.121212,0.393939,4
1.0,135.0,0.0,0.00740741,0.622222,1.4,0.266667,0.0,1.0,1258.0,0.0,1.25926,0.0,0.118519,0.385185,2
1.0,14.0,0.0,0.0714286,0.642857,1.35714,0.142857,0.0,65537.0,1258.0,0.0,1.21429,0.0,0.0714286,0.428571,1
1.0,20.0,0.0,0.05,0.7,1.35,0.15,0.0,35.0,1258.0,0.0,1.25,0.0,0.1,0.45,2
1.0,25.0,0.0,0.04,0.6,1.4,0.28,0.0,1.0,1258.0,0.0,1.2,0.0,0.12,0.36,4
1.0,103.0,0.0,0.00970874,0.582524,1.4466,0.271845,0.0,1.0,1258.0,0.0,1.2233,0.0,0.116505,0.349515,2
1.0,6.0,0.0,0.166667,0.666667,1.33333,0.166667,0.0,65538.0,1258.0,0.0,1.0,0.0,0.166667,0.333333,2
3.0,58.0,0.0,0.0862069,0.655172,1.46552,0.12069,0.0344828,1.0,168360493.0,0.0,1.24138,0.0,0.12069,0.431034,4
3.0,58.0,0.0,0.0862069,0.655172,1.46552,0.12069,0.0517241,1.0,168360493.0,0.0,1.24138,0.0,0.12069,0.431034,4
2.0,10.0,0.0,0.7,0.2,1.3,0.0,0.1,1.0,23475438.0,0.0,0.5,0.0,0.0,0.2,4
2.0,0.0,0.0,0.0,0.0,0.0,0.0,0.0,1.0,18660370.0,0.0,0.0,0.0,0.0,0.0,2
2.0,0.0,0.0,0.0,0.0,0.0,0.0,0.0,1.0,18660370.0,0.0,0.0,0.0,0.0,0.0,2
1.0,408.0,0.0,0.0612745,0.754902,1.78676,0.0563725,0.00490196,1.0,16486274.0,18.0,1.28922,0.0,0.17402,0.367647,2
3.0,23.0,0.0,0.0434783,0.652174,1.47826,0.0869565,0.0434783,1.0,207339437.0,0.0,1.34783,0.0,0.0869565,0.478261,2
3.0,23.0,0.0,0.0434783,0.652174,1.47826,0.0869565,0.0434783,1.0,176736226.0,0.0,1.34783,0.0,0.0869565,0.478261,2
3.0,23.0,0.0,0.0434783,0.652174,1.47826,0.0869565,0.0434783,1.0,154573715.0,0.0,1.34783,0.0,0.0869565,0.478261,2
2.0,69.0,0.0,0.130435,0.695652,1.43478,0.0869565,0.0289855,1.0,74125942.0,0.0,1.2029,0.0,0.173913,0.434783,2
1.0,14.0,0.0,0.357143,0.5,1.35714,0.0714286,0.0,1.0,40282432.0,0.0,0.857143,0.0,0.142857,0.285714,2
1.0,0.0,0.0,0.0,0.0,0.0,0.0,0.0,1.0,40282432.0,0.0,0.0,0.0,0.0,0.0,2
1.0,344.0,0.0,0.0581395,0.659884,1.43895,0.174419,0.00581395,1.0,95392570.0,0.0,1.27907,0.0,0.145349,0.427326,2
1.0,19.0,0.0,0.210526,0.473684,2.21053,0.0,0.105263,1.0,3.0,0.0,1.21053,0.0,0.0526316,0.315789,2
2.0,21.0,0.0,0.238095,0.47619,2.19048,0.0,0.0952381,1.0,3.0,0.0,1.19048,0.0,0.047619,0.333333,3
1.0,47.0,0.0,0.234043,0.425532,1.91489,0.0425532,0.0425532,1.0,3.0,0.0,1.08511,0.0,0.0851064,0.319149,3
1.0,7.0,0.0,0.142857,0.714286,1.71429,0.142857,0.0,1.0,1258.0,0.0,1.0,0.0,0.142857,0.285714,4
1.0,29.0,0.0,0.172414,0.724138,1.86207,0.0,0.0344828,1.0,236607.0,0.0,1.0,0.0,0.137931,0.37931,4
1.0,113.0,0.0,0.159292,0.548673,1.77876,0.0884956,0.0353982,1.0,236607.0,0.0,1.00885,0.0,0.0442478,0.353982,2
1.0,114.0,0.0,0.157895,0.649123,1.85088,0.0175439,0.0263158,1.0,237234.0,0.0,1.02632,0.0,0.0614035,0.403509,3
2.0,3.0,0.0,0.333333,0.333333,2.0,0.0,0.333333,1.0,60017385.0,0.0,1.0,0.0,0.0,0.333333,3
1.0,169.0,0.0,0.118343,0.579882,1.51479,0.16568,0.0177515,1.0,177418.0,0.0,1.19527,0.0,0.183432,0.35503,3
1.0,32.0,0.0,0.125,0.71875,2.0625,0.0,0.09375,1.0,176163.0,0.0,1.125,0.0,0.0625,0.375,4
1.0,32.0,0.0,0.15625,0.65625,2.03125,0.0,0.09375,1.0,3.0,0.0,1.125,0.0,0.0625,0.375,2
1.0,74.0,0.0,0.135135,0.675676,2.06757,0.0135135,0.0405405,1.0,176163.0,1.0,1.06757,0.0,0.0675676,0.337838,3
1.0,65.0,0.0,0.0461538,0.846154,1.81538,0.0153846,0.0307692,1.0,61699.0,0.0,1.10769,0.0,0.107692,0.446154,4
1.0,148.0,0.0,0.0878378,0.756757,1.78378,0.0540541,0.0202703,1.0,177418.0,1.0,1.08108,0.0,0.101351,0.412162,4
1.0,153.0,0.0,0.0915033,0.751634,1.79085,0.0522876,0.0196078,1.0,3.0,1.0,1.07843,0.0,0.0980392,0.411765,1
1.0,19.0,0.0,0.0526316,0.631579,1.68421,0.210526,0.0,1.0,59841228.0,1.0,1.10526,0.0,0.0526316,0.368421,2
1.0,0.0,0.0,0.0,0.0,0.0,0.0,0.0,1.0,489751952.0,0.0,0.0,0.0,0.0,0.0,3
1.0,37.0,0.0,0.108108,0.648649,1.72973,0.0540541,0.0540541,1.0,130.0,2.0,1.10811,0.0,0.162162,0.324324,3
2.0,37.0,0.0,0.108108,0.648649,1.72973,0.0540541,0.0540541,1.0,71830014.0,2.0,1.10811,0.0,0.162162,0.324324,3
1.0,18.0,0.0,0.166667,0.611111,1.61111,0.111111,0.0555556,1.0,2.0,0.0,1.05556,0.0,0.0555556,0.388889,7
1.0,33.0,0.0,0.242424,0.333333,2.0,0.0,0.0606061,1.0,1.0,0.0,0.757576,0.0,0.0606061,0.272727,3
1.0,29.0,0.0,0.0344828,0.965517,1.82759,0.0,0.0,1.0,4.0,0.0,1.10345,0.0,0.137931,0.482759,5
1.0,7.0,0.0,0.142857,0.857143,1.85714,0.0,0.0,1.0,4.0,0.0,0.857143,0.0,0.285714,0.285714,5
2.0,38.0,0.0,0.0789474,0.815789,1.81579,0.0,0.0263158,1.0,3022170.0,0.0,1.07895,0.0,0.0789474,0.447368,4
2.0,12.0,0.0,0.166667,0.75,1.75,0.0,0.0833333,1.0,3022170.0,0.0,1.08333,0.0,0.166667,0.416667,6
1.0,7.0,0.0,0.428571,0.571429,1.28571,0.0,0.0,1.0,596.0,0.0,0.857143,0.0,0.285714,0.285714,4
1.0,50.0,0.0,0.18,0.66,1.78,0.0,0.06,1.0,2.0,0.0,1.02,0.0,0.06,0.4,6
1.0,9.0,0.0,0.111111,0.888889,1.77778,0.0,0.0,1.0,2.0,0.0,1.0,0.0,0.111111,0.444444,6
1.0,14.0,0.0,0.285714,0.642857,1.78571,0.0,0.0714286,1.0,2.0,0.0,0.785714,0.0,0.142857,0.285714,4
1.0,12.0,0.0,0.166667,0.5,1.75,0.0,0.0833333,1.0,2393292.0,0.0,1.08333,0.0,0.0,0.333333,4
1.0,54.0,0.0,0.222222,0.555556,1.74074,0.0,0.0925926,1.0,2.0,0.0,1.03704,0.0,0.037037,0.407407,4
1.0,38.0,0.0,0.210526,0.657895,1.92105,0.0,0.0526316,1.0,2.0,0.0,1.0,0.0,0.0263158,0.421053,4
3.0,6.0,0.0,0.333333,0.5,1.83333,0.0,0.166667,1.0,5985.0,0.0,0.833333,0.0,0.0,0.333333,5
2.0,42.0,0.0,0.190476,0.666667,1.78571,0.0,0.047619,1.0,396.0,0.0,1.0,0.0,0.0714286,0.404762,5
1.0,12.0,0.0,0.333333,0.5,1.66667,0.0,0.0833333,1.0,1.0,0.0,0.833333,0.0,0.0833333,0.333333,5
2.0,0.0,0.0,0.0,0.0,0.0,0.0,0.0,1.0,13925980.0,0.0,0.0,0.0,0.0,0.0,3
2.0,0.0,0.0,0.0,0.0,0.0,0.0,0.0,1.0,13925980.0,0.0,0.0,0.0,0.0,0.0,3
1.0,32.0,0.0,0.1875,0.6875,1.65625,0.0,0.0625,1.0,4962334.0,1.0,1.09375,0.0,0.15625,0.40625,3
2.0,58.0,0.0,0.137931,0.706897,1.77586,0.0,0.0517241,1.0,273602.0,0.0,0.982759,0.0,0.0862069,0.413793,6
1.0,15.0,0.0,0.266667,0.466667,1.8,0.0,0.2,1.0,118647.0,0.0,0.733333,0.0,0.133333,0.333333,6
1.0,6.0,0.0,0.166667,0.833333,1.83333,0.0,0.0,1.0,2.0,1.0,1.0,0.0,0.166667,0.333333,1
1.0,75.0,0.0,0.146667,0.693333,1.8,0.0,0.0666667,351.0,118645.0,0.0,1.05333,0.0,0.08,0.413333,3
1.0,120.0,0.0,0.175,0.716667,1.675,0.0,0.0333333,1.0,118645.0,0.0,1.025,0.0,0.116667,0.45,4
1.0,159.0,0.0,0.169811,0.660377,1.73585,0.0251572,0.0188679,1.0,2.0,0.0,1.14465,0.0,0.163522,0.408805,3
1.0,48.0,0.0,0.0208333,0.979167,1.85417,0.0,0.0,1.0,1.0,0.0,1.10417,0.0,0.270833,0.395833,1
1.0,10.0,0.0,0.3,0.6,1.8,0.0,0.1,1.0,1.0,0.0,0.8,0.0,0.1,0.3,1
1.0,7.0,0.0,0.142857,0.857143,1.85714,0.0,0.0,1.0,1.0,0.0,0.857143,0.0,0.285714,0.285714,8
1.0,43.0,0.0,0.162791,0.604651,1.7907,0.0,0.0232558,1.0,1.0,0.0,0.976744,0.0,0.0465116,0.325581,1
1.0,60.0,0.0,0.0333333,0.9,1.93333,0.0,0.0166667,1.0,1.0,0.0,1.23333,0.0,0.133333,0.45,1
1.0,238.0,0.0,0.0252101,0.89916,1.81092,0.0168067,0.00840336,1.0,1.0,0.0,1.19748,0.0,0.138655,0.445378,1
1.0,7.0,0.0,0.142857,0.714286,1.57143,0.0,0.0,1.0,116028.0,0.0,1.14286,0.0,0.142857,0.428571,7
1.0,7.0,0.0,0.142857,0.714286,1.57143,0.0,0.0,1.0,116028.0,0.0,1.14286,0.0,0.142857,0.428571,2
1.0,90.0,0.0,0.111111,0.777778,1.76667,0.0222222,0.0222222,1.0,118645.0,0.0,1.07778,0.0,0.122222,0.422222,3
2.0,7.0,0.0,0.142857,0.714286,1.85714,0.0,0.142857,1.0,1333506.0,0.0,1.14286,0.0,0.142857,0.428571,3
1.0,3.0,0.0,1.0,0.0,1.0,0.0,0.0,1.0,118645.0,0.0,0.0,0.0,0.0,0.0,3
2.0,72.0,0.0,0.138889,0.708333,1.72222,0.0138889,0.0277778,1.0,11970.0,0.0,1.20833,0.0,0.0694444,0.5,3
1.0,53.0,0.0,0.113208,0.792453,1.75472,0.0188679,0.0377358,1.0,2.0,0.0,1.07547,0.0,0.113208,0.415094,3
1.0,9.0,0.0,0.333333,0.444444,1.77778,0.0,0.111111,1.0,2.0,0.0,0.777778,0.0,0.0,0.222222,1
1.0,70.0,0.0,0.171429,0.685714,1.75714,0.0285714,0.0285714,1.0,1.0,0.0,1.02857,0.0,0.0857143,0.4,6
2.0,253.0,0.0,0.0750988,0.660079,1.40711,0.150198,0.00790514,1.0,15683635.0,0.0,1.2332,0.0,0.0711462,0.438735,8
2.0,19.0,0.0,0.157895,0.631579,1.42105,0.105263,0.0526316,1.0,15683635.0,0.0,1.21053,0.0,0.105263,0.421053,7
1.0,334.0,0.0,0.0508982,0.778443,1.53593,0.107784,0.00299401,1.0,45000.0,0.0,1.17964,0.0,0.107784,0.419162,8
1.0,22.0,0.0,0.0454545,0.818182,1.40909,0.136364,0.0,1.0,45000.0,0.0,1.09091,0.0,0.136364,0.409091,8
1.0,42.0,0.0,0.119048,0.595238,1.61905,0.142857,0.0238095,1.0,5.0,0.0,1.14286,0.0,0.047619,0.380952,7
1.0,8.0,0.0,0.125,0.75,1.5,0.125,0.0,1.0,1.0,0.0,1.0,0.0,0.125,0.375,7
1.0,77.0,0.0649351,0.0519481,0.701299,1.5974,0.0909091,0.025974,1.0,1.0,0.0,1.19481,0.0,0.038961,0.454545,6
1.0,43.0,0.0232558,0.0232558,0.767442,1.86047,0.0930233,0.0,1.0,1.0,4.0,1.2093,0.0,0.0232558,0.44186,6
1.0,8.0,0.0,0.125,0.75,1.5,0.125,0.0,1.0,1.0,0.0,1.0,0.0,0.125,0.375,6
2.0,45.0,0.0222222,0.0222222,0.688889,1.46667,0.155556,0.0,1.0,1.0,0.0,1.24444,0.0,0.0666667,0.444444,1
1.0,156.0,0.0769231,0.134615,0.435897,1.64103,0.147436,0.025641,1.0,1.0,0.0,1.1859,0.0,0.0769231,0.333333,6
1.0,30.0,0.0,0.1,0.733333,1.56667,0.0666667,0.0333333,1.0,1.0,0.0,1.16667,0.0,0.0666667,0.466667,6
1.0,34.0,0.147059,0.117647,0.5,1.44118,0.147059,0.0294118,1.0,1.0,0.0,1.17647,0.0,0.0882353,0.352941,7
1.0,27.0,0.148148,0.148148,0.518519,1.7037,0.111111,0.0740741,1.0,1.0,0.0,1.33333,0.0,0.0740741,0.444444,6
1.0,98.0,0.183673,0.0408163,0.530612,1.39796,0.193878,0.0102041,1.0,6.0,0.0,1.26531,0.0,0.0612245,0.387755,6
1.0,53.0,0.0,0.150943,0.603774,1.67925,0.0377358,0.0377358,1.0,1.0,0.0,1.07547,0.0,0.0566038,0.433962,7
1.0,107.0,0.0,0.11215,0.53271,1.83178,0.102804,0.0186916,1.0,1.0,2.0,1.09346,0.0,0.046729,0.373832,8
1.0,660.0,0.0,0.215152,0.459091,1.62121,0.112121,0.00454545,1.0,1.0,0.0,0.986364,0.0,0.0939394,0.310606,8
2.0,0.0,0.0,0.0,0.0,0.0,0.0,0.0,1.0,45000.0,0.0,0.0,0.0,0.0,0.0,8
1.0,53.0,0.0188679,0.188679,0.603774,1.77358,0.0,0.0566038,1.0,1.0,0.0,1.18868,0.0,0.113208,0.45283,8
1.0,4.0,0.0,0.25,0.25,3.0,0.0,0.25,1.0,2.0,0.0,1.0,0.0,0.0,0.0,7
2.0,24.0,0.0,0.0833333,0.666667,1.70833,0.125,0.0416667,1.0,20.0,1.0,1.16667,0.0,0.0833333,0.375,8
2.0,24.0,0.0,0.0833333,0.666667,1.70833,0.125,0.0416667,1.0,18.0,1.0,1.16667,0.0,0.0833333,0.375,8
2.0,25.0,0.0,0.16,0.6,1.72,0.08,0.08,1.0,20.0,0.0,1.08,0.0,0.08,0.36,7
1.0,133.0,0.0,0.165414,0.571429,1.95489,0.037594,0.0225564,1.0,2.0,0.0,1.07519,0.0,0.105263,0.293233,7
2.0,19.0,0.0526316,0.105263,0.473684,1.73684,0.210526,0.0526316,1.0,2.0,0.0,1.05263,0.0,0.105263,0.263158,7
3.0,17.0,0.0,0.117647,0.588235,1.88235,0.117647,0.0588235,1.0,8.0,0.0,1.11765,0.0,0.117647,0.294118,8
2.0,3.0,0.0,0.666667,0.333333,1.33333,0.0,0.0,1.0,2.0,0.0,0.333333,0.0,0.333333,0.0,7
1.0,427.0,0.00468384,0.215457,0.477752,2.12412,0.0257611,0.00468384,1.0,2.0,0.0,0.960187,0.0,0.0913349,0.154567,7
2.0,21.0,0.0,0.047619,0.714286,1.61905,0.142857,0.0,1.0,10.0,0.0,1.19048,0.0,0.0,0.47619,6
2.0,30.0,0.0,0.133333,0.633333,1.63333,0.1,0.0333333,1.0,10.0,0.0,1.1,0.0,0.0,0.433333,6
2.0,24.0,0.0,0.166667,0.583333,1.625,0.0833333,0.0416667,1.0,10.0,0.0,1.04167,0.0,0.0,0.416667,7
1.0,90.0,0.0,0.133333,0.577778,1.73333,0.0777778,0.0111111,8.0,1.0,0.0,1.02222,0.0,0.0333333,0.4,7
1.0,8.0,0.0,0.125,0.5,1.625,0.25,0.0,1.0,1.0,0.0,1.0,0.0,0.0,0.375,8
1.0,13.0,0.0769231,0.0769231,0.538462,1.76923,0.153846,0.0,1.0,1.0,0.0,1.07692,0.0,0.0,0.384615,6
2.0,13.0,0.0,0.0769231,0.615385,1.84615,0.153846,0.0,1.0,4.0,0.0,1.15385,0.0,0.0,0.384615,6
1.0,3.0,0.0,0.666667,0.333333,1.33333,0.0,0.0,3.0,1.0,0.0,0.333333,0.0,0.333333,0.0,6
1.0,0.0,0.0,0.0,0.0,0.0,0.0,0.0,5.0,1.0,0.0,0.0,0.0,0.0,0.0,6
1.0,17.0,0.0,0.176471,0.529412,1.64706,0.176471,0.0588235,1.0,1.0,0.0,0.882353,0.0,0.0588235,0.294118,6
1.0,10.0,0.0,0.1,0.8,1.5,0.1,0.0,1.0,2.0,0.0,1.0,0.0,0.1,0.4,7
1.0,18.0,0.0,0.0555556,0.777778,1.5,0.111111,0.0,1.0,2.0,0.0,1.16667,0.0,0.0555556,0.444444,7
1.0,36.0,0.0,0.0277778,0.777778,1.52778,0.111111,0.0,1.0,2.0,0.0,1.19444,0.0,0.0555556,0.444444,7
1.0,54.0,0.0,0.0555556,0.759259,1.55556,0.111111,0.0185185,8.0,2.0,0.0,1.14815,0.0,0.0555556,0.425926,7
1.0,20.0,0.0,0.15,0.6,1.65,0.05,0.05,1.0,1.0,0.0,1.05,0.0,0.0,0.45,8
1.0,12.0,0.0,0.0833333,0.5,1.33333,0.25,0.0,5.0,1.0,0.0,1.16667,0.0,0.0833333,0.333333,8
1.0,156.0,0.0769231,0.128205,0.519231,1.49359,0.198718,0.0128205,1.0,1.0,0.0,1.05128,0.0,0.0320513,0.333333,7
1.0,177.0,0.0734463,0.118644,0.514124,1.52542,0.186441,0.0169492,1.0,1.0,0.0,1.0565,0.0,0.0338983,0.327684,7
1.0,149.0,0.0,0.00671141,0.852349,1.58389,0.0939597,0.0,1.0,1.0,0.0,1.16779,0.0,0.0469799,0.489933,8
2.0,66.0,0.0,0.0454545,0.757576,1.5303,0.151515,0.0151515,1.0,10.0,2.0,1.19697,0.0,0.030303,0.469697,7
2.0,54.0,0.0,0.0555556,0.777778,1.64815,0.111111,0.0185185,1.0,10.0,2.0,1.2037,0.0,0.037037,0.462963,8
1.0,6.0,0.0,0.5,0.5,1.33333,0.0,0.0,1.0,1.0,0.0,0.5,0.0,0.333333,0.166667,8
1.0,61.0,0.114754,0.0983607,0.540984,1.42623,0.196721,0.0327869,1.0,76.0,0.0,1.16393,0.0,0.0327869,0.377049,7
1.0,8.0,0.0,0.125,0.625,2.0,0.125,0.0,1.0,2.0,0.0,1.0,0.0,0.0,0.25,7
1.0,58.0,0.0517241,0.0172414,0.724138,1.58621,0.137931,0.0,1.0,2.0,0.0,1.17241,0.0,0.0344828,0.448276,8
1.0,10.0,0.0,0.1,0.7,1.5,0.1,0.0,1.0,2.0,0.0,1.0,0.0,0.0,0.5,8
1.0,10.0,0.0,0.1,0.7,1.5,0.1,0.0,5.0,2.0,0.0,1.0,0.0,0.0,0.5,8
1.0,10.0,0.0,0.1,0.7,1.4,0.2,0.0,1.0,1.0,1.0,1.1,0.0,0.1,0.4,7
1.0,12.0,0.0,0.0833333,0.666667,1.66667,0.25,0.0,1.0,1.0,0.0,1.0,0.0,0.166667,0.25,1
1.0,8.0,0.0,0.125,0.375,1.875,0.375,0.0,1.0,1.0,0.0,0.875,0.0,0.0,0.25,8
1.0,0.0,0.0,0.0,0.0,0.0,0.0,0.0,1.0,4.0,0.0,0.0,0.0,0.0,0.0,8
1.0,14.0,0.0,0.0714286,0.571429,1.35714,0.214286,0.0,1.0,45000.0,0.0,1.14286,0.0,0.0714286,0.357143,8
1.0,13.0,0.230769,0.0769231,0.615385,1.53846,0.0769231,0.0,1.0,1.0,0.0,1.23077,0.0,0.153846,0.384615,6
1.0,64.0,0.296875,0.0625,0.5625,1.51562,0.0625,0.03125,1.0,1.0,0.0,1.35938,0.0,0.140625,0.421875,3
1.0,70.0,0.0,0.1,0.614286,1.55714,0.0428571,0.0142857,1.0,1.0,1.0,1.08571,0.0,0.142857,0.428571,1
2.0,7.0,0.142857,0.285714,0.428571,1.57143,0.0,0.142857,1.0,1945.0,0.0,0.571429,0.0,0.142857,0.285714,7
1.0,0.0,0.0,0.0,0.0,0.0,0.0,0.0,1.0,1488.0,0.0,0.0,0.0,0.0,0.0,8
1.0,1.0,0.0,1.0,0.0,1.0,0.0,0.0,65.0,1488.0,0.0,0.0,0.0,0.0,0.0,8
2.0,7.0,0.142857,0.285714,0.428571,1.57143,0.0,0.142857,1.0,3948.0,0.0,0.571429,0.0,0.142857,0.285714,7
1.0,19.0,0.263158,0.105263,0.578947,1.47368,0.0,0.0,1.0,46027.0,0.0,0.736842,0.0,0.157895,0.368421,8
1.0,13.0,0.153846,0.153846,0.615385,1.46154,0.0769231,0.0769231,1.0,15683635.0,0.0,1.23077,0.0,0.0769231,0.461538,8
1.0,17.0,0.0,0.117647,0.411765,1.41176,0.235294,0.0588235,1.0,10.0,0.0,1.0,0.0,0.0,0.294118,7
1.0,8.0,0.0,0.125,0.5,1.25,0.25,0.0,1.0,2.0,0.0,1.0,0.0,0.125,0.375,8
1.0,13.0,0.0,0.0769231,0.692308,1.38462,0.153846,0.0,1.0,45000.0,0.0,1.23077,0.0,0.0769231,0.461538,8
1.0,12.0,0.0,0.0833333,0.416667,1.41667,0.25,0.0833333,1.0,3.0,0.0,1.0,0.0,0.0,0.333333,7
1.0,65.0,0.0,0.246154,0.384615,1.52308,0.138462,0.0307692,1.0,2.0,0.0,0.923077,0.0,0.0461538,0.307692,8
1.0,9.0,0.111111,0.111111,0.666667,1.33333,0.111111,0.0,1.0,20.0,0.0,1.22222,0.0,0.111111,0.444444,7
1.0,9.0,0.111111,0.111111,0.666667,1.33333,0.111111,0.0,1.0,104.0,0.0,1.22222,0.0,0.111111,0.444444,7
1.0,9.0,0.111111,0.111111,0.666667,1.33333,0.111111,0.0,1.0,84.0,0.0,1.22222,0.0,0.111111,0.444444,7
1.0,71.0,0.0,0.0140845,0.774648,1.5493,0.112676,0.0,1.0,1.0,0.0,1.19718,0.0,0.056338,0.43662,7
1.0,71.0,0.0,0.0140845,0.774648,1.5493,0.112676,0.0,1.0,8.0,0.0,1.19718,0.0,0.056338,0.43662,8
1.0,1.0,0.0,1.0,0.0,1.0,0.0,0.0,1.0,886.0,0.0,0.0,0.0,0.0,0.0,5
1.0,10.0,0.0,0.2,0.5,1.6,0.1,0.1,1.0,145167.0,0.0,1.0,0.0,0.0,0.4,6
1.0,1.0,0.0,1.0,0.0,1.0,0.0,0.0,1.0,31195.0,0.0,0.0,0.0,0.0,0.0,8
1.0,1.0,0.0,1.0,0.0,1.0,0.0,0.0,1.0,170.0,0.0,0.0,0.0,0.0,0.0,1
1.0,1.0,0.0,1.0,0.0,1.0,0.0,0.0,1.0,7294.0,0.0,0.0,0.0,0.0,0.0,6
1.0,1.0,0.0,1.0,0.0,1.0,0.0,0.0,1.0,12136.0,0.0,0.0,0.0,0.0,0.0,6
1.0,1.0,0.0,1.0,0.0,1.0,0.0,0.0,1.0,14930.0,0.0,0.0,0.0,0.0,0.0,6
1.0,1.0,0.0,1.0,0.0,1.0,0.0,0.0,1.0,8953.0,0.0,0.0,0.0,0.0,0.0,8
2.0,9.0,0.0,0.333333,0.333333,2.0,0.0,0.222222,1.0,3897530.0,0.0,1.0,0.0,0.0,0.333333,4
1.0,1.0,0.0,1.0,0.0,1.0,0.0,0.0,1.0,2063.0,0.0,0.0,0.0,0.0,0.0,6
1.0,1.0,0.0,1.0,0.0,1.0,0.0,0.0,1.0,1977.0,0.0,0.0,0.0,0.0,0.0,8
1.0,1.0,0.0,1.0,0.0,1.0,0.0,0.0,1.0,300174.0,0.0,0.0,0.0,0.0,0.0,8
1.0,1.0,0.0,1.0,0.0,1.0,0.0,0.0,1.0,51.0,0.0,0.0,0.0,0.0,0.0,6
1.0,1.0,0.0,1.0,0.0,1.0,0.0,0.0,1.0,29718.0,0.0,0.0,0.0,0.0,0.0,8
1.0,1.0,0.0,1.0,0.0,1.0,0.0,0.0,1.0,29.0,0.0,0.0,0.0,0.0,0.0,1
1.0,1.0,0.0,1.0,0.0,1.0,0.0,0.0,1.0,153361.0,0.0,0.0,0.0,0.0,0.0,8
1.0,1.0,0.0,1.0,0.0,1.0,0.0,0.0,1.0,100.0,0.0,0.0,0.0,0.0,0.0,5
1.0,1.0,0.0,1.0,0.0,1.0,0.0,0.0,1.0,15843.0,0.0,0.0,0.0,0.0,0.0,8
1.0,20.0,0.0,0.2,0.6,1.55,0.1,0.05,1.0,1181246.0,0.0,1.05,0.0,0.15,0.35,4
1.0,1.0,0.0,1.0,0.0,1.0,0.0,0.0,1.0,97.0,0.0,0.0,0.0,0.0,0.0,1
1.0,1.0,0.0,1.0,0.0,1.0,0.0,0.0,1.0,12763.0,0.0,0.0,0.0,0.0,0.0,8
1.0,1.0,0.0,1.0,0.0,1.0,0.0,0.0,1.0,13.0,0.0,0.0,0.0,0.0,0.0,1
1.0,1.0,0.0,1.0,0.0,1.0,0.0,0.0,1.0,26552.0,0.0,0.0,0.0,0.0,0.0,8
1.0,1.0,0.0,1.0,0.0,1.0,0.0,0.0,1.0,844.0,0.0,0.0,0.0,0.0,0.0,8
1.0,1.0,0.0,1.0,0.0,1.0,0.0,0.0,1.0,207.0,0.0,0.0,0.0,0.0,0.0,5
1.0,10.0,0.0,0.2,0.5,1.6,0.1,0.1,1.0,326800.0,0.0,1.0,0.0,0.0,0.4,6
1.0,1.0,0.0,1.0,0.0,1.0,0.0,0.0,1.0,320.0,0.0,0.0,0.0,0.0,0.0,4
1.0,1.0,0.0,1.0,0.0,1.0,0.0,0.0,1.0,32002.0,0.0,0.0,0.0,0.0,0.0,8
1.0,1.0,0.0,1.0,0.0,1.0,0.0,0.0,1.0,15186.0,0.0,0.0,0.0,0.0,0.0,6
1.0,12.0,0.0,0.166667,0.5,1.66667,0.166667,0.0833333,1.0,2055347.0,0.0,1.0,0.0,0.0,0.333333,8
1.0,1.0,0.0,1.0,0.0,1.0,0.0,0.0,1.0,6076.0,0.0,0.0,0.0,0.0,0.0,6
1.0,1.0,0.0,1.0,0.0,1.0,0.0,0.0,1.0,210.0,0.0,0.0,0.0,0.0,0.0,3
1.0,1.0,0.0,1.0,0.0,1.0,0.0,0.0,1.0,6014.0,0.0,0.0,0.0,0.0,0.0,6
1.0,1.0,0.0,1.0,0.0,1.0,0.0,0.0,1.0,624.0,0.0,0.0,0.0,0.0,0.0,5
1.0,1.0,0.0,1.0,0.0,1.0,0.0,0.0,1.0,27096.0,0.0,0.0,0.0,0.0,0.0,8
1.0,42.0,0.0,0.214286,0.5,1.71429,0.119048,0.0238095,1.0,2.0,0.0,0.97619,0.0,0.0714286,0.309524,2
2.0,4.0,0.0,0.25,0.5,1.5,0.0,0.0,1.0,29487416.0,0.0,1.0,0.0,0.25,0.25,8
2.0,9.0,0.0,0.333333,0.333333,2.0,0.0,0.222222,1.0,10131880.0,0.0,1.0,0.0,0.0,0.333333,4
1.0,9.0,0.0,0.222222,0.555556,1.44444,0.111111,0.0,5.0,7371854.0,0.0,1.0,0.0,0.111111,0.333333,4
2.0,4.0,0.0,0.25,0.5,1.5,0.0,0.0,1.0,15508584.0,0.0,1.0,0.0,0.25,0.25,8
1.0,9.0,0.0,0.222222,0.555556,1.44444,0.111111,0.0,5.0,3877146.0,0.0,1.0,0.0,0.111111,0.333333,6
1.0,1403.0,0.0,0.150392,0.509622,1.73272,0.109052,0.00427655,1.0,1366005.0,0.0,1.07341,0.0,0.0705631,0.306486,4
1.0,132.0,0.0,0.143939,0.530303,1.68939,0.159091,0.030303,1.0,1366005.0,2.0,1.03788,0.0,0.0757576,0.30303,1
1.0,9.0,0.0,0.111111,0.666667,1.66667,0.222222,0.0,12.0,1366005.0,0.0,1.11111,0.0,0.222222,0.222222,8
1.0,27.0,0.0,0.222222,0.518519,1.66667,0.0740741,0.0740741,1.0,2706118.0,0.0,1.03704,0.0,0.111111,0.333333,4
2.0,9.0,0.0,0.333333,0.333333,2.0,0.0,0.222222,1.0,3293679.0,0.0,1.0,0.0,0.0,0.333333,4
1.0,23.0,0.0,0.173913,0.608696,1.56522,0.130435,0.0434783,1.0,1156007.0,0.0,1.04348,0.0,0.130435,0.347826,4
1.0,12.0,0.0,0.166667,0.5,1.66667,0.166667,0.0833333,1.0,1193238.0,0.0,1.0,0.0,0.0,0.333333,8
1.0,529.0,0.0,0.119093,0.582231,1.65406,0.143667,0.0094518,1.0,131.0,11.0,1.05671,0.0,0.0567108,0.353497,1
2.0,9.0,0.0,0.333333,0.333333,2.0,0.0,0.222222,1.0,5075680.0,0.0,1.0,0.0,0.0,0.333333,4
1.0,405.0,0.0,0.111111,0.592593,1.64938,0.145679,0.00740741,1.0,1615497.0,7.0,1.07407,0.0,0.0567901,0.358025,4
2.0,17.0,0.0,0.0588235,0.470588,1.82353,0.352941,0.0,1.0,61.0,0.0,1.0,0.0,0.0,0.235294,3
1.0,95.0,0.0,0.168421,0.536842,1.78947,0.0947368,0.0421053,1.0,1238729.0,1.0,1.08421,0.0,0.105263,0.326316,6
1.0,19.0,0.0,0.157895,0.684211,1.36842,0.105263,0.0526316,1.0,8008480.0,0.0,1.15789,0.0,0.105263,0.473684,6
2.0,17.0,0.0,0.0588235,0.470588,1.82353,0.352941,0.0,1.0,354.0,0.0,1.0,0.0,0.0,0.235294,7
1.0,386.0,0.0,0.168394,0.497409,1.84197,0.0829016,0.015544,1.0,376877.0,1.0,1.03109,0.0,0.0803109,0.30829,4
1.0,22.0,0.0,0.227273,0.454545,2.0,0.0,0.0909091,1.0,119487.0,0.0,1.09091,0.0,0.0454545,0.272727,4
2.0,17.0,0.0,0.0588235,0.470588,1.82353,0.352941,0.0,1.0,4.0,0.0,1.0,0.0,0.0,0.235294,2
1.0,27.0,0.0,0.222222,0.518519,1.66667,0.0740741,0.0740741,1.0,1350052.0,0.0,1.03704,0.0,0.111111,0.333333,8
2.0,17.0,0.0,0.0588235,0.470588,1.82353,0.352941,0.0,1.0,18.0,0.0,1.0,0.0,0.0,0.235294,5
2.0,17.0,0.0,0.0588235,0.470588,1.82353,0.352941,0.0,1.0,27.0,0.0,1.0,0.0,0.0,0.235294,3
1.0,651.0,0.0,0.121352,0.542243,1.82949,0.168971,0.00921659,1.0,22.0,10.0,0.99232,0.0,0.0675883,0.311828,4
2.0,19.0,0.0,0.157895,0.578947,2.0,0.0,0.0526316,1.0,2.0,0.0,1.10526,0.0,0.105263,0.315789,3
3.0,9.0,0.0,0.111111,0.444444,2.0,0.333333,0.0,1.0,600.0,0.0,1.0,0.0,0.0,0.222222,8
2.0,3.0,0.0,0.666667,0.333333,1.33333,0.0,0.0,1.0,2.0,0.0,0.333333,0.0,0.333333,0.0,6
2.0,28.0,0.0,0.0357143,0.535714,2.07143,0.321429,0.0,1.0,2.0,0.0,0.964286,0.0,0.107143,0.214286,6
3.0,13.0,0.0,0.0769231,0.692308,1.69231,0.230769,0.0,301.0,21.0,0.0,0.923077,0.0,0.230769,0.230769,1
2.0,151.0,0.0198675,0.238411,0.370861,1.88742,0.0860927,0.0463576,301.0,2.0,0.0,0.81457,0.0,0.0927152,0.278146,4
1.0,414.0,0.0120773,0.316425,0.355072,1.86232,0.0410628,0.0120773,1.0,2.0,0.0,0.644928,0.0,0.101449,0.241546,4
1.0,52.0,0.0,0.115385,0.673077,1.71154,0.115385,0.0192308,1.0,3522485.0,0.0,1.09615,0.0,0.153846,0.326923,4
2.0,17.0,0.0,0.411765,0.294118,1.88235,0.0,0.117647,1.0,11416293.0,0.0,0.882353,0.0,0.0,0.294118,8
1.0,71.0,0.0,0.211268,0.549296,1.71831,0.084507,0.028169,1.0,3522485.0,0.0,1.0,0.0,0.112676,0.295775,6
2.0,17.0,0.0,0.411765,0.294118,1.88235,0.0,0.117647,1.0,13627836.0,0.0,0.882353,0.0,0.0,0.294118,4
1.0,55.0,0.0,0.163636,0.636364,1.67273,0.109091,0.0181818,9.0,3522485.0,0.0,1.03636,0.0,0.145455,0.309091,4
1.0,32.0,0.0,0.09375,0.625,1.71875,0.1875,0.03125,1.0,3169096.0,0.0,1.09375,0.0,0.0625,0.3125,8
1.0,122.0,0.0,0.106557,0.47541,1.66393,0.172131,0.0409836,1.0,2480995.0,0.0,1.13934,0.0,0.0491803,0.303279,4
2.0,9.0,0.0,0.111111,0.555556,1.55556,0.222222,0.0,9.0,14.0,0.0,1.0,0.0,0.111111,0.222222,2
1.0,3.0,0.0,0.666667,0.333333,1.33333,0.0,0.0,9.0,1.0,0.0,0.333333,0.0,0.333333,0.0,3
1.0,27.0,0.0,0.148148,0.555556,1.66667,0.185185,0.037037,1.0,5.0,0.0,0.962963,0.0,0.037037,0.333333,3
1.0,12.0,0.0,0.166667,0.5,2.33333,0.0,0.0833333,1.0,22.0,0.0,1.16667,0.0,0.0,0.25,8
1.0,47.0,0.0,0.12766,0.617021,2.0,0.106383,0.0425532,145.0,872.0,0.0,1.10638,0.0,0.0,0.319149,2
2.0,23.0,0.0,0.130435,0.521739,1.69565,0.130435,0.0434783,15.0,16.0,0.0,1.08696,0.0,0.0434783,0.347826,2
1.0,10.0,0.0,0.2,0.5,1.8,0.0,0.0,145.0,2.0,0.0,1.0,0.0,0.1,0.4,6
1.0,53.0,0.0,0.132075,0.603774,1.66038,0.169811,0.0377358,13.0,3.0,0.0,0.90566,0.0,0.113208,0.320755,4
1.0,15.0,0.0,0.2,0.533333,1.66667,0.2,0.0666667,9.0,3.0,0.0,0.933333,0.0,0.0666667,0.266667,1
1.0,5.0,0.0,0.2,0.4,1.8,0.2,0.0,1.0,21.0,0.0,0.8,0.0,0.0,0.2,2
1.0,18.0,0.0,0.0555556,0.444444,2.16667,0.222222,0.0,1.0,21.0,0.0,1.11111,0.0,0.0,0.222222,8
1.0,5.0,0.0,0.2,0.4,1.8,0.2,0.0,1.0,37.0,0.0,0.8,0.0,0.0,0.2,1
1.0,15.0,0.0,0.0666667,0.4,2.26667,0.266667,0.0,1.0,37.0,0.0,1.06667,0.0,0.0,0.133333,4
1.0,1.0,0.0,1.0,0.0,1.0,0.0,0.0,1.0,1.0,0.0,0.0,0.0,0.0,0.0,2
1.0,21.0,0.0,0.047619,0.52381,1.71429,0.047619,0.047619,145.0,4.0,0.0,1.2381,0.0,0.142857,0.285714,7
1.0,21.0,0.0,0.047619,0.52381,1.71429,0.047619,0.047619,1.0,4.0,0.0,1.2381,0.0,0.142857,0.285714,1
1.0,21.0,0.0,0.285714,0.428571,1.66667,0.047619,0.0952381,1.0,43899.0,0.0,0.952381,0.0,0.047619,0.333333,4
1.0,14.0,0.0,0.285714,0.428571,1.64286,0.0714286,0.142857,1.0,207575.0,0.0,0.928571,0.0,0.0,0.357143,8
2.0,0.0,0.0,0.0,0.0,0.0,0.0,0.0,1.0,2.0,0.0,0.0,0.0,0.0,0.0,1
2.0,0.0,0.0,0.0,0.0,0.0,0.0,0.0,1.0,2.0,0.0,0.0,0.0,0.0,0.0,1
2.0,19.0,0.0,0.263158,0.631579,2.05263,0.105263,0.0,1.0,2.0,0.0,0.421053,0.0,0.421053,0.157895,1
2.0,0.0,0.0,0.0,0.0,0.0,0.0,0.0,1.0,2.0,0.0,0.0,0.0,0.0,0.0,2
2.0,9.0,0.0,0.111111,0.555556,1.55556,0.111111,0.0,1.0,37.0,0.0,1.11111,0.0,0.111111,0.333333,3
1.0,289.0,0.0,0.197232,0.512111,1.61592,0.131488,0.00692042,1.0,2.0,0.0,0.958478,0.0,0.131488,0.290657,4
1.0,18.0,0.0,0.0555556,0.388889,2.22222,0.0,0.111111,1.0,1.0,0.0,0.777778,0.0,0.0555556,0.166667,4
2.0,281.0,0.0,0.0569395,0.551601,1.62278,0.213523,0.00355872,145.0,144.0,5.0,1.1032,0.0,0.0177936,0.338078,2
1.0,3.0,0.0,0.666667,0.333333,1.33333,0.0,0.0,145.0,1.0,0.0,0.333333,0.0,0.333333,0.0,2
2.0,53.0,0.0,0.0754717,0.566038,1.62264,0.188679,0.0188679,65.0,64.0,0.0,1.15094,0.0,0.0754717,0.339623,1
1.0,3.0,0.0,0.666667,0.333333,1.33333,0.0,0.0,65.0,1.0,0.0,0.333333,0.0,0.333333,0.0,1
1.0,1.0,0.0,1.0,0.0,1.0,0.0,0.0,1.0,27379.0,0.0,0.0,0.0,0.0,0.0,8
1.0,1.0,0.0,1.0,0.0,1.0,0.0,0.0,1.0,1584.0,0.0,0.0,0.0,0.0,0.0,8
1.0,1.0,0.0,1.0,0.0,1.0,0.0,0.0,1.0,54093.0,0.0,0.0,0.0,0.0,0.0,5
1.0,1.0,0.0,1.0,0.0,1.0,0.0,0.0,1.0,135857.0,0.0,0.0,0.0,0.0,0.0,8
1.0,1.0,0.0,1.0,0.0,1.0,0.0,0.0,1.0,72321.0,0.0,0.0,0.0,0.0,0.0,4
1.0,1.0,0.0,1.0,0.0,1.0,0.0,0.0,1.0,1456.0,0.0,0.0,0.0,0.0,0.0,4
1.0,1.0,0.0,1.0,0.0,1.0,0.0,0.0,1.0,139211.0,0.0,0.0,0.0,0.0,0.0,8
1.0,1.0,0.0,1.0,0.0,1.0,0.0,0.0,1.0,1838.0,0.0,0.0,0.0,0.0,0.0,2
1.0,1.0,0.0,1.0,0.0,1.0,0.0,0.0,1.0,702.0,0.0,0.0,0.0,0.0,0.0,6
1.0,1.0,0.0,1.0,0.0,1.0,0.0,0.0,1.0,89833.0,0.0,0.0,0.0,0.0,0.0,6
1.0,1.0,0.0,1.0,0.0,1.0,0.0,0.0,1.0,61501.0,0.0,0.0,0.0,0.0,0.0,6
1.0,1.0,0.0,1.0,0.0,1.0,0.0,0.0,1.0,135275.0,0.0,0.0,0.0,0.0,0.0,4
1.0,1.0,0.0,1.0,0.0,1.0,0.0,0.0,1.0,1734.0,0.0,0.0,0.0,0.0,0.0,8
1.0,1.0,0.0,1.0,0.0,1.0,0.0,0.0,1.0,203894.0,0.0,0.0,0.0,0.0,0.0,4
1.0,1.0,0.0,1.0,0.0,1.0,0.0,0.0,1.0,5167.0,0.0,0.0,0.0,0.0,0.0,4
1.0,1.0,0.0,1.0,0.0,1.0,0.0,0.0,1.0,101488.0,0.0,0.0,0.0,0.0,0.0,4
2.0,496.0,0.0,0.219758,0.356855,1.76815,0.0685484,0.00403226,1.0,777809.0,0.0,0.860887,0.0,0.00806452,0.280242,6
2.0,496.0,0.0,0.219758,0.356855,1.76815,0.0685484,0.00403226,1.0,860558.0,0.0,0.860887,0.0,0.00806452,0.280242,6
1.0,73.0,0.0,0.39726,0.342466,1.86301,0.0,0.0273973,1.0,1638367.0,0.0,0.60274,0.0,0.0821918,0.260274,6
1.0,12.0,0.0,0.333333,0.416667,1.58333,0.0,0.0833333,1.0,19136185.0,0.0,0.833333,0.0,0.0833333,0.333333,8
1.0,1.0,0.0,1.0,0.0,1.0,0.0,0.0,1.0,132.0,0.0,0.0,0.0,0.0,0.0,5
1.0,1.0,0.0,1.0,0.0,1.0,0.0,0.0,1.0,3214.0,0.0,0.0,0.0,0.0,0.0,4
1.0,1.0,0.0,1.0,0.0,1.0,0.0,0.0,1.0,191455.0,0.0,0.0,0.0,0.0,0.0,8
1.0,1.0,0.0,1.0,0.0,1.0,0.0,0.0,1.0,1.0,0.0,0.0,0.0,0.0,0.0,1
1.0,1.0,0.0,1.0,0.0,1.0,0.0,0.0,1.0,13938.0,0.0,0.0,0.0,0.0,0.0,6
1.0,1.0,0.0,1.0,0.0,1.0,0.0,0.0,1.0,53.0,0.0,0.0,0.0,0.0,0.0,1
1.0,1.0,0.0,1.0,0.0,1.0,0.0,0.0,1.0,39545.0,0.0,0.0,0.0,0.0,0.0,8
1.0,1.0,0.0,1.0,0.0,1.0,0.0,0.0,1.0,1171.0,0.0,0.0,0.0,0.0,0.0,2
1.0,1.0,0.0,1.0,0.0,1.0,0.0,0.0,1.0,3206.0,0.0,0.0,0.0,0.0,0.0,6
1.0,1.0,0.0,1.0,0.0,1.0,0.0,0.0,1.0,22911.0,0.0,0.0,0.0,0.0,0.0,8
1.0,1.0,0.0,1.0,0.0,1.0,0.0,0.0,1.0,237.0,0.0,0.0,0.0,0.0,0.0,2
1.0,5.0,0.0,0.2,0.6,1.4,0.0,0.0,1.0,2.0,0.0,1.2,0.0,0.2,0.4,1
2.0,9.0,0.0,0.111111,0.666667,1.44444,0.0,0.0,1.0,11.0,0.0,1.33333,0.0,0.222222,0.444444,2
1.0,17.0,0.0,0.117647,0.588235,1.64706,0.0,0.0,1.0,1.0,0.0,1.29412,0.0,0.117647,0.470588,2
1.0,29.0,0.0,0.103448,0.586207,1.62069,0.206897,0.0344828,1.0,2181.0,0.0,1.10345,0.0,0.0344828,0.344828,2
1.0,44.0,0.0,0.113636,0.568182,1.63636,0.204545,0.0227273,1.0,7474.0,0.0,1.09091,0.0,0.0227273,0.340909,1
1.0,14.0,0.0,0.0714286,0.642857,1.57143,0.214286,0.0,1.0,3449.0,0.0,1.14286,0.0,0.0714286,0.357143,1
1.0,0.0,0.0,0.0,0.0,0.0,0.0,0.0,1.0,3.0,0.0,0.0,0.0,0.0,0.0,1
2.0,20.0,0.0,0.05,0.55,1.5,0.25,0.0,1.0,225280.0,0.0,1.2,0.0,0.05,0.35,2
1.0,59.0,0.0,0.0508475,0.644068,1.59322,0.186441,0.0169492,1.0,110.0,0.0,1.22034,0.0,0.118644,0.372881,2
1.0,34.0,0.0,0.0294118,0.529412,1.70588,0.0,0.0,1.0,11.0,0.0,1.41176,0.0,0.0,0.529412,1
1.0,76.0,0.0131579,0.0789474,0.75,1.77632,0.0789474,0.0263158,1.0,22.0,0.0,1.14474,0.0,0.0921053,0.355263,1
1.0,412.0,0.169903,0.0558252,0.674757,1.91505,0.0606796,0.00728155,1.0,22.0,0.0,1.23786,0.0,0.065534,0.288835,1
1.0,28.0,0.0,0.0357143,0.821429,1.82143,0.0714286,0.0,1.0,22.0,0.0,1.10714,0.0,0.107143,0.357143,2
1.0,90.0,0.0222222,0.1,0.611111,1.78889,0.144444,0.0333333,1.0,22.0,0.0,1.11111,0.0,0.0777778,0.3,7
1.0,12.0,0.0,0.0833333,0.75,1.66667,0.0833333,0.0,1.0,22.0,0.0,1.16667,0.0,0.0,0.5,4
1.0,8.0,0.0,0.125,0.75,1.5,0.125,0.0,1.0,22.0,0.0,1.0,0.0,0.125,0.375,4
1.0,21.0,0.0,0.047619,0.761905,1.47619,0.0,0.0,1.0,1.0,0.0,1.42857,0.0,0.285714,0.47619,2
1.0,27.0,0.0,0.111111,0.62963,1.77778,0.111111,0.037037,1.0,19284.0,0.0,1.03704,0.0,0.0740741,0.333333,7
1.0,1.0,0.0,1.0,0.0,1.0,0.0,0.0,1.0,2.0,0.0,0.0,0.0,0.0,0.0,1
1.0,56.0,0.107143,0.0892857,0.607143,1.80357,0.125,0.0178571,1.0,55.0,0.0,1.17857,0.0,0.0357143,0.303571,1
1.0,25.0,0.08,0.08,0.68,1.84,0.12,0.04,1.0,1.0,0.0,1.12,0.0,0.12,0.28,2
1.0,36.0,0.0277778,0.0833333,0.694444,1.75,0.111111,0.0277778,1.0,20.0,0.0,1.13889,0.0,0.0833333,0.333333,1
1.0,1.0,0.0,1.0,0.0,1.0,0.0,0.0,1.0,11.0,0.0,0.0,0.0,0.0,0.0,1
1.0,42.0,0.0,0.0952381,0.52381,1.69048,0.0238095,0.0238095,1.0,220.0,0.0,1.30952,0.0,0.0,0.52381,2
1.0,42.0,0.0,0.0952381,0.52381,1.69048,0.0238095,0.0238095,1.0,220.0,0.0,1.30952,0.0,0.0,0.52381,1
1.0,36.0,0.0,0.166667,0.472222,1.75,0.0555556,0.0277778,1.0,110.0,0.0,1.19444,0.0,0.0833333,0.388889,2
1.0,38.0,0.0,0.157895,0.473684,1.73684,0.0526316,0.0263158,1.0,110.0,0.0,1.21053,0.0,0.0789474,0.394737,2
1.0,17.0,0.0,0.176471,0.411765,1.70588,0.0588235,0.0588235,1.0,22.0,0.0,1.17647,0.0,0.0,0.411765,1
1.0,29.0,0.0,0.0344828,0.551724,1.72414,0.0344828,0.0,1.0,11.0,0.0,1.41379,0.0,0.0,0.551724,2
1.0,31.0,0.0,0.0322581,0.548387,1.70968,0.0322581,0.0,1.0,11.0,0.0,1.41935,0.0,0.0,0.548387,1
2.0,5.0,0.0,0.2,0.6,1.6,0.0,0.0,1.0,11.0,0.0,1.2,0.0,0.0,0.6,1
1.0,8.0,0.0,0.25,0.5,1.5,0.0,0.0,1.0,1.0,0.0,1.0,0.0,0.125,0.375,1
1.0,22.0,0.0,0.0454545,0.772727,1.59091,0.181818,0.0,1.0,1.0,0.0,1.18182,0.0,0.0909091,0.409091,1
2.0,7.0,0.0,0.142857,0.428571,1.42857,0.285714,0.0,1.0,30925.0,0.0,1.14286,0.0,0.142857,0.285714,2
1.0,109.0,0.146789,0.0733945,0.59633,1.81651,0.0825688,0.00917431,1.0,20.0,0.0,1.16514,0.0,0.0917431,0.275229,2
1.0,54.0,0.0185185,0.111111,0.62963,1.81481,0.0925926,0.0185185,1.0,20.0,0.0,1.09259,0.0,0.0740741,0.314815,1
1.0,19.0,0.0,0.0526316,0.473684,1.78947,0.0,0.0,1.0,1.0,0.0,1.42105,0.0,0.0,0.473684,1
1.0,2.0,0.0,0.5,0.0,2.0,0.0,0.0,1.0,1.0,0.0,0.5,0.0,0.0,0.0,2
1.0,3.0,0.0,0.333333,0.333333,1.66667,0.0,0.0,1.0,1.0,0.0,1.0,0.0,0.0,0.333333,1
1.0,5.0,0.0,0.4,0.2,1.8,0.0,0.2,1.0,1.0,0.0,0.8,0.0,0.0,0.2,2
1.0,125.0,0.0,0.008,0.656,1.488,0.176,0.0,1340001.0,2.0,0.0,1.16,0.0,0.168,0.328,1
1.0,1153.0,0.222897,0.00433651,0.545533,1.49263,0.113617,0.000867303,1300001.0,1000.0,0.0,1.2784,0.0,0.0424978,0.392888,1
1.0,427.0,0.133489,0.0351288,0.566745,1.44731,0.128806,0.00702576,1300001.0,17.0,0.0,1.2623,0.0,0.030445,0.416862,1
3.0,26.0,0.0,0.115385,0.384615,1.57692,0.115385,0.0384615,101.0,26000.0,0.0,1.11538,0.0,0.0769231,0.269231,1
1.0,25.0,0.0,0.2,0.48,2.0,0.0,0.04,1.0,1.0,0.0,0.72,0.0,0.0,0.28,1
2.0,5.0,0.0,0.4,0.4,1.4,0.0,0.0,101.0,260.0,0.0,0.6,0.0,0.2,0.2,1
1.0,5.0,0.0,0.4,0.4,1.4,0.0,0.0,131.0,2.0,0.0,0.6,0.0,0.2,0.2,1
3.0,80.0,0.0,0.2,0.375,1.725,0.075,0.0375,101.0,26800.0,0.0,1.075,0.0,0.05,0.3,1
2.0,3.0,0.0,0.666667,0.333333,1.33333,0.0,0.0,101.0,268.0,0.0,0.333333,0.0,0.333333,0.0,1
1.0,3.0,0.0,0.666667,0.333333,1.33333,0.0,0.0,135.0,2.0,0.0,0.333333,0.0,0.333333,0.0,1
