433.milc,433.milc_1,2,33,2,1,30,85,0,0,4,0,0,42,0
433.milc,433.milc_2,1,2,0,2,0,2,0,0,4,0,0,0,0
433.milc,433.milc_3,1,27,2,1,24,67,0,0,4,0,0,30,0
433.milc,433.milc_4,1,16,0,1,4,30,4,0,1,0,0,19,0
433.milc,433.milc_5,4,13,0,1,10,33,0,0,4,0,0,16,0
433.milc,433.milc_6,3,3,0,2,0,4,0,0,4,0,0,0,0
433.milc,433.milc_7,4,21,0,1,14,43,4,0,4,0,0,26,0
433.milc,433.milc_8,3,3,0,2,0,4,0,0,4,0,0,0,0
433.milc,433.milc_9,2,24,4,7,3,48,1,2,5,0,0,21,0
433.milc,433.milc_10,1,4,0,2,0,4,0,0,1,0,0,2,0
433.milc,433.milc_11,1,79,13,3,60,193,0,1,4,0,0,90,0
433.milc,433.milc_12,2,11,0,1,10,29,0,0,4,0,0,12,0
433.milc,433.milc_13,1,2,0,2,0,2,0,0,4,0,0,0,0
433.milc,433.milc_14,1,2,0,1,0,7,0,0,1,0,0,1,0
433.milc,433.milc_15,1,25,0,1,17,50,5,0,1,0,0,36,0
433.milc,433.milc_16,1,25,0,1,17,50,5,0,1,0,0,36,0
433.milc,433.milc_17,1,174,0,28,84,348,24,4,1,0,0,202,0
433.milc,433.milc_18,1,13,0,1,8,25,0,0,5,0,0,16,0
433.milc,433.milc_19,1,5,0,1,4,9,0,0,9,0,0,6,0
433.milc,433.milc_20,1,15,0,1,10,21,4,0,1,0,0,15,0
433.milc,433.milc_21,1,15,0,1,10,21,4,0,1,0,0,15,0
433.milc,433.milc_22,1,15,0,1,10,21,4,0,1,0,0,15,0
433.milc,433.milc_23,1,12,0,1,8,18,2,0,1,0,0,12,0
433.milc,433.milc_24,1,12,0,1,8,18,2,0,1,0,0,12,0
433.milc,433.milc_25,1,12,0,1,8,18,2,0,1,0,0,12,0
433.milc,433.milc_26,1,98,0,16,47,162,12,2,1,0,0,91,0
433.milc,433.milc_27,2,2,0,1,0,2,0,0,1,0,0,0,0
433.milc,433.milc_28,2,42,0,3,14,67,10,1,1,0,0,37,0
433.milc,433.milc_29,1,49,3,14,10,83,2,3,1,1,0,27,0
433.milc,433.milc_30,3,39,3,1,22,68,8,0,1,0,0,48,0
433.milc,433.milc_31,4,17,2,1,12,31,0,0,1,0,0,22,0
433.milc,433.milc_32,4,21,1,1,16,39,0,0,1,0,0,28,0
433.milc,433.milc_33,4,8,0,1,6,15,0,0,1,0,0,10,0
433.milc,433.milc_34,3,82,4,25,29,148,3,2,-1,0,0,64,0
433.milc,433.milc_35,2,53,2,11,21,104,2,3,-1,0,0,48,0
433.milc,433.milc_36,2,10,0,1,3,17,5,0,1,0,0,10,0
433.milc,433.milc_37,2,10,0,1,3,17,5,0,1,0,0,10,0
433.milc,433.milc_38,1,52,0,20,10,79,4,1,-1,0,0,35,0
433.milc,433.milc_39,1,10,0,1,3,17,5,0,1,0,0,10,0
433.milc,433.milc_40,2,9,0,1,8,23,0,0,4,0,0,10,0
433.milc,433.milc_41,1,6,0,2,1,7,3,0,1,0,0,4,0
433.milc,433.milc_42,2,9,0,1,8,23,0,0,4,0,0,10,0
433.milc,433.milc_43,1,6,0,2,1,7,3,0,1,0,0,4,0
433.milc,433.milc_44,2,9,0,1,8,23,0,0,4,0,0,10,0
433.milc,433.milc_45,1,6,0,2,1,7,3,0,1,0,0,4,0
433.milc,433.milc_46,1,14,0,1,4,22,8,0,1,0,0,14,0
433.milc,433.milc_47,1,14,0,1,4,22,8,0,1,0,0,14,0
433.milc,433.milc_48,1,14,0,1,4,22,8,0,1,0,0,14,0
433.milc,433.milc_49,1,14,0,1,3,21,9,0,1,0,0,15,0
433.milc,433.milc_50,1,31,6,1,24,75,0,0,4,0,0,34,0
433.milc,433.milc_51,1,14,0,1,3,22,9,0,1,0,0,15,0
433.milc,433.milc_52,1,10,0,1,2,15,6,0,1,0,0,10,0
433.milc,433.milc_53,1,10,0,1,2,15,6,0,1,0,0,10,0
433.milc,433.milc_54,1,10,0,1,2,15,6,0,1,0,0,10,0
433.milc,433.milc_55,3,7,0,1,5,19,0,0,1,0,0,11,0
433.milc,433.milc_56,3,28,2,4,14,46,4,1,1,0,0,34,0
433.milc,433.milc_57,2,38,0,3,15,66,12,0,1,0,0,36,0
433.milc,433.milc_58,1,2,0,2,0,2,0,0,4,0,0,0,0
433.milc,433.milc_59,1,15,0,1,8,25,0,0,5,0,0,14,0
433.milc,433.milc_60,1,15,0,1,8,25,0,0,5,0,0,14,0
433.milc,433.milc_61,1,5,0,1,2,8,1,0,10,0,0,4,0
433.milc,433.milc_62,1,8,0,1,4,15,0,0,5,0,0,9,0
433.milc,433.milc_63,1,8,0,1,4,15,0,0,5,0,0,9,0
433.milc,433.milc_64,1,99,0,1,59,154,32,0,1,0,0,118,0
433.milc,433.milc_65,1,5,0,1,2,9,0,0,5,0,0,5,0
433.milc,433.milc_66,1,5,0,1,2,9,0,0,5,0,0,5,0
433.milc,433.milc_67,1,8,0,1,4,15,0,0,5,0,0,9,0
433.milc,433.milc_68,1,23,0,1,10,44,6,0,5,0,0,26,0
433.milc,433.milc_69,1,22,0,1,10,42,6,0,5,0,0,25,0
433.milc,433.milc_70,1,25,0,1,10,45,10,0,1,0,0,28,0
433.milc,433.milc_71,1,16,0,1,8,39,2,0,5,0,0,21,0
433.milc,433.milc_72,1,99,0,1,59,154,32,0,1,0,0,118,0
433.milc,433.milc_73,1,5,0,1,2,8,0,0,5,0,0,4,0
433.milc,433.milc_74,1,5,0,1,2,8,0,0,5,0,0,4,0
433.milc,433.milc_75,1,4,0,1,2,6,0,0,5,0,0,3,0
433.milc,433.milc_76,1,4,0,1,2,6,0,0,5,0,0,3,0
433.milc,433.milc_77,1,49,0,4,20,92,12,1,5,0,0,51,0
433.milc,433.milc_78,1,47,0,4,20,88,12,1,5,0,0,49,0
433.milc,433.milc_79,1,25,0,1,10,45,10,0,1,0,0,28,0
433.milc,433.milc_80,1,17,0,4,8,38,2,1,5,0,0,17,0
433.milc,433.milc_81,1,17,0,4,8,38,2,1,5,0,0,17,0
433.milc,433.milc_82,1,9,0,1,4,15,2,0,5,0,0,10,0
433.milc,433.milc_83,1,8,0,1,4,15,0,0,5,0,0,9,0
433.milc,433.milc_84,1,8,0,1,4,15,0,0,5,0,0,9,0
433.milc,433.milc_85,1,41,0,1,29,67,8,0,1,0,0,52,0
433.milc,433.milc_86,1,5,0,1,2,9,0,0,5,0,0,5,0
433.milc,433.milc_87,1,5,0,1,2,9,0,0,5,0,0,5,0
433.milc,433.milc_88,1,47,0,1,30,73,12,0,1,0,0,57,0
433.milc,433.milc_89,1,8,0,1,4,15,0,0,5,0,0,9,0
433.milc,433.milc_90,1,14,0,1,6,30,2,0,5,0,0,18,0
433.milc,433.milc_91,1,13,0,1,6,28,2,0,5,0,0,17,0
433.milc,433.milc_92,1,39,0,1,30,81,4,0,1,0,0,56,0
433.milc,433.milc_93,1,18,0,1,8,41,4,0,5,0,0,23,0
433.milc,433.milc_94,1,13,0,1,6,23,4,0,5,0,0,14,0
433.milc,433.milc_95,1,43,0,1,31,69,8,0,1,0,0,52,0
433.milc,433.milc_96,1,5,0,1,2,8,0,0,5,0,0,4,0
433.milc,433.milc_97,1,5,0,1,2,8,0,0,5,0,0,4,0
433.milc,433.milc_98,1,48,0,1,31,74,12,0,1,0,0,57,0
433.milc,433.milc_99,1,8,0,1,4,13,0,0,5,0,0,7,0
433.milc,433.milc_100,1,33,0,4,12,68,4,1,5,0,0,35,0
433.milc,433.milc_101,1,29,0,4,12,60,4,1,5,0,0,31,0
433.milc,433.milc_102,1,31,0,1,22,57,4,0,1,0,0,40,0
433.milc,433.milc_103,1,39,0,4,16,84,8,1,5,0,0,43,0
433.milc,433.milc_104,1,14,0,1,6,25,4,0,5,0,0,13,0
433.milc,433.milc_105,2,46,2,1,20,85,15,0,1,0,0,57,0
433.milc,433.milc_106,2,22,1,1,10,42,6,0,1,0,0,27,0
433.milc,433.milc_107,1,54,6,7,20,98,9,1,2,0,0,46,0
433.milc,433.milc_108,2,13,0,3,6,27,2,1,4,0,0,14,0
433.milc,433.milc_109,1,2,0,2,0,2,0,0,2,0,0,0,0
433.milc,433.milc_110,10,21,0,3,14,44,0,1,5,0,0,29,0
433.milc,433.milc_111,10,9,0,1,7,18,1,0,1,0,0,12,0
433.milc,433.milc_112,10,8,0,3,3,14,0,1,1,0,0,7,0
433.milc,433.milc_113,10,8,0,1,6,17,1,0,1,0,0,11,0
433.milc,433.milc_114,9,21,0,8,6,40,1,2,-1,0,0,20,0
433.milc,433.milc_115,8,5,0,2,2,8,0,0,-1,0,0,3,0
433.milc,433.milc_116,7,5,0,2,2,8,0,0,-1,0,0,3,0
433.milc,433.milc_117,6,5,0,2,2,8,0,0,-1,0,0,3,0
433.milc,433.milc_118,5,43,0,9,26,94,0,1,-1,0,0,52,0
433.milc,433.milc_119,4,5,0,2,2,8,0,0,-1,0,0,3,0
433.milc,433.milc_120,3,5,0,2,2,8,0,0,-1,0,0,3,0
433.milc,433.milc_121,2,5,0,2,2,8,0,0,-1,0,0,3,0
433.milc,433.milc_122,1,6,0,2,4,11,0,0,-1,0,0,4,0
433.milc,433.milc_123,2,4,0,1,3,9,0,0,2,0,0,4,0
433.milc,433.milc_124,1,8,0,2,6,16,0,0,4,0,0,7,0
433.milc,433.milc_125,1,14,0,3,6,26,0,1,1,0,0,17,0
433.milc,433.milc_126,1,5,0,1,2,9,0,0,1,0,0,6,0
433.milc,433.milc_127,1,10,0,1,4,17,2,0,1,0,0,11,0
433.milc,433.milc_128,1,14,0,3,6,24,0,1,1,0,0,15,0
433.milc,433.milc_129,1,7,0,1,4,11,0,0,1,0,0,6,0
433.milc,433.milc_130,1,2,0,1,0,3,0,0,1,0,0,1,0
433.milc,433.milc_131,4,7,3,1,3,14,0,0,1,0,0,10,0
433.milc,433.milc_132,3,25,3,2,12,49,3,0,1,0,0,29,0
433.milc,433.milc_133,2,7,0,2,4,15,0,0,1,0,0,6,0
433.milc,433.milc_134,1,4,0,2,2,6,0,0,4,0,0,2,0
433.milc,433.milc_135,4,16,0,1,8,37,3,0,4,0,0,19,0
433.milc,433.milc_136,3,2,0,2,0,2,0,0,4,0,0,0,0
433.milc,433.milc_137,2,2,0,2,0,2,0,0,1,0,0,0,0
433.milc,433.milc_138,4,29,0,4,16,62,2,1,1,0,0,38,0
433.milc,433.milc_139,5,10,0,1,4,18,2,0,1,0,0,14,0
433.milc,433.milc_140,5,15,0,1,4,26,4,0,1,0,0,20,0
433.milc,433.milc_141,5,9,0,1,6,25,0,0,1,0,0,12,0
433.milc,433.milc_142,4,31,0,11,10,58,2,3,1,0,0,31,0
433.milc,433.milc_143,3,5,0,3,0,6,0,0,1,0,0,2,0
433.milc,433.milc_144,2,5,0,2,2,7,0,0,4,0,0,3,0
433.milc,433.milc_145,2,16,0,1,8,40,3,0,1,0,0,25,0
433.milc,433.milc_146,1,6,0,4,2,6,0,0,5,0,0,0,0
433.milc,433.milc_147,3,3,0,1,2,6,0,0,2,0,0,3,0
433.milc,433.milc_148,4,13,4,1,8,25,0,0,1,0,0,20,0
433.milc,433.milc_149,3,30,4,2,17,60,3,0,1,0,0,36,0
433.milc,433.milc_150,3,11,1,3,4,19,1,1,2,0,0,9,0
433.milc,433.milc_151,3,10,0,3,5,21,0,1,1,0,0,9,0
433.milc,433.milc_152,2,29,0,11,8,56,2,1,1,0,0,19,0
433.milc,433.milc_153,1,4,0,2,2,6,0,0,4,0,0,2,0
433.milc,433.milc_154,1,8,0,3,3,14,0,1,1,0,0,5,0
433.milc,433.milc_155,3,27,2,1,24,61,0,0,4,0,0,36,0
433.milc,433.milc_156,3,33,2,1,24,67,6,0,4,0,0,42,0
433.milc,433.milc_157,2,38,0,11,14,60,8,2,5,0,0,33,0
433.milc,433.milc_158,1,10,0,5,2,14,1,1,1,0,0,6,0
433.milc,433.milc_159,3,27,2,1,24,61,0,0,4,0,0,36,0
433.milc,433.milc_160,3,33,2,1,24,67,6,0,4,0,0,42,0
433.milc,433.milc_161,2,35,0,11,12,58,7,2,5,0,0,30,0
433.milc,433.milc_162,1,10,0,5,2,14,1,1,1,0,0,6,0
433.milc,433.milc_163,1,37,0,10,12,55,7,2,1,0,0,28,0
433.milc,433.milc_164,2,4,0,1,2,12,0,0,5,0,0,5,0
433.milc,433.milc_165,2,7,0,1,4,14,1,0,5,0,0,8,0
433.milc,433.milc_166,2,29,0,4,14,52,8,1,1,0,0,31,0
433.milc,433.milc_167,2,26,0,4,10,50,6,1,1,0,0,30,0
433.milc,433.milc_168,1,274,30,14,140,531,65,2,1,0,0,306,0
433.milc,433.milc_169,1,6,0,3,0,11,0,1,5,0,0,5,0
433.milc,433.milc_170,2,44,2,3,22,86,8,1,5,0,0,54,0
433.milc,433.milc_171,1,10,0,5,2,14,1,1,1,0,0,6,0
433.milc,433.milc_172,2,20,0,1,10,38,6,0,5,0,0,24,0
433.milc,433.milc_173,2,4,0,1,2,7,0,0,5,0,0,4,0
433.milc,433.milc_174,3,33,0,7,15,52,6,2,1,0,0,31,0
433.milc,433.milc_175,3,17,0,4,8,30,2,1,1,0,0,17,0
433.milc,433.milc_176,2,57,0,12,23,102,7,2,5,0,0,54,0
433.milc,433.milc_177,1,12,1,4,2,51,0,0,3,0,0,8,0
433.milc,433.milc_178,1,17,2,6,2,39,0,3,-1,0,0,15,0
433.milc,433.milc_179,1,0,0,0,0,0,0,0,1,0,0,0,0
433.milc,433.milc_180,2,15,0,1,12,39,0,0,4,0,0,18,0
433.milc,433.milc_181,1,2,0,2,0,2,0,0,1,0,0,0,0
433.milc,433.milc_182,2,47,2,1,40,125,2,0,4,0,0,64,0
433.milc,433.milc_183,1,16,0,2,8,30,4,0,1,0,0,16,0
433.milc,433.milc_184,4,39,0,4,18,88,8,1,4,0,0,47,0
433.milc,433.milc_185,3,2,0,2,0,2,0,0,4,0,0,0,0
433.milc,433.milc_186,2,2,0,2,0,2,0,0,5,0,0,0,0
433.milc,433.milc_187,1,2,0,2,0,2,0,0,1,0,0,0,0
433.milc,433.milc_188,4,17,0,1,9,40,3,0,4,0,0,21,0
433.milc,433.milc_189,3,2,0,2,0,2,0,0,4,0,0,0,0
433.milc,433.milc_190,2,68,0,2,50,158,12,0,5,0,0,78,0
433.milc,433.milc_191,1,2,0,2,0,2,0,0,1,0,0,0,0
433.milc,433.milc_192,1,12,0,3,3,30,0,1,1,0,0,7,0
433.milc,433.milc_193,1,12,0,3,3,30,0,1,1,0,0,7,0
433.milc,433.milc_194,1,8,0,3,0,19,0,1,1,0,0,2,0
433.milc,433.milc_195,1,8,0,2,4,16,0,1,-1,0,0,7,0
433.milc,433.milc_196,1,58,0,14,16,115,8,3,1,0,0,55,0
433.milc,433.milc_197,1,11,0,1,8,19,0,0,1,0,0,10,0
433.milc,433.milc_198,1,39,0,15,4,81,4,1,-1,0,0,23,0
433.milc,433.milc_199,1,8,0,3,2,16,0,1,1,0,0,6,0
433.milc,433.milc_200,1,4,0,1,3,9,0,0,1,0,0,4,0
433.milc,433.milc_201,5,10,0,1,5,22,3,0,5,0,0,12,0
433.milc,433.milc_202,5,33,0,5,12,63,4,1,145,0,0,38,0
433.milc,433.milc_203,4,92,0,24,20,188,13,2,1,0,0,95,0
433.milc,433.milc_204,3,7,0,2,0,7,0,0,1,0,0,5,0
433.milc,433.milc_205,2,7,0,2,0,7,0,0,1,0,0,5,0
433.milc,433.milc_206,1,7,0,2,0,7,0,0,1,0,0,5,0
433.milc,433.milc_207,1,5,0,1,3,11,0,0,5,0,0,5,0
433.milc,433.milc_208,1,24,0,7,8,61,2,1,5,0,0,24,0
433.milc,433.milc_209,1,16,0,3,7,40,2,1,1,0,0,18,0
433.milc,433.milc_210,1,5,0,1,3,11,0,0,5,0,0,5,0
433.milc,433.milc_211,1,5,0,1,3,11,0,0,5,0,0,5,0
433.milc,433.milc_212,1,6,0,1,5,13,0,0,5,0,0,8,0
433.milc,433.milc_213,2,31,0,5,10,57,4,1,145,0,0,38,0
433.milc,433.milc_214,1,135,0,24,41,254,21,3,1,0,0,143,0
433.milc,433.milc_215,3,9,0,1,6,16,1,0,13,0,0,12,0
433.milc,433.milc_216,4,26,0,1,18,63,0,0,4,0,0,39,0
433.milc,433.milc_217,3,2,0,2,0,2,0,0,4,0,0,0,0
433.milc,433.milc_218,2,8,0,3,3,14,0,0,5,0,0,6,0
433.milc,433.milc_219,2,31,0,5,10,57,4,1,145,0,0,38,0
433.milc,433.milc_220,1,98,0,18,27,187,15,2,1,0,0,102,0
433.milc,433.milc_221,1,26,0,1,13,44,4,0,1,0,0,30,0
433.milc,433.milc_222,4,33,0,5,12,63,4,1,145,0,0,38,0
433.milc,433.milc_223,6,13,0,1,12,33,0,0,4,0,0,18,0
433.milc,433.milc_224,5,2,0,2,0,2,0,0,4,0,0,0,0
433.milc,433.milc_225,4,2,0,2,0,2,0,0,4097,0,0,0,0
433.milc,433.milc_226,3,155,0,19,52,301,29,3,1,0,0,177,0
433.milc,433.milc_227,2,3,0,2,0,3,0,0,1,0,0,1,0
433.milc,433.milc_228,1,4,0,2,0,4,0,0,1,0,0,1,0
433.milc,433.milc_229,3,13,0,1,12,33,0,0,4,0,0,18,0
433.milc,433.milc_230,2,2,0,2,0,2,0,0,4,0,0,0,0
433.milc,433.milc_231,1,2,0,2,0,2,0,0,4097,0,0,0,0
433.milc,433.milc_232,2,33,0,5,12,63,4,1,145,0,0,38,0
433.milc,433.milc_233,1,47,0,7,14,89,9,2,1,0,0,46,0
433.milc,433.milc_234,4,31,0,5,10,57,4,1,145,0,0,38,0
433.milc,433.milc_235,3,193,0,25,76,376,35,4,1,0,0,212,0
433.milc,433.milc_236,2,6,0,2,0,6,0,0,1,0,0,4,0
433.milc,433.milc_237,1,7,0,2,0,7,0,0,1,0,0,4,0
433.milc,433.milc_238,5,10,0,1,5,22,3,0,5,0,0,12,0
433.milc,433.milc_239,7,17,0,3,10,46,0,1,4,0,0,21,0
433.milc,433.milc_240,6,2,0,2,0,2,0,0,4,0,0,0,0
433.milc,433.milc_241,5,2,0,2,0,2,0,0,5,0,0,0,0
433.milc,433.milc_242,5,10,0,1,5,22,3,0,5,0,0,12,0
433.milc,433.milc_243,4,38,0,12,16,68,2,1,1,0,0,38,0
433.milc,433.milc_244,3,3,0,2,1,4,0,0,1,0,0,1,0
433.milc,433.milc_245,2,3,0,2,1,4,0,0,1,0,0,1,0
433.milc,433.milc_246,1,3,0,2,1,4,0,0,1,0,0,1,0
433.milc,433.milc_247,5,10,0,1,5,22,3,0,5,0,0,12,0
433.milc,433.milc_248,5,10,0,1,5,22,3,0,5,0,0,12,0
433.milc,433.milc_249,7,19,0,3,12,48,0,1,4,0,0,23,0
433.milc,433.milc_250,6,2,0,2,0,2,0,0,4,0,0,0,0
433.milc,433.milc_251,5,2,0,2,0,2,0,0,5,0,0,0,0
433.milc,433.milc_252,4,48,0,20,8,103,4,2,1,0,0,46,0
433.milc,433.milc_253,3,3,0,2,0,3,0,0,1,0,0,1,0
433.milc,433.milc_254,2,3,0,2,0,3,0,0,1,0,0,1,0
433.milc,433.milc_255,1,3,0,2,0,3,0,0,1,0,0,1,0
433.milc,433.milc_256,5,10,0,1,5,22,3,0,5,0,0,12,0
433.milc,433.milc_257,7,34,0,1,16,73,2,0,4,0,0,49,0
433.milc,433.milc_258,6,2,0,2,0,2,0,0,3,0,0,0,0
433.milc,433.milc_259,5,2,0,2,0,2,0,0,5,0,0,0,0
433.milc,433.milc_260,7,36,0,1,18,79,2,0,4,0,0,51,0
433.milc,433.milc_261,6,2,0,2,0,2,0,0,3,0,0,0,0
433.milc,433.milc_262,5,2,0,2,0,2,0,0,5,0,0,0,0
433.milc,433.milc_263,4,53,0,20,10,111,5,2,1,0,0,52,0
433.milc,433.milc_264,3,4,0,2,0,4,0,0,1,0,0,2,0
433.milc,433.milc_265,2,4,0,2,0,4,0,0,1,0,0,2,0
433.milc,433.milc_266,1,23,0,8,1,43,3,2,1,0,0,19,0
433.milc,433.milc_267,1,25,0,7,8,48,2,1,1,0,0,22,0
433.milc,433.milc_268,4,27,0,1,22,57,2,0,4,0,0,38,0
433.milc,433.milc_269,3,2,0,2,0,2,0,0,3,0,0,0,0
433.milc,433.milc_270,2,17,1,2,10,32,1,0,5,0,0,20,0
433.milc,433.milc_271,1,2,0,2,0,2,0,0,1,0,0,0,0
433.milc,433.milc_272,1,10,0,1,6,25,2,0,4,0,0,10,0
433.milc,433.milc_273,2,14,0,4,6,29,0,2,5,0,0,15,0
433.milc,433.milc_274,2,9,0,3,4,19,0,2,-1,0,0,9,0
433.milc,433.milc_275,2,5,0,2,2,10,0,1,-1,0,0,5,0
433.milc,433.milc_276,1,27,0,13,0,41,0,2,1,0,0,17,0
433.milc,433.milc_277,1,85,22,1,62,205,0,0,4,0,0,102,0
433.milc,433.milc_278,1,205,66,1,138,493,0,0,5,0,0,270,0
433.milc,433.milc_279,1,207,66,1,140,497,0,0,5,0,0,273,0
433.milc,433.milc_280,1,277,66,1,210,685,0,0,4,0,0,330,0
433.milc,433.milc_281,2,93,22,1,70,229,0,0,4,0,0,118,0
433.milc,433.milc_282,1,2,0,2,0,2,0,0,4,0,0,0,0
433.milc,433.milc_283,2,93,22,1,70,229,0,0,4,0,0,118,0
433.milc,433.milc_284,1,2,0,2,0,2,0,0,4,0,0,0,0
433.milc,433.milc_285,1,85,22,1,62,205,0,0,4,0,0,102,0
433.milc,433.milc_286,2,89,24,1,64,211,0,0,4,0,0,120,0
433.milc,433.milc_287,1,10,0,7,1,24,1,0,5,0,0,4,0
433.milc,433.milc_288,1,9,0,1,8,23,0,0,4,0,0,8,0
433.milc,433.milc_289,4,74,0,6,39,135,13,1,1,0,0,88,0
433.milc,433.milc_290,3,2,0,2,0,2,0,0,1,0,0,0,0
433.milc,433.milc_291,2,2,0,2,0,2,0,0,1,0,0,0,0
433.milc,433.milc_292,1,2,0,2,0,2,0,0,1,0,0,0,0
433.milc,433.milc_293,1,15,0,3,6,28,2,1,17,0,0,11,0
433.milc,433.milc_294,1,22,2,1,5,36,12,0,1,0,0,24,0
433.milc,433.milc_295,2,78,8,8,42,168,13,2,4,0,0,93,0
433.milc,433.milc_296,1,10,1,2,3,14,3,0,1,0,0,10,0
433.milc,433.milc_297,1,9,1,1,3,19,3,0,1,0,0,10,0
433.milc,433.milc_298,1,7,0,1,4,12,1,0,1,0,0,7,0
433.milc,433.milc_299,1,4,0,1,2,9,0,0,1,0,0,5,0
433.milc,433.milc_300,1,4,0,1,2,9,0,0,1,0,0,5,0
433.milc,433.milc_301,1,7,0,1,4,11,1,0,1,0,0,8,0
433.milc,433.milc_302,2,7,0,1,4,11,1,0,1,0,0,8,0
433.milc,433.milc_303,2,13,0,1,8,25,2,0,1,0,0,15,0
433.milc,433.milc_304,2,9,0,1,6,20,1,0,1,0,0,12,0
433.milc,433.milc_305,2,12,0,1,8,23,2,0,1,0,0,14,0
433.milc,433.milc_306,2,7,0,1,4,11,1,0,1,0,0,8,0
433.milc,433.milc_307,2,13,0,1,8,24,2,0,1,0,0,16,0
433.milc,433.milc_308,2,9,0,1,6,20,1,0,1,0,0,12,0
433.milc,433.milc_309,2,12,0,1,8,22,2,0,1,0,0,15,0
433.milc,433.milc_310,1,142,0,30,54,243,15,2,1,0,0,114,0
433.milc,433.milc_311,1,9,0,1,5,19,1,0,1,0,0,9,0
433.milc,433.milc_312,1,31,2,3,17,62,4,1,1,0,0,36,0
433.milc,433.milc_313,2,19,0,3,9,38,4,1,1,0,0,20,0
433.milc,433.milc_314,1,21,0,2,10,38,5,0,1,0,0,19,0
433.milc,433.milc_315,1,9,0,1,6,19,1,0,1,0,0,10,0
433.milc,433.milc_316,2,3,1,1,1,4,0,0,1,0,0,2,0
433.milc,433.milc_317,1,18,0,4,9,39,1,1,1,0,0,19,0
433.milc,433.milc_318,9,21,0,3,14,44,0,1,5,0,0,29,0
433.milc,433.milc_319,9,8,0,1,6,14,1,0,1,0,0,10,0
433.milc,433.milc_320,9,3,0,1,2,6,0,0,1,0,0,3,0
433.milc,433.milc_321,9,8,0,2,4,22,0,1,-1,0,0,8,0
433.milc,433.milc_322,9,9,0,1,7,18,1,0,8,0,0,10,0
433.milc,433.milc_323,8,54,1,14,25,96,5,2,-1,0,0,38,0
433.milc,433.milc_324,7,5,0,2,2,8,0,0,-1,0,0,3,0
433.milc,433.milc_325,6,5,0,2,2,8,0,0,-1,0,0,3,0
433.milc,433.milc_326,5,5,0,2,2,8,0,0,-1,0,0,3,0
433.milc,433.milc_327,4,43,0,9,26,94,0,1,-1,0,0,52,0
433.milc,433.milc_328,3,5,0,2,2,8,0,0,-1,0,0,3,0
433.milc,433.milc_329,2,5,0,2,2,8,0,0,-1,0,0,3,0
433.milc,433.milc_330,1,5,0,2,2,8,0,0,-1,0,0,3,0
433.milc,433.milc_331,1,7,0,2,4,12,0,1,-1,0,0,7,0
433.milc,433.milc_332,1,17,0,4,4,28,6,1,1,0,0,16,0
433.milc,433.milc_333,2,17,0,4,4,28,6,1,1,0,0,16,0
433.milc,433.milc_334,2,18,0,4,8,33,2,1,1,0,0,20,0
433.milc,433.milc_335,2,17,0,4,6,28,4,1,1,0,0,16,0
433.milc,433.milc_336,2,20,0,4,10,34,3,1,1,0,0,21,0
433.milc,433.milc_337,1,85,0,33,18,154,11,2,1,0,0,59,0
433.milc,433.milc_338,1,19,0,4,4,30,8,1,1,0,0,17,0
433.milc,433.milc_339,1,17,0,4,4,28,6,1,1,0,0,16,0
433.milc,433.milc_340,2,17,0,4,4,28,6,1,1,0,0,16,0
433.milc,433.milc_341,2,18,0,4,8,33,2,1,1,0,0,20,0
433.milc,433.milc_342,2,17,0,4,6,28,4,1,1,0,0,16,0
433.milc,433.milc_343,2,20,0,4,10,34,3,1,1,0,0,21,0
433.milc,433.milc_344,1,85,0,33,18,154,11,2,1,0,0,59,0
433.milc,433.milc_345,1,19,0,4,4,30,8,1,1,0,0,17,0
433.milc,433.milc_346,2,9,0,1,2,13,3,0,1,0,0,9,0
433.milc,433.milc_347,3,3,0,1,2,6,0,0,5,0,0,3,0
433.milc,433.milc_348,3,28,0,4,18,58,2,1,1,0,0,32,0
433.milc,433.milc_349,3,5,0,2,2,10,0,1,-1,0,0,5,0
433.milc,433.milc_350,3,17,1,1,8,37,3,0,1,0,0,21,0
433.milc,433.milc_351,2,25,0,9,10,45,0,1,1,0,0,20,0
433.milc,433.milc_352,1,3,0,3,0,3,0,0,5,0,0,0,0
433.milc,433.milc_353,2,11,0,1,4,21,3,0,1,0,0,14,0
433.milc,433.milc_354,4,23,0,5,6,42,7,1,5,0,0,25,0
433.milc,433.milc_355,3,33,0,5,11,54,12,1,5,0,0,33,0
433.milc,433.milc_356,2,46,0,4,18,76,18,1,5,0,0,47,0
433.milc,433.milc_357,1,4,0,3,1,4,0,0,5,0,0,0,0
433.milc,433.milc_358,1,25,0,1,8,39,12,0,1,0,0,28,0
433.milc,433.milc_359,1,12,0,1,5,20,3,0,1,0,0,13,0
433.milc,433.milc_360,1,15,0,1,7,28,5,0,1,0,0,19,0
433.milc,433.milc_361,1,18,0,1,9,31,6,0,1,0,0,21,0
433.milc,433.milc_362,1,21,0,1,10,40,5,0,1,0,0,26,0
433.milc,433.milc_363,1,5,0,1,2,8,1,0,9,0,0,5,0
433.milc,433.milc_364,5,11,0,1,9,24,0,0,1,0,0,16,0
433.milc,433.milc_365,4,55,2,11,24,126,2,2,9,0,0,73,0
433.milc,433.milc_366,4,11,0,1,9,24,0,0,1,0,0,16,0
433.milc,433.milc_367,3,51,2,10,24,115,2,2,9,0,0,66,0
433.milc,433.milc_368,3,11,0,1,9,24,0,0,1,0,0,16,0
433.milc,433.milc_369,2,137,4,17,68,303,17,3,9,0,0,180,0
433.milc,433.milc_370,1,2,0,2,0,2,0,0,9,0,0,0,0
433.milc,433.milc_371,1,9,0,1,2,16,5,0,1,0,0,10,0
433.milc,433.milc_372,1,7,0,1,3,12,2,0,9,0,0,7,0
433.milc,433.milc_373,1,3,0,1,2,6,0,0,9,0,0,3,0
433.milc,433.milc_374,1,10,0,1,6,19,2,0,1,0,0,11,0
433.milc,433.milc_375,1,9,0,1,4,16,3,0,1,0,0,9,0
433.milc,433.milc_376,1,8,0,1,4,18,1,0,1,0,0,10,0
433.milc,433.milc_377,1,22,1,4,8,50,3,1,1,0,0,29,0
433.milc,433.milc_378,1,5,0,1,2,8,1,0,9,0,0,5,0
433.milc,433.milc_379,5,37,0,1,34,91,0,0,1,0,0,48,0
433.milc,433.milc_380,4,69,2,11,38,158,2,2,9,0,0,90,0
433.milc,433.milc_381,4,37,0,1,34,91,0,0,1,0,0,48,0
433.milc,433.milc_382,3,65,2,10,38,147,2,2,9,0,0,83,0
433.milc,433.milc_383,3,37,0,1,34,91,0,0,1,0,0,48,0
433.milc,433.milc_384,2,155,2,17,88,349,17,3,9,0,0,201,0
433.milc,433.milc_385,1,2,0,2,0,2,0,0,9,0,0,0,0
433.milc,433.milc_386,1,21,0,1,8,43,10,0,1,0,0,24,0
433.milc,433.milc_387,1,7,0,1,3,12,2,0,9,0,0,7,0
433.milc,433.milc_388,1,3,0,1,2,6,0,0,9,0,0,3,0
433.milc,433.milc_389,1,10,0,1,6,19,2,0,1,0,0,11,0
433.milc,433.milc_390,1,9,0,1,4,16,3,0,1,0,0,9,0
433.milc,433.milc_391,1,8,0,1,4,18,1,0,1,0,0,10,0
433.milc,433.milc_392,1,54,2,4,38,127,3,1,1,0,0,65,0
433.milc,433.milc_393,1,10,0,1,6,25,2,0,4,0,0,10,0
433.milc,433.milc_394,2,5,0,1,3,13,0,0,5,0,0,6,0
433.milc,433.milc_395,1,2,0,2,0,2,0,0,1,0,0,0,0
433.milc,433.milc_396,2,25,4,1,20,61,0,0,4,0,0,32,0
433.milc,433.milc_397,1,3,0,2,0,3,0,0,4,0,0,1,0
433.milc,433.milc_398,1,75,3,12,48,162,4,1,1,0,0,72,0
433.milc,433.milc_399,4,25,2,1,22,61,0,0,4,0,0,36,0
433.milc,433.milc_400,3,2,0,2,0,2,0,0,4,0,0,0,0
433.milc,433.milc_401,2,2,0,2,0,2,0,0,5,0,0,0,0
433.milc,433.milc_402,1,2,0,2,0,2,0,0,1,0,0,0,0
433.milc,433.milc_403,2,21,0,1,14,43,4,0,4,0,0,24,0
433.milc,433.milc_404,1,3,0,2,0,4,0,0,4,0,0,0,0
433.milc,433.milc_405,2,13,0,1,10,33,0,0,4,0,0,14,0
433.milc,433.milc_406,1,3,0,2,0,4,0,0,4,0,0,0,0
433.milc,433.milc_407,2,15,0,5,2,32,1,2,5,0,0,14,0
433.milc,433.milc_408,1,3,0,2,0,3,0,0,1,0,0,1,0
433.milc,433.milc_409,2,35,4,1,30,89,0,0,4,0,0,44,0
433.milc,433.milc_410,1,2,0,2,0,2,0,0,4,0,0,0,0
433.milc,433.milc_411,1,29,4,1,24,71,0,0,4,0,0,32,0
433.milc,433.milc_412,2,35,4,1,30,89,0,0,4,0,0,44,0
433.milc,433.milc_413,1,2,0,2,0,2,0,0,4,0,0,0,0
433.milc,433.milc_414,1,19,2,1,16,47,0,0,4,0,0,20,0
433.milc,433.milc_415,1,2,0,1,0,7,0,0,1,0,0,1,0
433.milc,433.milc_416,2,22,1,1,20,57,0,0,4,0,0,27,0
433.milc,433.milc_417,1,2,0,2,0,2,0,0,4,0,0,0,0
433.milc,433.milc_418,2,49,6,1,42,121,0,0,4,0,0,58,0
433.milc,433.milc_419,1,2,0,2,0,2,0,0,4,0,0,0,0
433.milc,433.milc_420,2,21,0,1,20,55,0,0,4,0,0,26,0
433.milc,433.milc_421,1,2,0,2,0,2,0,0,4,0,0,0,0
433.milc,433.milc_422,2,33,2,1,30,85,0,0,4,0,0,42,0
433.milc,433.milc_423,1,2,0,2,0,2,0,0,4,0,0,0,0
433.milc,433.milc_424,1,27,2,1,24,67,0,0,4,0,0,30,0
433.milc,433.milc_425,1,66,8,1,26,106,18,0,1,0,0,58,0
433.milc,433.milc_426,2,19,0,1,4,73,0,0,5,0,0,51,0
433.milc,433.milc_427,1,2,0,2,0,2,0,0,1,0,0,0,0
