444.namd,444.namd_1,1,0,0,0,0,0,0,0,-1,0,0,0,0
444.namd,444.namd_2,1,0,0,0,0,0,0,0,-1,0,0,0,0
444.namd,444.namd_3,1,0,0,0,0,0,0,0,-1,0,0,0,0
444.namd,444.namd_4,1,0,0,0,0,0,0,0,-1,0,0,0,0
444.namd,444.namd_5,1,7,0,1,5,13,1,0,1,0,0,7,0
444.namd,444.namd_6,1,0,0,0,0,0,0,0,-1,0,0,0,0
444.namd,444.namd_7,1,0,0,0,0,0,0,0,-1,0,0,0,0
444.namd,444.namd_8,1,32,0,2,28,69,0,1,-1,0,0,38,0
444.namd,444.namd_9,1,0,0,0,0,0,0,0,-1,0,0,0,0
444.namd,444.namd_10,1,0,0,0,0,0,0,0,-1,0,0,0,0
444.namd,444.namd_11,1,5,0,1,3,10,0,0,1,0,0,4,0
444.namd,444.namd_12,1,5,0,1,3,10,0,0,1,0,0,4,0
444.namd,444.namd_13,2,105,0,1,42,161,28,0,5,0,0,126,0
444.namd,444.namd_14,1,2,0,2,0,2,0,0,1,0,0,0,0
444.namd,444.namd_15,1,21,2,1,18,31,0,0,1,0,0,24,0
444.namd,444.namd_16,3,28,27,1,0,55,0,0,3,0,0,50,0
444.namd,444.namd_17,2,37,18,2,12,64,2,0,1,0,0,50,0
444.namd,444.namd_18,2,52,18,5,18,90,4,1,1,0,0,65,0
444.namd,444.namd_19,1,15,0,9,5,31,0,0,6,0,0,6,0
444.namd,444.namd_20,1,168,77,14,56,327,5,2,1,0,0,215,0
444.namd,444.namd_21,1,0,0,0,0,0,0,0,1,0,0,0,0
444.namd,444.namd_22,1,0,0,0,0,0,0,0,1,0,0,0,0
444.namd,444.namd_23,1,0,0,0,0,0,0,0,1,0,0,0,0
444.namd,444.namd_24,2,62,2,16,10,110,10,2,4,0,0,58,0
444.namd,444.namd_25,1,2,0,2,0,2,0,0,4,0,0,0,0
444.namd,444.namd_26,2,25,0,9,5,47,1,1,1,0,0,23,0
444.namd,444.namd_27,1,2,0,2,0,2,0,0,1,0,0,0,0
444.namd,444.namd_28,2,31,9,2,16,61,3,1,1,0,0,44,0
444.namd,444.namd_29,2,34,0,4,16,60,7,1,1,0,0,39,0
444.namd,444.namd_30,2,47,10,8,18,95,3,4,1,0,0,65,0
444.namd,444.namd_31,2,65,10,10,24,133,8,4,1,0,0,93,0
444.namd,444.namd_32,2,26,0,5,13,54,4,0,1,0,0,37,0
444.namd,444.namd_33,2,193,81,1,80,353,20,0,1,0,0,289,0
444.namd,444.namd_34,2,196,83,1,81,359,20,0,1,0,0,293,0
444.namd,444.namd_35,1,296,3,35,86,500,68,3,1,0,0,324,0
444.namd,444.namd_36,1,16,0,5,3,29,3,2,1,0,0,15,0
444.namd,444.namd_37,1,19,0,3,7,33,4,1,1,0,0,22,0
444.namd,444.namd_38,1,24,0,4,8,44,6,1,1,0,0,27,0
444.namd,444.namd_39,2,6,0,2,2,11,0,1,1,0,0,7,0
444.namd,444.namd_40,2,6,0,2,2,11,0,1,1,0,0,7,0
444.namd,444.namd_41,2,4,0,1,2,7,0,0,1,0,0,5,0
444.namd,444.namd_42,2,31,9,2,16,61,3,1,1,0,0,44,0
444.namd,444.namd_43,2,34,0,4,16,60,7,1,1,0,0,39,0
444.namd,444.namd_44,2,47,10,8,18,95,3,4,1,0,0,65,0
444.namd,444.namd_45,2,65,10,10,24,133,8,4,1,0,0,93,0
444.namd,444.namd_46,2,10,0,3,4,17,0,1,1,0,0,10,0
444.namd,444.namd_47,2,12,0,3,6,21,0,1,1,0,0,14,0
444.namd,444.namd_48,2,26,0,5,13,54,4,0,1,0,0,37,0
444.namd,444.namd_49,2,193,81,1,80,353,20,0,1,0,0,289,0
444.namd,444.namd_50,2,196,83,1,81,359,20,0,1,0,0,293,0
444.namd,444.namd_51,1,330,3,39,86,554,72,4,1,0,0,372,0
444.namd,444.namd_52,1,19,0,3,7,33,4,1,1,0,0,22,0
444.namd,444.namd_53,1,24,0,4,8,44,6,1,1,0,0,27,0
444.namd,444.namd_54,2,31,9,2,16,61,3,1,1,0,0,44,0
444.namd,444.namd_55,2,34,0,4,16,60,7,1,1,0,0,39,0
444.namd,444.namd_56,2,47,10,8,18,95,3,4,1,0,0,65,0
444.namd,444.namd_57,2,65,10,10,24,133,8,4,1,0,0,93,0
444.namd,444.namd_58,2,26,0,5,13,54,4,0,1,0,0,37,0
444.namd,444.namd_59,2,269,124,1,110,499,22,0,1,0,0,413,0
444.namd,444.namd_60,2,291,134,1,120,538,23,0,1,0,0,445,0
444.namd,444.namd_61,2,145,57,1,64,264,16,0,1,0,0,214,0
444.namd,444.namd_62,1,328,3,36,87,535,72,3,1,0,0,357,0
444.namd,444.namd_63,1,16,0,5,3,29,3,2,1,0,0,15,0
444.namd,444.namd_64,1,19,0,3,7,33,4,1,1,0,0,22,0
444.namd,444.namd_65,1,24,0,4,8,44,6,1,1,0,0,27,0
444.namd,444.namd_66,2,6,0,2,2,11,0,1,1,0,0,7,0
444.namd,444.namd_67,2,6,0,2,2,11,0,1,1,0,0,7,0
444.namd,444.namd_68,2,4,0,1,2,7,0,0,1,0,0,5,0
444.namd,444.namd_69,2,31,9,2,16,61,3,1,1,0,0,44,0
444.namd,444.namd_70,2,34,0,4,16,60,7,1,1,0,0,39,0
444.namd,444.namd_71,2,47,10,8,18,95,3,4,1,0,0,65,0
444.namd,444.namd_72,2,65,10,10,24,133,8,4,1,0,0,93,0
444.namd,444.namd_73,2,10,0,3,4,17,0,1,1,0,0,10,0
444.namd,444.namd_74,2,12,0,3,6,21,0,1,1,0,0,14,0
444.namd,444.namd_75,2,26,0,5,13,54,4,0,1,0,0,37,0
444.namd,444.namd_76,2,269,124,1,110,499,22,0,1,0,0,413,0
444.namd,444.namd_77,2,291,134,1,120,538,23,0,1,0,0,445,0
444.namd,444.namd_78,2,145,57,1,64,264,16,0,1,0,0,214,0
444.namd,444.namd_79,1,362,3,40,87,589,76,4,1,0,0,405,0
444.namd,444.namd_80,1,19,0,3,7,33,4,1,1,0,0,22,0
444.namd,444.namd_81,1,24,0,4,8,44,6,1,1,0,0,27,0
444.namd,444.namd_82,2,31,9,2,16,61,3,1,1,0,0,44,0
444.namd,444.namd_83,2,34,0,4,16,60,7,1,1,0,0,39,0
444.namd,444.namd_84,2,47,10,8,18,95,3,4,1,0,0,65,0
444.namd,444.namd_85,2,65,10,10,24,133,8,4,1,0,0,93,0
444.namd,444.namd_86,2,26,0,5,13,54,4,0,1,0,0,37,0
444.namd,444.namd_87,2,193,81,1,80,353,20,0,1,0,0,289,0
444.namd,444.namd_88,2,214,89,1,91,390,21,0,1,0,0,319,0
444.namd,444.namd_89,2,145,57,1,64,264,16,0,1,0,0,214,0
444.namd,444.namd_90,1,310,3,36,86,516,71,3,1,0,0,338,0
444.namd,444.namd_91,1,16,0,5,3,29,3,2,1,0,0,15,0
444.namd,444.namd_92,1,19,0,3,7,33,4,1,1,0,0,22,0
444.namd,444.namd_93,1,24,0,4,8,44,6,1,1,0,0,27,0
444.namd,444.namd_94,2,6,0,2,2,11,0,1,1,0,0,7,0
444.namd,444.namd_95,2,6,0,2,2,11,0,1,1,0,0,7,0
444.namd,444.namd_96,2,4,0,1,2,7,0,0,1,0,0,5,0
444.namd,444.namd_97,2,31,9,2,16,61,3,1,1,0,0,44,0
444.namd,444.namd_98,2,34,0,4,16,60,7,1,1,0,0,39,0
444.namd,444.namd_99,2,47,10,8,18,95,3,4,1,0,0,65,0
444.namd,444.namd_100,2,65,10,10,24,133,8,4,1,0,0,93,0
444.namd,444.namd_101,2,10,0,3,4,17,0,1,1,0,0,10,0
444.namd,444.namd_102,2,12,0,3,6,21,0,1,1,0,0,14,0
444.namd,444.namd_103,2,26,0,5,13,54,4,0,1,0,0,37,0
444.namd,444.namd_104,2,193,81,1,80,353,20,0,1,0,0,289,0
444.namd,444.namd_105,2,214,89,1,91,390,21,0,1,0,0,319,0
444.namd,444.namd_106,2,145,57,1,64,264,16,0,1,0,0,214,0
444.namd,444.namd_107,1,344,3,40,86,570,75,4,1,0,0,386,0
444.namd,444.namd_108,1,19,0,3,7,33,4,1,1,0,0,22,0
444.namd,444.namd_109,1,24,0,4,8,44,6,1,1,0,0,27,0
444.namd,444.namd_110,2,31,9,2,16,61,3,1,1,0,0,44,0
444.namd,444.namd_111,2,34,0,4,16,60,7,1,1,0,0,39,0
444.namd,444.namd_112,2,47,10,8,18,95,3,4,1,0,0,65,0
444.namd,444.namd_113,2,65,10,10,24,133,8,4,1,0,0,93,0
444.namd,444.namd_114,2,26,0,5,13,54,4,0,1,0,0,37,0
444.namd,444.namd_115,2,130,53,1,55,239,15,0,1,0,0,194,0
444.namd,444.namd_116,2,149,61,1,64,272,16,0,1,0,0,222,0
444.namd,444.namd_117,2,145,57,1,64,264,16,0,1,0,0,214,0
444.namd,444.namd_118,1,306,3,36,86,512,71,3,1,0,0,334,0
444.namd,444.namd_119,1,16,0,5,3,29,3,2,1,0,0,15,0
444.namd,444.namd_120,1,19,0,3,7,33,4,1,1,0,0,22,0
444.namd,444.namd_121,1,24,0,4,8,44,6,1,1,0,0,27,0
444.namd,444.namd_122,2,6,0,2,2,11,0,1,1,0,0,7,0
444.namd,444.namd_123,2,6,0,2,2,11,0,1,1,0,0,7,0
444.namd,444.namd_124,2,4,0,1,2,7,0,0,1,0,0,5,0
444.namd,444.namd_125,2,31,9,2,16,61,3,1,1,0,0,44,0
444.namd,444.namd_126,2,34,0,4,16,60,7,1,1,0,0,39,0
444.namd,444.namd_127,2,47,10,8,18,95,3,4,1,0,0,65,0
444.namd,444.namd_128,2,65,10,10,24,133,8,4,1,0,0,93,0
444.namd,444.namd_129,2,10,0,3,4,17,0,1,1,0,0,10,0
444.namd,444.namd_130,2,12,0,3,6,21,0,1,1,0,0,14,0
444.namd,444.namd_131,2,26,0,5,13,54,4,0,1,0,0,37,0
444.namd,444.namd_132,2,130,53,1,55,239,15,0,1,0,0,194,0
444.namd,444.namd_133,2,149,61,1,64,272,16,0,1,0,0,222,0
444.namd,444.namd_134,2,145,57,1,64,264,16,0,1,0,0,214,0
444.namd,444.namd_135,1,340,3,40,86,566,75,4,1,0,0,382,0
444.namd,444.namd_136,1,19,0,3,7,33,4,1,1,0,0,22,0
444.namd,444.namd_137,1,24,0,4,8,44,6,1,1,0,0,27,0
444.namd,444.namd_138,2,31,9,2,16,61,3,1,1,0,0,44,0
444.namd,444.namd_139,2,34,0,4,16,60,7,1,1,0,0,39,0
444.namd,444.namd_140,2,47,10,8,18,95,3,4,1,0,0,65,0
444.namd,444.namd_141,2,65,10,10,24,133,8,4,1,0,0,93,0
444.namd,444.namd_142,2,26,0,5,13,54,4,0,1,0,0,37,0
444.namd,444.namd_143,2,167,61,1,78,303,19,0,1,0,0,242,0
444.namd,444.namd_144,2,170,63,1,79,309,19,0,1,0,0,246,0
444.namd,444.namd_145,1,290,3,35,87,495,68,3,1,0,0,318,0
444.namd,444.namd_146,1,16,0,5,3,29,3,2,1,0,0,15,0
444.namd,444.namd_147,1,19,0,3,7,33,4,1,1,0,0,22,0
444.namd,444.namd_148,1,24,0,4,8,44,6,1,1,0,0,27,0
444.namd,444.namd_149,2,31,9,2,16,61,3,1,1,0,0,44,0
444.namd,444.namd_150,2,34,0,4,16,60,7,1,1,0,0,39,0
444.namd,444.namd_151,2,47,10,8,18,95,3,4,1,0,0,65,0
444.namd,444.namd_152,2,65,10,10,24,133,8,4,1,0,0,93,0
444.namd,444.namd_153,2,26,0,5,13,54,4,0,1,0,0,37,0
444.namd,444.namd_154,2,183,77,1,78,335,19,0,1,0,0,274,0
444.namd,444.namd_155,2,186,79,1,79,341,19,0,1,0,0,278,0
444.namd,444.namd_156,1,294,3,35,87,499,68,3,1,0,0,322,0
444.namd,444.namd_157,1,16,0,5,3,29,3,2,1,0,0,15,0
444.namd,444.namd_158,1,19,0,3,7,33,4,1,1,0,0,22,0
444.namd,444.namd_159,1,24,0,4,8,44,6,1,1,0,0,27,0
444.namd,444.namd_160,2,6,0,2,2,11,0,1,1,0,0,7,0
444.namd,444.namd_161,2,6,0,2,2,11,0,1,1,0,0,7,0
444.namd,444.namd_162,2,4,0,1,2,7,0,0,1,0,0,5,0
444.namd,444.namd_163,2,31,9,2,16,61,3,1,1,0,0,44,0
444.namd,444.namd_164,2,34,0,4,16,60,7,1,1,0,0,39,0
444.namd,444.namd_165,2,47,10,8,18,95,3,4,1,0,0,65,0
444.namd,444.namd_166,2,65,10,10,24,133,8,4,1,0,0,93,0
444.namd,444.namd_167,2,10,0,3,4,17,0,1,1,0,0,10,0
444.namd,444.namd_168,2,12,0,3,6,21,0,1,1,0,0,14,0
444.namd,444.namd_169,2,26,0,5,13,54,4,0,1,0,0,37,0
444.namd,444.namd_170,2,167,61,1,78,303,19,0,1,0,0,242,0
444.namd,444.namd_171,2,170,63,1,79,309,19,0,1,0,0,246,0
444.namd,444.namd_172,1,324,3,39,87,549,72,4,1,0,0,366,0
444.namd,444.namd_173,1,19,0,3,7,33,4,1,1,0,0,22,0
444.namd,444.namd_174,1,24,0,4,8,44,6,1,1,0,0,27,0
444.namd,444.namd_175,2,6,0,2,2,11,0,1,1,0,0,7,0
444.namd,444.namd_176,2,6,0,2,2,11,0,1,1,0,0,7,0
444.namd,444.namd_177,2,4,0,1,2,7,0,0,1,0,0,5,0
444.namd,444.namd_178,2,31,9,2,16,61,3,1,1,0,0,44,0
444.namd,444.namd_179,2,34,0,4,16,60,7,1,1,0,0,39,0
444.namd,444.namd_180,2,47,10,8,18,95,3,4,1,0,0,65,0
444.namd,444.namd_181,2,65,10,10,24,133,8,4,1,0,0,93,0
444.namd,444.namd_182,2,10,0,3,4,17,0,1,1,0,0,10,0
444.namd,444.namd_183,2,12,0,3,6,21,0,1,1,0,0,14,0
444.namd,444.namd_184,2,26,0,5,13,54,4,0,1,0,0,37,0
444.namd,444.namd_185,2,183,77,1,78,335,19,0,1,0,0,274,0
444.namd,444.namd_186,2,186,79,1,79,341,19,0,1,0,0,278,0
444.namd,444.namd_187,1,328,3,39,87,553,72,4,1,0,0,370,0
444.namd,444.namd_188,1,19,0,3,7,33,4,1,1,0,0,22,0
444.namd,444.namd_189,1,24,0,4,8,44,6,1,1,0,0,27,0
444.namd,444.namd_190,2,31,9,2,16,61,3,1,1,0,0,44,0
444.namd,444.namd_191,2,34,0,4,16,60,7,1,1,0,0,39,0
444.namd,444.namd_192,2,47,10,8,18,95,3,4,1,0,0,65,0
444.namd,444.namd_193,2,65,10,10,24,133,8,4,1,0,0,93,0
444.namd,444.namd_194,2,26,0,5,13,54,4,0,1,0,0,37,0
444.namd,444.namd_195,2,233,94,1,108,429,21,0,1,0,0,346,0
444.namd,444.namd_196,2,255,104,1,118,468,22,0,1,0,0,378,0
444.namd,444.namd_197,2,129,47,1,62,234,15,0,1,0,0,187,0
444.namd,444.namd_198,1,316,3,36,88,524,72,3,1,0,0,345,0
444.namd,444.namd_199,1,16,0,5,3,29,3,2,1,0,0,15,0
444.namd,444.namd_200,1,19,0,3,7,33,4,1,1,0,0,22,0
444.namd,444.namd_201,1,24,0,4,8,44,6,1,1,0,0,27,0
444.namd,444.namd_202,2,31,9,2,16,61,3,1,1,0,0,44,0
444.namd,444.namd_203,2,34,0,4,16,60,7,1,1,0,0,39,0
444.namd,444.namd_204,2,47,10,8,18,95,3,4,1,0,0,65,0
444.namd,444.namd_205,2,65,10,10,24,133,8,4,1,0,0,93,0
444.namd,444.namd_206,2,26,0,5,13,54,4,0,1,0,0,37,0
444.namd,444.namd_207,2,257,118,1,108,477,21,0,1,0,0,394,0
444.namd,444.namd_208,2,279,128,1,118,516,22,0,1,0,0,426,0
444.namd,444.namd_209,2,137,55,1,62,250,15,0,1,0,0,203,0
444.namd,444.namd_210,1,323,3,36,88,531,72,3,1,0,0,352,0
444.namd,444.namd_211,1,16,0,5,3,29,3,2,1,0,0,15,0
444.namd,444.namd_212,1,19,0,3,7,33,4,1,1,0,0,22,0
444.namd,444.namd_213,1,24,0,4,8,44,6,1,1,0,0,27,0
444.namd,444.namd_214,2,6,0,2,2,11,0,1,1,0,0,7,0
444.namd,444.namd_215,2,6,0,2,2,11,0,1,1,0,0,7,0
444.namd,444.namd_216,2,4,0,1,2,7,0,0,1,0,0,5,0
444.namd,444.namd_217,2,31,9,2,16,61,3,1,1,0,0,44,0
444.namd,444.namd_218,2,34,0,4,16,60,7,1,1,0,0,39,0
444.namd,444.namd_219,2,47,10,8,18,95,3,4,1,0,0,65,0
444.namd,444.namd_220,2,65,10,10,24,133,8,4,1,0,0,93,0
444.namd,444.namd_221,2,10,0,3,4,17,0,1,1,0,0,10,0
444.namd,444.namd_222,2,12,0,3,6,21,0,1,1,0,0,14,0
444.namd,444.namd_223,2,26,0,5,13,54,4,0,1,0,0,37,0
444.namd,444.namd_224,2,233,94,1,108,429,21,0,1,0,0,346,0
444.namd,444.namd_225,2,255,104,1,118,468,22,0,1,0,0,378,0
444.namd,444.namd_226,2,129,47,1,62,234,15,0,1,0,0,187,0
444.namd,444.namd_227,1,350,3,40,88,578,76,4,1,0,0,393,0
444.namd,444.namd_228,1,19,0,3,7,33,4,1,1,0,0,22,0
444.namd,444.namd_229,1,24,0,4,8,44,6,1,1,0,0,27,0
444.namd,444.namd_230,2,6,0,2,2,11,0,1,1,0,0,7,0
444.namd,444.namd_231,2,6,0,2,2,11,0,1,1,0,0,7,0
444.namd,444.namd_232,2,4,0,1,2,7,0,0,1,0,0,5,0
444.namd,444.namd_233,2,31,9,2,16,61,3,1,1,0,0,44,0
444.namd,444.namd_234,2,34,0,4,16,60,7,1,1,0,0,39,0
444.namd,444.namd_235,2,47,10,8,18,95,3,4,1,0,0,65,0
444.namd,444.namd_236,2,65,10,10,24,133,8,4,1,0,0,93,0
444.namd,444.namd_237,2,10,0,3,4,17,0,1,1,0,0,10,0
444.namd,444.namd_238,2,12,0,3,6,21,0,1,1,0,0,14,0
444.namd,444.namd_239,2,26,0,5,13,54,4,0,1,0,0,37,0
444.namd,444.namd_240,2,257,118,1,108,477,21,0,1,0,0,394,0
444.namd,444.namd_241,2,279,128,1,118,516,22,0,1,0,0,426,0
444.namd,444.namd_242,2,137,55,1,62,250,15,0,1,0,0,203,0
444.namd,444.namd_243,1,357,3,40,88,585,76,4,1,0,0,400,0
444.namd,444.namd_244,1,19,0,3,7,33,4,1,1,0,0,22,0
444.namd,444.namd_245,1,24,0,4,8,44,6,1,1,0,0,27,0
444.namd,444.namd_246,2,31,9,2,16,61,3,1,1,0,0,44,0
444.namd,444.namd_247,2,34,0,4,16,60,7,1,1,0,0,39,0
444.namd,444.namd_248,2,47,10,8,18,95,3,4,1,0,0,65,0
444.namd,444.namd_249,2,65,10,10,24,133,8,4,1,0,0,93,0
444.namd,444.namd_250,2,26,0,5,13,54,4,0,1,0,0,37,0
444.namd,444.namd_251,2,167,61,1,78,303,19,0,1,0,0,242,0
444.namd,444.namd_252,2,188,69,1,89,340,20,0,1,0,0,272,0
444.namd,444.namd_253,2,129,47,1,62,234,15,0,1,0,0,187,0
444.namd,444.namd_254,1,302,3,36,87,509,71,3,1,0,0,330,0
444.namd,444.namd_255,1,16,0,5,3,29,3,2,1,0,0,15,0
444.namd,444.namd_256,1,19,0,3,7,33,4,1,1,0,0,22,0
444.namd,444.namd_257,1,24,0,4,8,44,6,1,1,0,0,27,0
444.namd,444.namd_258,2,31,9,2,16,61,3,1,1,0,0,44,0
444.namd,444.namd_259,2,34,0,4,16,60,7,1,1,0,0,39,0
444.namd,444.namd_260,2,47,10,8,18,95,3,4,1,0,0,65,0
444.namd,444.namd_261,2,65,10,10,24,133,8,4,1,0,0,93,0
444.namd,444.namd_262,2,26,0,5,13,54,4,0,1,0,0,37,0
444.namd,444.namd_263,2,183,77,1,78,335,19,0,1,0,0,274,0
444.namd,444.namd_264,2,204,85,1,89,372,20,0,1,0,0,304,0
444.namd,444.namd_265,2,137,55,1,62,250,15,0,1,0,0,203,0
444.namd,444.namd_266,1,307,3,36,87,514,71,3,1,0,0,335,0
444.namd,444.namd_267,1,16,0,5,3,29,3,2,1,0,0,15,0
444.namd,444.namd_268,1,19,0,3,7,33,4,1,1,0,0,22,0
444.namd,444.namd_269,1,24,0,4,8,44,6,1,1,0,0,27,0
444.namd,444.namd_270,2,6,0,2,2,11,0,1,1,0,0,7,0
444.namd,444.namd_271,2,6,0,2,2,11,0,1,1,0,0,7,0
444.namd,444.namd_272,2,4,0,1,2,7,0,0,1,0,0,5,0
444.namd,444.namd_273,2,31,9,2,16,61,3,1,1,0,0,44,0
444.namd,444.namd_274,2,34,0,4,16,60,7,1,1,0,0,39,0
444.namd,444.namd_275,2,47,10,8,18,95,3,4,1,0,0,65,0
444.namd,444.namd_276,2,65,10,10,24,133,8,4,1,0,0,93,0
444.namd,444.namd_277,2,10,0,3,4,17,0,1,1,0,0,10,0
444.namd,444.namd_278,2,12,0,3,6,21,0,1,1,0,0,14,0
444.namd,444.namd_279,2,26,0,5,13,54,4,0,1,0,0,37,0
444.namd,444.namd_280,2,167,61,1,78,303,19,0,1,0,0,242,0
444.namd,444.namd_281,2,188,69,1,89,340,20,0,1,0,0,272,0
444.namd,444.namd_282,2,129,47,1,62,234,15,0,1,0,0,187,0
444.namd,444.namd_283,1,336,3,40,87,563,75,4,1,0,0,378,0
444.namd,444.namd_284,1,19,0,3,7,33,4,1,1,0,0,22,0
444.namd,444.namd_285,1,24,0,4,8,44,6,1,1,0,0,27,0
444.namd,444.namd_286,2,6,0,2,2,11,0,1,1,0,0,7,0
444.namd,444.namd_287,2,6,0,2,2,11,0,1,1,0,0,7,0
444.namd,444.namd_288,2,4,0,1,2,7,0,0,1,0,0,5,0
444.namd,444.namd_289,2,31,9,2,16,61,3,1,1,0,0,44,0
444.namd,444.namd_290,2,34,0,4,16,60,7,1,1,0,0,39,0
444.namd,444.namd_291,2,47,10,8,18,95,3,4,1,0,0,65,0
444.namd,444.namd_292,2,65,10,10,24,133,8,4,1,0,0,93,0
444.namd,444.namd_293,2,10,0,3,4,17,0,1,1,0,0,10,0
444.namd,444.namd_294,2,12,0,3,6,21,0,1,1,0,0,14,0
444.namd,444.namd_295,2,26,0,5,13,54,4,0,1,0,0,37,0
444.namd,444.namd_296,2,183,77,1,78,335,19,0,1,0,0,274,0
444.namd,444.namd_297,2,204,85,1,89,372,20,0,1,0,0,304,0
444.namd,444.namd_298,2,137,55,1,62,250,15,0,1,0,0,203,0
444.namd,444.namd_299,1,341,3,40,87,568,75,4,1,0,0,383,0
444.namd,444.namd_300,1,19,0,3,7,33,4,1,1,0,0,22,0
444.namd,444.namd_301,1,24,0,4,8,44,6,1,1,0,0,27,0
444.namd,444.namd_302,2,31,9,2,16,61,3,1,1,0,0,44,0
444.namd,444.namd_303,2,34,0,4,16,60,7,1,1,0,0,39,0
444.namd,444.namd_304,2,47,10,8,18,95,3,4,1,0,0,65,0
444.namd,444.namd_305,2,65,10,10,24,133,8,4,1,0,0,93,0
444.namd,444.namd_306,2,26,0,5,13,54,4,0,1,0,0,37,0
444.namd,444.namd_307,2,114,43,1,53,209,14,0,1,0,0,167,0
444.namd,444.namd_308,2,133,51,1,62,242,15,0,1,0,0,195,0
444.namd,444.namd_309,2,129,47,1,62,234,15,0,1,0,0,187,0
444.namd,444.namd_310,1,302,3,36,87,509,71,3,1,0,0,330,0
444.namd,444.namd_311,1,16,0,5,3,29,3,2,1,0,0,15,0
444.namd,444.namd_312,1,19,0,3,7,33,4,1,1,0,0,22,0
444.namd,444.namd_313,1,24,0,4,8,44,6,1,1,0,0,27,0
444.namd,444.namd_314,2,31,9,2,16,61,3,1,1,0,0,44,0
444.namd,444.namd_315,2,34,0,4,16,60,7,1,1,0,0,39,0
444.namd,444.namd_316,2,47,10,8,18,95,3,4,1,0,0,65,0
444.namd,444.namd_317,2,65,10,10,24,133,8,4,1,0,0,93,0
444.namd,444.namd_318,2,26,0,5,13,54,4,0,1,0,0,37,0
444.namd,444.namd_319,2,122,51,1,53,225,14,0,1,0,0,183,0
444.namd,444.namd_320,2,141,59,1,62,258,15,0,1,0,0,211,0
444.namd,444.namd_321,2,137,55,1,62,250,15,0,1,0,0,203,0
444.namd,444.namd_322,1,305,3,36,87,512,71,3,1,0,0,333,0
444.namd,444.namd_323,1,16,0,5,3,29,3,2,1,0,0,15,0
444.namd,444.namd_324,1,19,0,3,7,33,4,1,1,0,0,22,0
444.namd,444.namd_325,1,24,0,4,8,44,6,1,1,0,0,27,0
444.namd,444.namd_326,2,6,0,2,2,11,0,1,1,0,0,7,0
444.namd,444.namd_327,2,6,0,2,2,11,0,1,1,0,0,7,0
444.namd,444.namd_328,2,4,0,1,2,7,0,0,1,0,0,5,0
444.namd,444.namd_329,2,31,9,2,16,61,3,1,1,0,0,44,0
444.namd,444.namd_330,2,34,0,4,16,60,7,1,1,0,0,39,0
444.namd,444.namd_331,2,47,10,8,18,95,3,4,1,0,0,65,0
444.namd,444.namd_332,2,65,10,10,24,133,8,4,1,0,0,93,0
444.namd,444.namd_333,2,10,0,3,4,17,0,1,1,0,0,10,0
444.namd,444.namd_334,2,12,0,3,6,21,0,1,1,0,0,14,0
444.namd,444.namd_335,2,26,0,5,13,54,4,0,1,0,0,37,0
444.namd,444.namd_336,2,114,43,1,53,209,14,0,1,0,0,167,0
444.namd,444.namd_337,2,133,51,1,62,242,15,0,1,0,0,195,0
444.namd,444.namd_338,2,129,47,1,62,234,15,0,1,0,0,187,0
444.namd,444.namd_339,1,336,3,40,87,563,75,4,1,0,0,378,0
444.namd,444.namd_340,1,19,0,3,7,33,4,1,1,0,0,22,0
444.namd,444.namd_341,1,24,0,4,8,44,6,1,1,0,0,27,0
444.namd,444.namd_342,2,6,0,2,2,11,0,1,1,0,0,7,0
444.namd,444.namd_343,2,6,0,2,2,11,0,1,1,0,0,7,0
444.namd,444.namd_344,2,4,0,1,2,7,0,0,1,0,0,5,0
444.namd,444.namd_345,2,31,9,2,16,61,3,1,1,0,0,44,0
444.namd,444.namd_346,2,34,0,4,16,60,7,1,1,0,0,39,0
444.namd,444.namd_347,2,47,10,8,18,95,3,4,1,0,0,65,0
444.namd,444.namd_348,2,65,10,10,24,133,8,4,1,0,0,93,0
444.namd,444.namd_349,2,10,0,3,4,17,0,1,1,0,0,10,0
444.namd,444.namd_350,2,12,0,3,6,21,0,1,1,0,0,14,0
444.namd,444.namd_351,2,26,0,5,13,54,4,0,1,0,0,37,0
444.namd,444.namd_352,2,122,51,1,53,225,14,0,1,0,0,183,0
444.namd,444.namd_353,2,141,59,1,62,258,15,0,1,0,0,211,0
444.namd,444.namd_354,2,137,55,1,62,250,15,0,1,0,0,203,0
444.namd,444.namd_355,1,339,3,40,87,566,75,4,1,0,0,381,0
444.namd,444.namd_356,1,19,0,3,7,33,4,1,1,0,0,22,0
444.namd,444.namd_357,1,24,0,4,8,44,6,1,1,0,0,27,0
444.namd,444.namd_358,2,31,9,2,16,61,3,1,1,0,0,44,0
444.namd,444.namd_359,2,34,0,4,16,60,7,1,1,0,0,39,0
444.namd,444.namd_360,2,47,10,8,18,95,3,4,1,0,0,65,0
444.namd,444.namd_361,2,65,10,10,24,133,8,4,1,0,0,93,0
444.namd,444.namd_362,2,26,0,5,13,54,4,0,1,0,0,37,0
444.namd,444.namd_363,2,159,60,1,74,290,16,0,1,0,0,232,0
444.namd,444.namd_364,2,162,62,1,75,296,16,0,1,0,0,236,0
444.namd,444.namd_365,1,280,3,35,82,479,65,3,1,0,0,308,0
444.namd,444.namd_366,1,16,0,5,3,29,3,2,1,0,0,15,0
444.namd,444.namd_367,1,19,0,3,7,33,4,1,1,0,0,22,0
444.namd,444.namd_368,1,24,0,4,8,44,6,1,1,0,0,27,0
444.namd,444.namd_369,2,31,9,2,16,61,3,1,1,0,0,44,0
444.namd,444.namd_370,2,34,0,4,16,60,7,1,1,0,0,39,0
444.namd,444.namd_371,2,47,10,8,18,95,3,4,1,0,0,65,0
444.namd,444.namd_372,2,65,10,10,24,133,8,4,1,0,0,93,0
444.namd,444.namd_373,2,26,0,5,13,54,4,0,1,0,0,37,0
444.namd,444.namd_374,2,173,74,1,74,318,16,0,1,0,0,260,0
444.namd,444.namd_375,2,176,76,1,75,324,16,0,1,0,0,264,0
444.namd,444.namd_376,1,284,3,35,82,483,65,3,1,0,0,312,0
444.namd,444.namd_377,1,16,0,5,3,29,3,2,1,0,0,15,0
444.namd,444.namd_378,1,19,0,3,7,33,4,1,1,0,0,22,0
444.namd,444.namd_379,1,24,0,4,8,44,6,1,1,0,0,27,0
444.namd,444.namd_380,2,6,0,2,2,11,0,1,1,0,0,7,0
444.namd,444.namd_381,2,6,0,2,2,11,0,1,1,0,0,7,0
444.namd,444.namd_382,2,4,0,1,2,7,0,0,1,0,0,5,0
444.namd,444.namd_383,2,31,9,2,16,61,3,1,1,0,0,44,0
444.namd,444.namd_384,2,34,0,4,16,60,7,1,1,0,0,39,0
444.namd,444.namd_385,2,47,10,8,18,95,3,4,1,0,0,65,0
444.namd,444.namd_386,2,65,10,10,24,133,8,4,1,0,0,93,0
444.namd,444.namd_387,2,10,0,3,4,17,0,1,1,0,0,10,0
444.namd,444.namd_388,2,12,0,3,6,21,0,1,1,0,0,14,0
444.namd,444.namd_389,2,26,0,5,13,54,4,0,1,0,0,37,0
444.namd,444.namd_390,2,159,60,1,74,290,16,0,1,0,0,232,0
444.namd,444.namd_391,2,162,62,1,75,296,16,0,1,0,0,236,0
444.namd,444.namd_392,1,314,3,39,82,533,69,4,1,0,0,356,0
444.namd,444.namd_393,1,19,0,3,7,33,4,1,1,0,0,22,0
444.namd,444.namd_394,1,24,0,4,8,44,6,1,1,0,0,27,0
444.namd,444.namd_395,2,6,0,2,2,11,0,1,1,0,0,7,0
444.namd,444.namd_396,2,6,0,2,2,11,0,1,1,0,0,7,0
444.namd,444.namd_397,2,4,0,1,2,7,0,0,1,0,0,5,0
444.namd,444.namd_398,2,31,9,2,16,61,3,1,1,0,0,44,0
444.namd,444.namd_399,2,34,0,4,16,60,7,1,1,0,0,39,0
444.namd,444.namd_400,2,47,10,8,18,95,3,4,1,0,0,65,0
444.namd,444.namd_401,2,65,10,10,24,133,8,4,1,0,0,93,0
444.namd,444.namd_402,2,10,0,3,4,17,0,1,1,0,0,10,0
444.namd,444.namd_403,2,12,0,3,6,21,0,1,1,0,0,14,0
444.namd,444.namd_404,2,26,0,5,13,54,4,0,1,0,0,37,0
444.namd,444.namd_405,2,173,74,1,74,318,16,0,1,0,0,260,0
444.namd,444.namd_406,2,176,76,1,75,324,16,0,1,0,0,264,0
444.namd,444.namd_407,1,318,3,39,82,537,69,4,1,0,0,360,0
444.namd,444.namd_408,1,19,0,3,7,33,4,1,1,0,0,22,0
444.namd,444.namd_409,1,24,0,4,8,44,6,1,1,0,0,27,0
444.namd,444.namd_410,2,31,9,2,16,61,3,1,1,0,0,44,0
444.namd,444.namd_411,2,34,0,4,16,60,7,1,1,0,0,39,0
444.namd,444.namd_412,2,47,10,8,18,95,3,4,1,0,0,65,0
444.namd,444.namd_413,2,65,10,10,24,133,8,4,1,0,0,93,0
444.namd,444.namd_414,2,26,0,5,13,54,4,0,1,0,0,37,0
444.namd,444.namd_415,2,224,92,1,104,414,18,0,1,0,0,334,0
444.namd,444.namd_416,2,246,102,1,114,453,19,0,1,0,0,366,0
444.namd,444.namd_417,2,121,46,1,58,221,12,0,1,0,0,177,0
444.namd,444.namd_418,1,306,3,36,83,508,69,3,1,0,0,335,0
444.namd,444.namd_419,1,16,0,5,3,29,3,2,1,0,0,15,0
444.namd,444.namd_420,1,19,0,3,7,33,4,1,1,0,0,22,0
444.namd,444.namd_421,1,24,0,4,8,44,6,1,1,0,0,27,0
444.namd,444.namd_422,2,31,9,2,16,61,3,1,1,0,0,44,0
444.namd,444.namd_423,2,34,0,4,16,60,7,1,1,0,0,39,0
444.namd,444.namd_424,2,47,10,8,18,95,3,4,1,0,0,65,0
444.namd,444.namd_425,2,65,10,10,24,133,8,4,1,0,0,93,0
444.namd,444.namd_426,2,26,0,5,13,54,4,0,1,0,0,37,0
444.namd,444.namd_427,2,245,113,1,104,456,18,0,1,0,0,376,0
444.namd,444.namd_428,2,267,123,1,114,495,19,0,1,0,0,408,0
444.namd,444.namd_429,2,128,53,1,58,235,12,0,1,0,0,191,0
444.namd,444.namd_430,1,313,3,36,83,515,69,3,1,0,0,342,0
444.namd,444.namd_431,1,16,0,5,3,29,3,2,1,0,0,15,0
444.namd,444.namd_432,1,19,0,3,7,33,4,1,1,0,0,22,0
444.namd,444.namd_433,1,24,0,4,8,44,6,1,1,0,0,27,0
444.namd,444.namd_434,2,6,0,2,2,11,0,1,1,0,0,7,0
444.namd,444.namd_435,2,6,0,2,2,11,0,1,1,0,0,7,0
444.namd,444.namd_436,2,4,0,1,2,7,0,0,1,0,0,5,0
444.namd,444.namd_437,2,31,9,2,16,61,3,1,1,0,0,44,0
444.namd,444.namd_438,2,34,0,4,16,60,7,1,1,0,0,39,0
444.namd,444.namd_439,2,47,10,8,18,95,3,4,1,0,0,65,0
444.namd,444.namd_440,2,65,10,10,24,133,8,4,1,0,0,93,0
444.namd,444.namd_441,2,10,0,3,4,17,0,1,1,0,0,10,0
444.namd,444.namd_442,2,12,0,3,6,21,0,1,1,0,0,14,0
444.namd,444.namd_443,2,26,0,5,13,54,4,0,1,0,0,37,0
444.namd,444.namd_444,2,224,92,1,104,414,18,0,1,0,0,334,0
444.namd,444.namd_445,2,246,102,1,114,453,19,0,1,0,0,366,0
444.namd,444.namd_446,2,121,46,1,58,221,12,0,1,0,0,177,0
444.namd,444.namd_447,1,340,3,40,83,562,73,4,1,0,0,383,0
444.namd,444.namd_448,1,19,0,3,7,33,4,1,1,0,0,22,0
444.namd,444.namd_449,1,24,0,4,8,44,6,1,1,0,0,27,0
444.namd,444.namd_450,2,6,0,2,2,11,0,1,1,0,0,7,0
444.namd,444.namd_451,2,6,0,2,2,11,0,1,1,0,0,7,0
444.namd,444.namd_452,2,4,0,1,2,7,0,0,1,0,0,5,0
444.namd,444.namd_453,2,31,9,2,16,61,3,1,1,0,0,44,0
444.namd,444.namd_454,2,34,0,4,16,60,7,1,1,0,0,39,0
444.namd,444.namd_455,2,47,10,8,18,95,3,4,1,0,0,65,0
444.namd,444.namd_456,2,65,10,10,24,133,8,4,1,0,0,93,0
444.namd,444.namd_457,2,10,0,3,4,17,0,1,1,0,0,10,0
444.namd,444.namd_458,2,12,0,3,6,21,0,1,1,0,0,14,0
444.namd,444.namd_459,2,26,0,5,13,54,4,0,1,0,0,37,0
444.namd,444.namd_460,2,245,113,1,104,456,18,0,1,0,0,376,0
444.namd,444.namd_461,2,267,123,1,114,495,19,0,1,0,0,408,0
444.namd,444.namd_462,2,128,53,1,58,235,12,0,1,0,0,191,0
444.namd,444.namd_463,1,347,3,40,83,569,73,4,1,0,0,390,0
444.namd,444.namd_464,1,19,0,3,7,33,4,1,1,0,0,22,0
444.namd,444.namd_465,1,24,0,4,8,44,6,1,1,0,0,27,0
444.namd,444.namd_466,2,31,9,2,16,61,3,1,1,0,0,44,0
444.namd,444.namd_467,2,34,0,4,16,60,7,1,1,0,0,39,0
444.namd,444.namd_468,2,47,10,8,18,95,3,4,1,0,0,65,0
444.namd,444.namd_469,2,65,10,10,24,133,8,4,1,0,0,93,0
444.namd,444.namd_470,2,26,0,5,13,54,4,0,1,0,0,37,0
444.namd,444.namd_471,2,159,60,1,74,290,16,0,1,0,0,232,0
444.namd,444.namd_472,2,180,68,1,85,327,17,0,1,0,0,262,0
444.namd,444.namd_473,2,121,46,1,58,221,12,0,1,0,0,177,0
444.namd,444.namd_474,1,292,3,36,82,493,68,3,1,0,0,320,0
444.namd,444.namd_475,1,16,0,5,3,29,3,2,1,0,0,15,0
444.namd,444.namd_476,1,19,0,3,7,33,4,1,1,0,0,22,0
444.namd,444.namd_477,1,24,0,4,8,44,6,1,1,0,0,27,0
444.namd,444.namd_478,2,31,9,2,16,61,3,1,1,0,0,44,0
444.namd,444.namd_479,2,34,0,4,16,60,7,1,1,0,0,39,0
444.namd,444.namd_480,2,47,10,8,18,95,3,4,1,0,0,65,0
444.namd,444.namd_481,2,65,10,10,24,133,8,4,1,0,0,93,0
444.namd,444.namd_482,2,26,0,5,13,54,4,0,1,0,0,37,0
444.namd,444.namd_483,2,173,74,1,74,318,16,0,1,0,0,260,0
444.namd,444.namd_484,2,194,82,1,85,355,17,0,1,0,0,290,0
444.namd,444.namd_485,2,128,53,1,58,235,12,0,1,0,0,191,0
444.namd,444.namd_486,1,297,3,36,82,498,68,3,1,0,0,325,0
444.namd,444.namd_487,1,16,0,5,3,29,3,2,1,0,0,15,0
444.namd,444.namd_488,1,19,0,3,7,33,4,1,1,0,0,22,0
444.namd,444.namd_489,1,24,0,4,8,44,6,1,1,0,0,27,0
444.namd,444.namd_490,2,6,0,2,2,11,0,1,1,0,0,7,0
444.namd,444.namd_491,2,6,0,2,2,11,0,1,1,0,0,7,0
444.namd,444.namd_492,2,4,0,1,2,7,0,0,1,0,0,5,0
444.namd,444.namd_493,2,31,9,2,16,61,3,1,1,0,0,44,0
444.namd,444.namd_494,2,34,0,4,16,60,7,1,1,0,0,39,0
444.namd,444.namd_495,2,47,10,8,18,95,3,4,1,0,0,65,0
444.namd,444.namd_496,2,65,10,10,24,133,8,4,1,0,0,93,0
444.namd,444.namd_497,2,10,0,3,4,17,0,1,1,0,0,10,0
444.namd,444.namd_498,2,12,0,3,6,21,0,1,1,0,0,14,0
444.namd,444.namd_499,2,26,0,5,13,54,4,0,1,0,0,37,0
444.namd,444.namd_500,2,159,60,1,74,290,16,0,1,0,0,232,0
444.namd,444.namd_501,2,180,68,1,85,327,17,0,1,0,0,262,0
444.namd,444.namd_502,2,121,46,1,58,221,12,0,1,0,0,177,0
444.namd,444.namd_503,1,326,3,40,82,547,72,4,1,0,0,368,0
444.namd,444.namd_504,1,19,0,3,7,33,4,1,1,0,0,22,0
444.namd,444.namd_505,1,24,0,4,8,44,6,1,1,0,0,27,0
444.namd,444.namd_506,2,6,0,2,2,11,0,1,1,0,0,7,0
444.namd,444.namd_507,2,6,0,2,2,11,0,1,1,0,0,7,0
444.namd,444.namd_508,2,4,0,1,2,7,0,0,1,0,0,5,0
444.namd,444.namd_509,2,31,9,2,16,61,3,1,1,0,0,44,0
444.namd,444.namd_510,2,34,0,4,16,60,7,1,1,0,0,39,0
444.namd,444.namd_511,2,47,10,8,18,95,3,4,1,0,0,65,0
444.namd,444.namd_512,2,65,10,10,24,133,8,4,1,0,0,93,0
444.namd,444.namd_513,2,10,0,3,4,17,0,1,1,0,0,10,0
444.namd,444.namd_514,2,12,0,3,6,21,0,1,1,0,0,14,0
444.namd,444.namd_515,2,26,0,5,13,54,4,0,1,0,0,37,0
444.namd,444.namd_516,2,173,74,1,74,318,16,0,1,0,0,260,0
444.namd,444.namd_517,2,194,82,1,85,355,17,0,1,0,0,290,0
444.namd,444.namd_518,2,128,53,1,58,235,12,0,1,0,0,191,0
444.namd,444.namd_519,1,331,3,40,82,552,72,4,1,0,0,373,0
444.namd,444.namd_520,1,19,0,3,7,33,4,1,1,0,0,22,0
444.namd,444.namd_521,1,24,0,4,8,44,6,1,1,0,0,27,0
444.namd,444.namd_522,2,31,9,2,16,61,3,1,1,0,0,44,0
444.namd,444.namd_523,2,34,0,4,16,60,7,1,1,0,0,39,0
444.namd,444.namd_524,2,47,10,8,18,95,3,4,1,0,0,65,0
444.namd,444.namd_525,2,65,10,10,24,133,8,4,1,0,0,93,0
444.namd,444.namd_526,2,26,0,5,13,54,4,0,1,0,0,37,0
444.namd,444.namd_527,2,106,42,1,49,196,11,0,1,0,0,157,0
444.namd,444.namd_528,2,125,50,1,58,229,12,0,1,0,0,185,0
444.namd,444.namd_529,2,121,46,1,58,221,12,0,1,0,0,177,0
444.namd,444.namd_530,1,292,3,36,82,493,68,3,1,0,0,320,0
444.namd,444.namd_531,1,16,0,5,3,29,3,2,1,0,0,15,0
444.namd,444.namd_532,1,19,0,3,7,33,4,1,1,0,0,22,0
444.namd,444.namd_533,1,24,0,4,8,44,6,1,1,0,0,27,0
444.namd,444.namd_534,2,31,9,2,16,61,3,1,1,0,0,44,0
444.namd,444.namd_535,2,34,0,4,16,60,7,1,1,0,0,39,0
444.namd,444.namd_536,2,47,10,8,18,95,3,4,1,0,0,65,0
444.namd,444.namd_537,2,65,10,10,24,133,8,4,1,0,0,93,0
444.namd,444.namd_538,2,26,0,5,13,54,4,0,1,0,0,37,0
444.namd,444.namd_539,2,113,49,1,49,210,11,0,1,0,0,171,0
444.namd,444.namd_540,2,132,57,1,58,243,12,0,1,0,0,199,0
444.namd,444.namd_541,2,128,53,1,58,235,12,0,1,0,0,191,0
444.namd,444.namd_542,1,295,3,36,82,496,68,3,1,0,0,323,0
444.namd,444.namd_543,1,16,0,5,3,29,3,2,1,0,0,15,0
444.namd,444.namd_544,1,19,0,3,7,33,4,1,1,0,0,22,0
444.namd,444.namd_545,1,24,0,4,8,44,6,1,1,0,0,27,0
444.namd,444.namd_546,2,6,0,2,2,11,0,1,1,0,0,7,0
444.namd,444.namd_547,2,6,0,2,2,11,0,1,1,0,0,7,0
444.namd,444.namd_548,2,4,0,1,2,7,0,0,1,0,0,5,0
444.namd,444.namd_549,2,31,9,2,16,61,3,1,1,0,0,44,0
444.namd,444.namd_550,2,34,0,4,16,60,7,1,1,0,0,39,0
444.namd,444.namd_551,2,47,10,8,18,95,3,4,1,0,0,65,0
444.namd,444.namd_552,2,65,10,10,24,133,8,4,1,0,0,93,0
444.namd,444.namd_553,2,10,0,3,4,17,0,1,1,0,0,10,0
444.namd,444.namd_554,2,12,0,3,6,21,0,1,1,0,0,14,0
444.namd,444.namd_555,2,26,0,5,13,54,4,0,1,0,0,37,0
444.namd,444.namd_556,2,106,42,1,49,196,11,0,1,0,0,157,0
444.namd,444.namd_557,2,125,50,1,58,229,12,0,1,0,0,185,0
444.namd,444.namd_558,2,121,46,1,58,221,12,0,1,0,0,177,0
444.namd,444.namd_559,1,326,3,40,82,547,72,4,1,0,0,368,0
444.namd,444.namd_560,1,19,0,3,7,33,4,1,1,0,0,22,0
444.namd,444.namd_561,1,24,0,4,8,44,6,1,1,0,0,27,0
444.namd,444.namd_562,2,6,0,2,2,11,0,1,1,0,0,7,0
444.namd,444.namd_563,2,6,0,2,2,11,0,1,1,0,0,7,0
444.namd,444.namd_564,2,4,0,1,2,7,0,0,1,0,0,5,0
444.namd,444.namd_565,2,31,9,2,16,61,3,1,1,0,0,44,0
444.namd,444.namd_566,2,34,0,4,16,60,7,1,1,0,0,39,0
444.namd,444.namd_567,2,47,10,8,18,95,3,4,1,0,0,65,0
444.namd,444.namd_568,2,65,10,10,24,133,8,4,1,0,0,93,0
444.namd,444.namd_569,2,10,0,3,4,17,0,1,1,0,0,10,0
444.namd,444.namd_570,2,12,0,3,6,21,0,1,1,0,0,14,0
444.namd,444.namd_571,2,26,0,5,13,54,4,0,1,0,0,37,0
444.namd,444.namd_572,2,113,49,1,49,210,11,0,1,0,0,171,0
444.namd,444.namd_573,2,132,57,1,58,243,12,0,1,0,0,199,0
444.namd,444.namd_574,2,128,53,1,58,235,12,0,1,0,0,191,0
444.namd,444.namd_575,1,329,3,40,82,550,72,4,1,0,0,371,0
444.namd,444.namd_576,1,19,0,3,7,33,4,1,1,0,0,22,0
444.namd,444.namd_577,1,24,0,4,8,44,6,1,1,0,0,27,0
444.namd,444.namd_578,2,44,0,2,26,95,6,1,-1,0,0,54,0
444.namd,444.namd_579,1,2,0,2,0,2,0,0,-1,0,0,0,0
444.namd,444.namd_580,1,0,0,0,0,0,0,0,1,0,0,0,0
444.namd,444.namd_581,2,9,0,2,4,18,1,1,-1,0,0,10,0
444.namd,444.namd_582,1,55,0,7,38,118,0,2,-1,0,0,60,0
444.namd,444.namd_583,1,0,0,0,0,0,0,0,1,0,0,0,0
444.namd,444.namd_584,1,0,0,0,0,0,0,0,1,0,0,0,0
444.namd,444.namd_585,1,0,0,0,0,0,0,0,1,0,0,0,0
444.namd,444.namd_586,1,3,0,1,0,3,2,0,1,0,0,2,0
444.namd,444.namd_587,1,10,0,4,2,23,0,2,-1,0,0,9,0
444.namd,444.namd_588,1,5,0,1,4,8,0,0,1,0,0,4,0
444.namd,444.namd_589,1,5,0,1,4,8,0,0,1,0,0,4,0
444.namd,444.namd_590,1,6,0,1,3,9,2,0,1,0,0,5,0
444.namd,444.namd_591,1,4,0,1,3,9,0,0,28,0,0,3,0
444.namd,444.namd_592,1,5,0,1,2,12,1,0,28,0,0,6,0
444.namd,444.namd_593,1,42,9,1,23,87,2,0,1,0,0,48,0
444.namd,444.namd_594,1,11,0,1,8,23,0,0,1,0,0,12,0
444.namd,444.namd_595,1,31,0,1,18,61,8,0,1,0,0,32,0
444.namd,444.namd_596,1,7,0,1,4,16,0,0,1,0,0,10,0
444.namd,444.namd_597,1,0,0,0,0,0,0,0,-1,0,0,0,0
444.namd,444.namd_598,1,95,0,2,61,194,12,1,-1,0,0,122,0
444.namd,444.namd_599,1,0,0,0,0,0,0,0,-1,0,0,0,0
444.namd,444.namd_600,1,0,0,0,0,0,0,0,-1,0,0,0,0
444.namd,444.namd_601,1,0,0,0,0,0,0,0,-1,0,0,0,0
444.namd,444.namd_602,1,0,0,0,0,0,0,0,-1,0,0,0,0
444.namd,444.namd_603,1,0,0,0,0,0,0,0,-1,0,0,0,0
444.namd,444.namd_604,1,0,0,0,0,0,0,0,-1,0,0,0,0
444.namd,444.namd_605,1,5,0,1,3,9,0,0,1,0,0,4,0
444.namd,444.namd_606,1,5,0,1,4,9,0,0,33,0,0,4,0
444.namd,444.namd_607,1,5,0,1,3,9,0,0,1,0,0,4,0
444.namd,444.namd_608,1,41,3,1,30,89,0,0,1,0,0,45,0
444.namd,444.namd_609,1,8,0,1,7,16,0,0,22,0,0,8,0
444.namd,444.namd_610,1,9,0,1,7,19,0,0,1,0,0,8,0
444.namd,444.namd_611,1,7,0,2,3,15,0,1,-1,0,0,6,0
444.namd,444.namd_612,1,0,0,0,0,0,0,0,-1,0,0,0,0
444.namd,444.namd_613,1,0,0,0,0,0,0,0,-1,0,0,0,0
444.namd,444.namd_614,1,13,0,1,9,32,0,0,8,0,0,14,0
444.namd,444.namd_615,1,13,0,1,11,35,0,0,8,0,0,14,0
444.namd,444.namd_616,1,6,0,1,4,10,0,0,10,0,0,6,0
444.namd,444.namd_617,1,12,2,1,8,20,0,0,10,0,0,14,0
444.namd,444.namd_618,1,20,0,7,3,53,0,1,-1,0,0,18,0
444.namd,444.namd_619,1,22,0,8,3,39,3,2,-1,0,0,20,0
444.namd,444.namd_620,1,191,6,31,72,596,6,2,-1,0,0,235,0
444.namd,444.namd_621,1,64,0,16,23,119,0,3,1,0,0,58,0
444.namd,444.namd_622,1,0,0,0,0,0,0,0,-1,-1,0,0,0
444.namd,444.namd_623,1,0,0,0,0,0,0,0,-1,-1,0,0,0
