445.gobmk,445.gobmk_1,2,25,0,4,10,46,6,2,-1,0,0,28,0
445.gobmk,445.gobmk_2,1,4,0,3,0,4,0,0,1,0,0,1,0
445.gobmk,445.gobmk_3,2,96,0,27,13,181,12,5,5,0,0,100,0
445.gobmk,445.gobmk_4,1,30,0,10,4,58,3,2,380,0,0,33,0
445.gobmk,445.gobmk_5,1,46,0,8,27,101,3,2,-1,0,0,45,0
445.gobmk,445.gobmk_6,2,43,0,8,19,83,9,2,-1,0,0,42,0
445.gobmk,445.gobmk_7,2,26,0,3,13,47,6,2,-1,0,0,27,0
445.gobmk,445.gobmk_8,2,6,0,1,1,18,1,1,-1,0,0,8,0
445.gobmk,445.gobmk_9,2,0,0,0,0,0,0,0,1,0,0,0,0
445.gobmk,445.gobmk_10,1,77,0,34,6,151,6,2,-1,0,0,63,0
445.gobmk,445.gobmk_11,2,16,0,4,6,32,2,2,380,0,0,21,0
445.gobmk,445.gobmk_12,2,16,0,3,6,31,2,2,-1,0,0,18,0
445.gobmk,445.gobmk_13,2,33,0,7,17,70,2,2,1,0,0,35,0
445.gobmk,445.gobmk_14,2,29,0,9,10,61,1,2,1,0,0,29,0
445.gobmk,445.gobmk_15,1,88,0,23,23,182,10,3,-1,0,0,86,0
445.gobmk,445.gobmk_16,3,42,0,10,11,80,7,2,5,0,0,46,0
445.gobmk,445.gobmk_17,2,211,0,52,44,414,28,6,-1,0,0,234,0
445.gobmk,445.gobmk_18,1,155,2,35,43,307,10,6,-1,0,0,182,0
445.gobmk,445.gobmk_19,1,70,0,15,22,146,8,3,-1,0,0,74,0
445.gobmk,445.gobmk_20,2,96,2,13,30,188,23,3,5,0,0,127,0
445.gobmk,445.gobmk_21,1,24,0,9,4,46,3,3,380,0,0,21,0
445.gobmk,445.gobmk_22,2,56,0,19,15,100,6,2,1,0,0,41,0
445.gobmk,445.gobmk_23,1,3,0,2,0,4,0,0,1,0,0,0,0
445.gobmk,445.gobmk_24,1,18,0,7,8,32,1,2,380,0,0,14,0
445.gobmk,445.gobmk_25,3,25,0,6,8,46,6,2,-1,0,0,26,0
445.gobmk,445.gobmk_26,2,69,0,21,16,135,6,3,380,0,0,81,0
445.gobmk,445.gobmk_27,1,5,0,1,0,6,0,0,1,0,0,4,0
445.gobmk,445.gobmk_28,1,50,0,15,23,103,4,2,380,0,0,46,0
445.gobmk,445.gobmk_29,1,127,0,27,74,256,7,2,380,0,0,109,0
445.gobmk,445.gobmk_30,1,20,0,4,10,39,3,1,380,0,0,21,0
445.gobmk,445.gobmk_31,1,68,0,17,20,132,0,4,1,0,0,59,0
445.gobmk,445.gobmk_32,1,11,0,1,10,25,0,0,1,0,0,12,0
445.gobmk,445.gobmk_33,1,11,0,1,10,25,0,0,1,4,0,12,0
445.gobmk,445.gobmk_34,1,2,0,1,0,3,0,0,1,722,0,1,0
445.gobmk,445.gobmk_35,1,54,0,7,31,103,10,2,380,758,0,50,0
445.gobmk,445.gobmk_36,1,9,0,3,4,17,1,1,380,758,0,7,0
445.gobmk,445.gobmk_37,1,18,0,4,6,34,2,1,422,760,0,16,0
445.gobmk,445.gobmk_38,1,19,0,5,4,34,3,2,-1,0,0,17,0
445.gobmk,445.gobmk_39,1,0,0,0,0,0,0,0,1,0,0,0,0
445.gobmk,445.gobmk_40,1,0,0,0,0,0,0,0,1,0,0,0,0
445.gobmk,445.gobmk_41,1,0,0,0,0,0,0,0,1,0,0,0,0
445.gobmk,445.gobmk_42,1,8,0,1,4,18,0,1,1,0,0,8,0
445.gobmk,445.gobmk_43,1,15,0,1,8,27,4,0,1,0,0,16,0
445.gobmk,445.gobmk_44,1,6,0,1,4,12,0,0,1,0,0,6,0
445.gobmk,445.gobmk_45,1,6,0,2,2,12,0,1,-1,0,0,5,0
445.gobmk,445.gobmk_46,1,13,0,3,6,25,2,1,1,0,0,14,0
445.gobmk,445.gobmk_47,1,117,0,19,40,221,20,4,-1,0,0,124,0
445.gobmk,445.gobmk_48,1,155,0,29,48,300,32,2,-1,0,0,161,0
445.gobmk,445.gobmk_49,1,20,0,4,9,34,3,2,1,0,0,21,0
445.gobmk,445.gobmk_50,1,7,0,1,5,11,1,0,1,0,0,7,0
445.gobmk,445.gobmk_51,1,100,0,10,48,175,24,1,1,0,0,116,0
445.gobmk,445.gobmk_52,1,33,0,7,14,63,6,3,-1,0,0,33,0
445.gobmk,445.gobmk_53,1,33,0,7,14,63,6,3,-1,0,0,33,0
445.gobmk,445.gobmk_54,1,33,0,7,14,63,6,3,-1,0,0,33,0
445.gobmk,445.gobmk_55,1,33,0,7,14,63,6,3,-1,0,0,33,0
445.gobmk,445.gobmk_56,3,34,0,7,12,64,5,2,-1,0,0,37,0
445.gobmk,445.gobmk_57,2,5,0,1,2,7,1,0,-1,0,0,4,0
445.gobmk,445.gobmk_58,1,74,0,12,31,136,13,2,-1,0,0,71,0
445.gobmk,445.gobmk_59,2,11,0,2,6,20,2,1,-1,0,0,12,0
445.gobmk,445.gobmk_60,2,80,0,12,34,151,16,3,-1,0,0,79,0
445.gobmk,445.gobmk_61,1,99,0,19,36,183,18,3,-1,0,0,99,0
445.gobmk,445.gobmk_62,2,121,0,24,40,229,19,3,-1,0,0,120,0
445.gobmk,445.gobmk_63,2,31,0,7,13,59,5,3,-1,0,0,31,0
445.gobmk,445.gobmk_64,1,101,0,21,40,185,18,4,-1,0,0,98,0
445.gobmk,445.gobmk_65,1,28,0,6,13,48,4,3,1,0,0,30,0
445.gobmk,445.gobmk_66,1,7,0,1,5,11,1,0,1,0,0,7,0
445.gobmk,445.gobmk_67,1,108,0,12,52,189,25,2,1,0,0,125,0
445.gobmk,445.gobmk_68,1,97,0,9,48,169,24,1,-1,0,0,112,0
445.gobmk,445.gobmk_69,1,11,0,3,4,19,2,1,1,0,0,11,0
445.gobmk,445.gobmk_70,1,10,0,1,8,20,1,0,1,0,0,11,0
445.gobmk,445.gobmk_71,1,18,0,3,10,35,2,1,1,0,0,19,0
445.gobmk,445.gobmk_72,1,18,0,3,10,35,2,1,1,0,0,19,0
445.gobmk,445.gobmk_73,2,78,0,6,45,145,16,2,5,0,0,87,0
445.gobmk,445.gobmk_74,1,3,0,2,0,3,0,0,1,0,0,1,0
445.gobmk,445.gobmk_75,1,20,0,1,16,38,3,0,1,0,0,21,0
445.gobmk,445.gobmk_76,1,114,0,10,52,210,26,1,-1,0,0,113,0
445.gobmk,445.gobmk_77,1,8,0,2,4,17,1,1,-1,0,0,9,0
445.gobmk,445.gobmk_78,1,0,0,0,0,0,0,0,1,0,0,0,0
445.gobmk,445.gobmk_79,1,5,0,2,2,10,0,1,-1,0,0,4,0
445.gobmk,445.gobmk_80,1,20,0,6,8,34,2,1,380,0,0,14,0
445.gobmk,445.gobmk_81,1,18,0,3,11,35,2,1,1,0,0,17,0
445.gobmk,445.gobmk_82,1,18,0,3,11,35,2,1,1,0,0,17,0
445.gobmk,445.gobmk_83,1,18,0,3,11,35,2,1,1,0,0,17,0
445.gobmk,445.gobmk_84,1,18,0,3,11,35,2,1,1,0,0,17,0
445.gobmk,445.gobmk_85,1,32,0,5,10,61,7,2,5,0,0,34,0
445.gobmk,445.gobmk_86,1,361,0,44,184,681,75,3,1,0,0,340,0
445.gobmk,445.gobmk_87,1,13,0,1,8,28,2,0,1,0,0,12,0
445.gobmk,445.gobmk_88,1,27,0,2,17,49,7,0,1,0,0,26,0
445.gobmk,445.gobmk_89,1,6,0,2,3,13,0,1,-1,0,0,6,0
445.gobmk,445.gobmk_90,1,11,0,1,8,22,2,0,1,0,0,10,0
445.gobmk,445.gobmk_91,1,59,0,3,41,121,11,1,1,0,0,62,0
445.gobmk,445.gobmk_92,1,48,0,8,26,91,10,3,1,0,0,43,0
445.gobmk,445.gobmk_93,1,0,0,0,0,0,0,0,1,0,0,0,0
445.gobmk,445.gobmk_94,1,181,0,28,88,341,35,3,1,0,0,160,0
445.gobmk,445.gobmk_95,1,23,0,3,15,47,3,1,1,0,0,21,0
445.gobmk,445.gobmk_96,1,6,0,2,3,13,0,1,-1,0,0,6,0
445.gobmk,445.gobmk_97,1,2,0,1,0,4,0,0,1,0,0,1,0
445.gobmk,445.gobmk_98,2,0,0,0,0,0,0,0,1,0,0,0,0
445.gobmk,445.gobmk_99,1,14,0,5,4,27,1,1,1,0,0,8,0
445.gobmk,445.gobmk_100,1,6,0,1,5,12,0,0,1,0,0,5,0
445.gobmk,445.gobmk_101,1,6,0,1,5,12,0,0,1,400000,0,5,0
445.gobmk,445.gobmk_102,1,5,0,1,4,9,0,0,1,560000,0,4,0
445.gobmk,445.gobmk_103,2,5,0,1,3,10,0,0,21,0,0,7,0
445.gobmk,445.gobmk_104,2,6,0,1,4,13,0,0,21,0,0,7,0
445.gobmk,445.gobmk_105,1,13,0,5,4,24,0,1,8,0,0,10,0
445.gobmk,445.gobmk_106,2,5,0,2,2,10,0,1,-1,0,0,5,0
445.gobmk,445.gobmk_107,1,50,0,11,28,95,4,2,1,0,0,45,0
445.gobmk,445.gobmk_108,2,4,0,1,3,9,0,0,21,0,0,5,0
445.gobmk,445.gobmk_109,1,2,0,2,0,2,0,0,8,0,0,0,0
445.gobmk,445.gobmk_110,2,10,0,2,7,23,0,1,-1,0,0,11,0
445.gobmk,445.gobmk_111,1,23,0,7,9,42,1,2,-1,0,0,18,0
445.gobmk,445.gobmk_112,1,12,0,2,7,23,1,1,1,0,0,10,0
445.gobmk,445.gobmk_113,1,10,0,3,4,21,0,1,-1,0,0,10,0
445.gobmk,445.gobmk_114,1,14,0,2,7,27,2,1,1,0,0,12,0
445.gobmk,445.gobmk_115,1,70,0,16,26,143,8,5,1,0,0,64,0
445.gobmk,445.gobmk_116,1,19,0,6,4,36,4,1,380,0,0,18,0
445.gobmk,445.gobmk_117,3,60,0,9,28,122,11,2,1,0,0,76,0
445.gobmk,445.gobmk_118,2,2,0,2,0,2,0,0,1,0,0,0,0
445.gobmk,445.gobmk_119,1,27,0,10,3,59,5,2,-1,0,0,21,0
445.gobmk,445.gobmk_120,1,48,0,16,10,103,6,2,380,0,0,38,0
445.gobmk,445.gobmk_121,1,19,0,6,5,50,2,2,1,0,0,15,0
445.gobmk,445.gobmk_122,1,38,0,14,10,74,3,2,380,0,0,32,0
445.gobmk,445.gobmk_123,2,14,0,4,4,27,3,1,380,0,0,13,0
445.gobmk,445.gobmk_124,1,27,0,8,10,55,3,2,380,0,0,26,0
445.gobmk,445.gobmk_125,1,70,0,24,36,143,2,2,380,0,0,54,0
445.gobmk,445.gobmk_126,3,38,0,9,12,77,6,3,5,0,0,43,0
445.gobmk,445.gobmk_127,2,28,0,6,12,57,2,2,1,0,0,35,0
445.gobmk,445.gobmk_128,1,38,0,9,10,77,7,1,380,0,0,37,0
445.gobmk,445.gobmk_129,2,31,0,8,6,77,3,3,-1,0,0,31,0
445.gobmk,445.gobmk_130,1,70,0,15,32,143,7,3,-1,0,0,63,0
445.gobmk,445.gobmk_131,1,13,0,4,4,25,2,1,380,0,0,11,0
445.gobmk,445.gobmk_132,1,5,0,2,1,9,0,1,1,0,0,4,0
445.gobmk,445.gobmk_133,2,71,0,20,11,132,16,4,-1,0,0,64,0
445.gobmk,445.gobmk_134,1,2,0,2,0,2,0,0,-1,0,0,0,0
445.gobmk,445.gobmk_135,2,15,0,2,8,34,1,1,-1,0,0,17,0
445.gobmk,445.gobmk_136,1,16,0,6,6,29,0,1,1,0,0,10,0
445.gobmk,445.gobmk_137,1,7,0,1,4,12,1,0,1,0,0,8,0
445.gobmk,445.gobmk_138,2,38,0,7,16,79,5,2,-1,0,0,46,0
445.gobmk,445.gobmk_139,3,47,0,8,20,98,7,2,-1,0,0,58,0
445.gobmk,445.gobmk_140,2,35,0,8,14,69,3,3,-1,0,0,41,0
445.gobmk,445.gobmk_141,2,4,0,1,2,7,0,0,1,0,0,3,0
445.gobmk,445.gobmk_142,1,47,0,13,15,88,4,2,-1,0,0,42,0
445.gobmk,445.gobmk_143,2,17,0,3,8,30,3,1,1,0,0,22,0
445.gobmk,445.gobmk_144,3,58,0,11,28,105,9,3,1,0,0,74,0
445.gobmk,445.gobmk_145,2,103,0,24,31,189,21,4,5,0,0,112,0
445.gobmk,445.gobmk_146,1,36,0,10,14,66,6,3,1,0,0,37,0
445.gobmk,445.gobmk_147,2,7,0,2,4,15,0,1,-1,0,0,7,0
445.gobmk,445.gobmk_148,1,20,0,6,6,37,2,1,1,0,0,17,0
445.gobmk,445.gobmk_149,1,127,0,39,41,264,7,4,1,0,0,112,0
445.gobmk,445.gobmk_150,1,15,0,3,8,31,2,1,-1,0,0,17,0
445.gobmk,445.gobmk_151,1,11,0,3,6,23,0,1,-1,0,0,10,0
445.gobmk,445.gobmk_152,1,8,0,2,4,15,1,1,-1,0,0,8,0
445.gobmk,445.gobmk_153,1,15,0,3,8,31,2,1,-1,0,0,17,0
445.gobmk,445.gobmk_154,1,11,0,3,6,23,0,1,-1,0,0,10,0
445.gobmk,445.gobmk_155,1,30,0,6,18,54,2,2,1,0,0,24,0
445.gobmk,445.gobmk_156,2,7,0,2,3,14,1,1,-1,0,0,6,0
445.gobmk,445.gobmk_157,1,55,0,14,22,101,7,2,380,0,0,48,0
445.gobmk,445.gobmk_158,2,9,0,2,5,18,1,1,-1,0,0,9,0
445.gobmk,445.gobmk_159,1,58,0,17,18,121,7,2,380,0,0,49,0
445.gobmk,445.gobmk_160,1,17,0,3,11,35,2,1,380,0,0,16,0
445.gobmk,445.gobmk_161,1,101,0,22,59,198,6,4,1,0,0,90,0
445.gobmk,445.gobmk_162,1,42,0,7,28,82,0,2,1,0,0,39,0
445.gobmk,445.gobmk_163,1,16,0,3,7,34,4,1,380,0,0,15,0
445.gobmk,445.gobmk_164,1,150,7,30,78,324,13,4,380,0,0,144,0
445.gobmk,445.gobmk_165,1,16,0,3,7,34,4,1,380,0,0,15,0
445.gobmk,445.gobmk_166,1,49,0,13,27,104,3,2,380,0,0,43,0
445.gobmk,445.gobmk_167,1,208,7,33,122,468,15,3,380,0,0,216,0
445.gobmk,445.gobmk_168,1,16,0,3,7,34,4,1,380,0,0,15,0
445.gobmk,445.gobmk_169,1,24,0,6,10,47,4,2,380,0,0,23,0
445.gobmk,445.gobmk_170,1,9,0,1,8,16,0,0,1,0,0,9,0
445.gobmk,445.gobmk_171,1,28,0,5,14,55,5,1,380,0,0,28,0
445.gobmk,445.gobmk_172,1,179,0,27,102,366,25,3,380,0,0,175,0
445.gobmk,445.gobmk_173,1,83,0,15,36,190,13,2,380,0,0,89,0
445.gobmk,445.gobmk_174,1,115,0,20,62,235,19,4,380,0,0,113,0
445.gobmk,445.gobmk_175,1,55,0,15,20,114,7,3,380,0,0,51,0
445.gobmk,445.gobmk_176,1,104,0,10,82,248,5,2,380,0,0,104,0
445.gobmk,445.gobmk_177,3,43,0,8,13,78,10,2,5,0,0,49,0
445.gobmk,445.gobmk_178,2,27,0,6,9,52,3,2,1,0,0,28,0
445.gobmk,445.gobmk_179,1,3,0,2,0,3,0,0,1,0,0,1,0
445.gobmk,445.gobmk_180,1,49,0,1,47,101,0,0,1,0,0,48,0
445.gobmk,445.gobmk_181,1,33,0,7,16,63,6,2,380,0,0,32,0
445.gobmk,445.gobmk_182,1,37,0,7,21,74,5,2,380,0,0,34,0
445.gobmk,445.gobmk_183,2,31,0,4,13,56,8,1,-1,0,0,36,0
445.gobmk,445.gobmk_184,2,29,0,4,10,56,8,2,-1,0,0,36,0
445.gobmk,445.gobmk_185,1,53,0,21,15,96,2,3,380,0,0,37,0
445.gobmk,445.gobmk_186,1,70,0,17,38,142,6,3,380,0,0,65,0
445.gobmk,445.gobmk_187,1,12,0,3,4,22,3,1,380,0,0,12,0
445.gobmk,445.gobmk_188,1,7,0,1,4,12,1,0,1,0,0,7,0
445.gobmk,445.gobmk_189,1,5,0,1,4,9,0,0,1,0,0,4,0
445.gobmk,445.gobmk_190,2,27,0,5,10,52,6,3,5,0,0,33,0
445.gobmk,445.gobmk_191,3,6,0,1,4,12,0,0,1,0,0,8,0
445.gobmk,445.gobmk_192,2,2,0,2,0,2,0,0,1,0,0,0,0
445.gobmk,445.gobmk_193,1,73,0,20,30,142,3,3,380,0,0,78,0
445.gobmk,445.gobmk_194,3,68,0,16,22,135,11,5,5,0,0,82,0
445.gobmk,445.gobmk_195,2,32,0,8,15,60,3,2,-1,0,0,32,0
445.gobmk,445.gobmk_196,1,4,0,4,0,4,0,0,6,0,0,0,0
445.gobmk,445.gobmk_197,1,30,0,7,17,61,3,2,380,0,0,31,0
445.gobmk,445.gobmk_198,2,16,1,3,12,33,0,1,1,0,0,23,0
445.gobmk,445.gobmk_199,1,2,0,2,0,2,0,0,4,0,0,0,0
445.gobmk,445.gobmk_200,1,18,0,5,7,40,0,3,380,0,0,22,0
445.gobmk,445.gobmk_201,2,37,0,6,18,69,8,2,5,0,0,42,0
445.gobmk,445.gobmk_202,1,16,0,5,4,28,4,2,380,0,0,13,0
445.gobmk,445.gobmk_203,1,15,0,4,5,32,2,1,-1,0,0,14,0
445.gobmk,445.gobmk_204,2,2,0,1,0,5,0,0,1,0,0,1,0
445.gobmk,445.gobmk_205,1,31,0,6,18,56,2,1,1,0,0,28,0
445.gobmk,445.gobmk_206,1,49,3,10,19,91,8,2,380,0,0,45,0
445.gobmk,445.gobmk_207,1,74,0,11,46,148,8,2,380,0,0,72,0
445.gobmk,445.gobmk_208,2,10,0,1,7,19,1,0,1,0,0,10,0
445.gobmk,445.gobmk_209,1,98,0,11,58,202,14,2,380,0,0,105,0
445.gobmk,445.gobmk_210,2,13,0,2,9,31,0,1,-1,0,0,16,0
445.gobmk,445.gobmk_211,2,19,0,4,12,44,0,2,-1,0,0,22,0
445.gobmk,445.gobmk_212,2,13,0,2,9,31,0,1,-1,0,0,16,0
445.gobmk,445.gobmk_213,2,19,0,4,12,44,0,2,-1,0,0,22,0
445.gobmk,445.gobmk_214,1,104,0,34,42,201,7,3,380,0,0,84,0
445.gobmk,445.gobmk_215,1,20,0,5,11,44,1,2,380,0,0,21,0
445.gobmk,445.gobmk_216,1,0,0,0,0,0,0,0,1,0,0,0,0
445.gobmk,445.gobmk_217,1,24,0,4,12,49,2,1,1,0,0,26,0
445.gobmk,445.gobmk_218,3,38,0,6,14,78,8,2,-1,0,0,37,0
445.gobmk,445.gobmk_219,2,702,0,89,186,1437,162,2,1,0,0,859,0
445.gobmk,445.gobmk_220,1,5,0,2,0,5,0,0,6,0,0,3,0
445.gobmk,445.gobmk_221,1,20,0,4,8,38,4,1,380,0,0,22,0
445.gobmk,445.gobmk_222,1,33,1,3,24,58,4,1,1,0,0,36,0
445.gobmk,445.gobmk_223,2,46,5,7,20,80,11,2,1,0,0,51,0
445.gobmk,445.gobmk_224,2,46,5,7,20,80,11,2,1,0,0,51,0
445.gobmk,445.gobmk_225,1,27,0,11,10,49,2,2,380,0,0,24,0
445.gobmk,445.gobmk_226,1,5,0,1,4,11,0,0,380,0,0,6,0
445.gobmk,445.gobmk_227,2,60,1,8,30,117,11,2,380,0,0,72,0
445.gobmk,445.gobmk_228,1,19,0,4,12,33,0,1,1,0,0,19,0
445.gobmk,445.gobmk_229,1,18,0,2,12,33,3,1,-1,0,0,19,0
445.gobmk,445.gobmk_230,1,18,0,2,12,33,3,1,-1,0,0,19,0
445.gobmk,445.gobmk_231,1,19,0,5,5,39,4,2,380,0,0,18,0
445.gobmk,445.gobmk_232,1,14,0,1,10,28,2,0,1,0,0,14,0
445.gobmk,445.gobmk_233,1,17,0,3,8,31,3,1,9,0,0,16,0
445.gobmk,445.gobmk_234,2,51,0,7,27,106,5,3,-1,0,0,58,0
445.gobmk,445.gobmk_235,1,15,0,4,8,25,2,1,-1,0,0,14,0
445.gobmk,445.gobmk_236,1,50,0,5,31,94,7,2,1,0,0,55,0
445.gobmk,445.gobmk_237,1,9,0,2,5,17,1,1,-1,0,0,8,0
445.gobmk,445.gobmk_238,2,15,0,3,4,27,4,1,5,0,0,17,0
445.gobmk,445.gobmk_239,2,20,0,3,8,38,5,1,-1,0,0,22,0
445.gobmk,445.gobmk_240,2,30,0,4,12,60,7,2,-1,0,0,33,0
445.gobmk,445.gobmk_241,2,38,0,8,13,79,6,3,-1,0,0,40,0
445.gobmk,445.gobmk_242,1,161,0,67,26,297,8,2,-1,0,0,95,0
445.gobmk,445.gobmk_243,2,21,0,3,9,36,5,1,5,0,0,23,0
445.gobmk,445.gobmk_244,2,38,0,7,11,65,10,3,13,0,0,41,0
445.gobmk,445.gobmk_245,1,42,0,13,20,83,3,2,380,0,0,35,0
445.gobmk,445.gobmk_246,1,11,0,2,4,20,2,1,-1,0,0,10,0
445.gobmk,445.gobmk_247,1,10,0,2,4,18,2,1,-1,0,0,9,0
445.gobmk,445.gobmk_248,1,14,0,3,4,31,2,2,-1,0,0,13,0
445.gobmk,445.gobmk_249,1,10,0,2,4,18,2,1,-1,0,0,9,0
445.gobmk,445.gobmk_250,1,13,0,4,5,27,0,2,-1,0,0,13,0
445.gobmk,445.gobmk_251,1,6,0,2,2,13,0,1,-1,0,0,5,0
445.gobmk,445.gobmk_252,1,6,0,2,2,13,0,1,-1,0,0,5,0
445.gobmk,445.gobmk_253,2,24,0,8,8,48,0,3,-1,0,0,24,0
445.gobmk,445.gobmk_254,1,3,0,2,0,3,0,0,-1,0,0,1,0
445.gobmk,445.gobmk_255,1,19,0,3,9,37,3,2,-1,0,0,18,0
445.gobmk,445.gobmk_256,2,76,0,7,19,126,21,1,1,0,0,78,0
445.gobmk,445.gobmk_257,1,15,0,7,3,27,0,1,1,0,0,8,0
445.gobmk,445.gobmk_258,1,4,0,1,2,8,0,0,1,0,0,3,0
445.gobmk,445.gobmk_259,1,11,0,3,4,23,0,1,-1,0,0,12,0
445.gobmk,445.gobmk_260,2,11,0,2,2,19,3,1,-1,0,0,11,0
445.gobmk,445.gobmk_261,1,2,0,2,0,2,0,0,-1,0,0,0,0
445.gobmk,445.gobmk_262,1,6,0,2,2,11,0,1,-1,0,0,7,0
445.gobmk,445.gobmk_263,1,4,0,1,2,6,0,0,9,0,0,5,0
445.gobmk,445.gobmk_264,1,10,0,3,2,20,2,1,-1,0,0,9,0
445.gobmk,445.gobmk_265,1,15,0,4,6,30,2,1,380,0,0,13,0
445.gobmk,445.gobmk_266,1,45,0,11,22,95,4,2,380,0,0,44,0
445.gobmk,445.gobmk_267,1,30,0,2,6,51,7,2,-1,0,0,31,0
445.gobmk,445.gobmk_268,1,51,0,17,8,102,0,2,1,0,0,51,0
445.gobmk,445.gobmk_269,1,10,0,2,3,24,0,1,-1,0,0,7,0
445.gobmk,445.gobmk_270,1,3,0,1,0,6,0,1,-1,0,0,2,0
445.gobmk,445.gobmk_271,1,24,0,3,15,46,2,1,1,0,0,25,0
445.gobmk,445.gobmk_272,1,7,0,2,3,15,0,1,-1,0,0,7,0
445.gobmk,445.gobmk_273,1,25,0,4,15,55,1,1,1,0,0,26,0
445.gobmk,445.gobmk_274,1,11,0,3,6,23,0,1,1,0,0,11,0
445.gobmk,445.gobmk_275,1,13,0,3,6,26,1,1,1,2,0,14,0
445.gobmk,445.gobmk_276,1,11,0,3,5,21,0,1,1,379,0,10,0
445.gobmk,445.gobmk_277,2,13,0,1,9,28,0,0,380,722,0,15,0
445.gobmk,445.gobmk_278,1,2,0,2,0,2,0,0,2,0,0,0,0
445.gobmk,445.gobmk_279,1,6,0,1,0,9,2,0,3,0,0,6,0
445.gobmk,445.gobmk_280,1,10,0,1,7,20,1,0,2,0,0,11,0
445.gobmk,445.gobmk_281,2,9,0,1,7,19,0,0,2,0,0,11,0
445.gobmk,445.gobmk_282,2,9,0,1,7,19,0,0,2,0,0,11,0
445.gobmk,445.gobmk_283,1,16,0,9,4,29,2,1,380,0,0,9,0
445.gobmk,445.gobmk_284,1,4,0,1,3,9,0,0,2,0,0,3,0
445.gobmk,445.gobmk_285,1,10,0,1,7,20,1,0,2,0,0,11,0
445.gobmk,445.gobmk_286,1,10,0,1,7,20,1,0,2,0,0,11,0
445.gobmk,445.gobmk_287,1,10,0,1,7,20,1,0,2,0,0,11,0
445.gobmk,445.gobmk_288,1,11,0,3,6,23,0,1,2,0,0,10,0
445.gobmk,445.gobmk_289,1,15,2,1,10,31,2,0,380,0,0,18,0
445.gobmk,445.gobmk_290,1,59,8,7,28,130,13,2,380,0,0,65,0
445.gobmk,445.gobmk_291,1,21,4,1,10,39,6,0,380,0,0,24,0
445.gobmk,445.gobmk_292,1,43,0,4,21,87,8,1,1,0,0,46,0
445.gobmk,445.gobmk_293,1,25,0,6,14,53,1,1,380,0,0,23,0
445.gobmk,445.gobmk_294,1,39,0,11,17,79,1,2,380,0,0,40,0
445.gobmk,445.gobmk_295,1,28,2,6,15,56,2,2,380,0,0,27,0
445.gobmk,445.gobmk_296,1,16,0,3,11,36,1,1,380,0,0,14,0
445.gobmk,445.gobmk_297,1,29,4,6,14,55,3,2,380,0,0,31,0
445.gobmk,445.gobmk_298,1,68,8,10,34,153,11,3,380,0,0,73,0
445.gobmk,445.gobmk_299,1,31,4,6,12,57,7,2,380,0,0,31,0
445.gobmk,445.gobmk_300,1,19,0,6,9,37,2,2,380,0,0,17,0
445.gobmk,445.gobmk_301,1,30,0,6,16,62,2,2,1,0,0,26,0
445.gobmk,445.gobmk_302,2,32,1,6,16,69,3,2,1,0,0,34,0
445.gobmk,445.gobmk_303,2,60,2,9,33,139,5,2,1,0,0,64,0
445.gobmk,445.gobmk_304,1,79,3,17,31,157,13,3,1,0,0,71,0
445.gobmk,445.gobmk_305,1,65,4,17,28,134,7,3,380,0,0,55,0
445.gobmk,445.gobmk_306,1,26,1,4,13,45,6,2,1,0,0,26,0
445.gobmk,445.gobmk_307,2,15,0,1,4,29,1,1,-1,0,0,17,0
445.gobmk,445.gobmk_308,2,85,1,15,31,161,8,4,5,0,0,101,0
445.gobmk,445.gobmk_309,2,125,1,20,47,233,12,5,5,0,0,146,0
445.gobmk,445.gobmk_310,1,24,0,5,2,39,1,1,1,0,0,23,0
445.gobmk,445.gobmk_311,1,3,0,1,2,6,0,0,401,0,0,2,0
445.gobmk,445.gobmk_312,1,72,4,16,35,146,9,4,380,0,0,66,0
445.gobmk,445.gobmk_313,2,164,15,28,79,315,24,3,5,0,0,175,0
445.gobmk,445.gobmk_314,1,14,0,6,5,26,1,1,380,0,0,10,0
445.gobmk,445.gobmk_315,1,164,13,33,59,320,14,6,380,0,0,173,0
445.gobmk,445.gobmk_316,1,13,0,3,7,24,2,1,380,0,0,13,0
445.gobmk,445.gobmk_317,1,13,0,3,7,24,2,1,380,0,0,13,0
445.gobmk,445.gobmk_318,1,33,0,12,10,61,4,2,380,0,0,25,0
445.gobmk,445.gobmk_319,1,3,0,1,2,6,0,0,3,0,0,2,0
445.gobmk,445.gobmk_320,1,15,0,3,8,28,2,1,380,0,0,15,0
445.gobmk,445.gobmk_321,1,3,0,1,2,6,0,0,380,0,0,2,0
445.gobmk,445.gobmk_322,1,46,8,12,9,91,7,3,380,0,0,46,0
445.gobmk,445.gobmk_323,1,11,0,3,2,21,2,1,1,0,0,11,0
445.gobmk,445.gobmk_324,2,52,2,13,18,99,7,4,1,0,0,42,0
445.gobmk,445.gobmk_325,1,9,0,2,3,16,1,0,1,0,0,7,0
445.gobmk,445.gobmk_326,1,11,0,3,2,21,2,1,1,0,0,11,0
445.gobmk,445.gobmk_327,1,78,0,26,7,148,10,2,380,0,0,62,0
445.gobmk,445.gobmk_328,3,32,0,5,11,66,5,2,5,0,0,40,0
445.gobmk,445.gobmk_329,2,51,3,9,23,99,7,2,1,0,0,51,0
445.gobmk,445.gobmk_330,1,61,0,10,32,123,8,2,380,0,0,53,0
445.gobmk,445.gobmk_331,1,105,0,22,70,232,5,2,380,0,0,93,0
445.gobmk,445.gobmk_332,2,47,2,7,17,85,12,3,9,0,0,51,0
445.gobmk,445.gobmk_333,1,14,0,5,5,26,2,1,380,0,0,11,0
445.gobmk,445.gobmk_334,1,138,2,33,62,279,10,2,1,0,0,121,0
445.gobmk,445.gobmk_335,1,177,8,41,76,371,19,3,-1,0,0,158,0
445.gobmk,445.gobmk_336,1,57,2,11,28,116,6,3,-1,0,0,54,0
445.gobmk,445.gobmk_337,1,48,0,10,21,105,4,1,1,0,0,54,0
445.gobmk,445.gobmk_338,2,53,0,11,22,118,4,1,-1,0,0,63,0
445.gobmk,445.gobmk_339,1,6,0,2,2,8,0,0,-1,0,0,4,0
445.gobmk,445.gobmk_340,2,12,0,1,5,21,3,0,1,0,0,14,0
445.gobmk,445.gobmk_341,1,2,0,2,0,2,0,0,1,0,0,0,0
445.gobmk,445.gobmk_342,2,211,0,40,90,432,14,4,-1,0,0,230,0
445.gobmk,445.gobmk_343,1,5,0,1,4,9,0,0,-1,0,0,3,0
445.gobmk,445.gobmk_344,1,18,0,5,6,38,3,2,380,0,0,15,0
445.gobmk,445.gobmk_345,1,150,0,27,82,299,0,3,1,0,0,152,0
445.gobmk,445.gobmk_346,1,20,0,5,8,44,3,2,380,0,0,17,0
445.gobmk,445.gobmk_347,2,20,0,1,7,35,6,0,1,0,0,22,0
445.gobmk,445.gobmk_348,1,2,0,2,0,2,0,0,1,0,0,0,0
445.gobmk,445.gobmk_349,1,3,0,1,2,6,0,0,7057,0,0,2,0
445.gobmk,445.gobmk_350,3,47,0,9,19,95,7,3,-1,0,0,50,0
445.gobmk,445.gobmk_351,2,21,0,6,7,38,2,1,9,0,0,23,0
445.gobmk,445.gobmk_352,1,7,0,4,2,12,0,1,1,0,0,5,0
445.gobmk,445.gobmk_353,1,10,0,1,5,25,1,0,1,0,0,12,0
445.gobmk,445.gobmk_354,1,10,0,2,4,23,1,1,-1,0,0,12,0
445.gobmk,445.gobmk_355,2,26,0,3,16,47,4,1,1,0,0,25,0
445.gobmk,445.gobmk_356,1,22,0,1,11,39,5,0,1,0,0,23,0
445.gobmk,445.gobmk_357,1,90,0,19,29,178,14,4,-1,0,0,86,0
445.gobmk,445.gobmk_358,3,95,0,15,39,183,18,3,-1,0,0,100,0
445.gobmk,445.gobmk_359,2,126,0,28,60,265,3,2,1,0,0,128,0
445.gobmk,445.gobmk_360,1,13,0,5,4,22,1,1,1,0,0,8,0
445.gobmk,445.gobmk_361,2,31,0,10,4,53,6,2,1,0,0,28,0
445.gobmk,445.gobmk_362,1,4,0,2,0,4,0,0,1,0,0,2,0
445.gobmk,445.gobmk_363,2,5,0,1,4,12,0,0,121,0,0,5,0
445.gobmk,445.gobmk_364,1,75,0,4,67,188,2,1,380,0,0,72,0
445.gobmk,445.gobmk_365,1,9,0,3,4,19,0,1,-1,0,0,10,0
445.gobmk,445.gobmk_366,1,9,0,3,4,19,0,1,-1,0,0,10,0
445.gobmk,445.gobmk_367,1,22,0,5,10,48,3,2,-1,0,0,20,0
445.gobmk,445.gobmk_368,1,20,0,4,10,43,3,2,-1,0,0,19,0
445.gobmk,445.gobmk_369,1,23,0,5,10,48,4,2,-1,0,0,23,0
445.gobmk,445.gobmk_370,1,26,0,5,12,53,4,2,-1,0,0,26,0
445.gobmk,445.gobmk_371,1,26,0,5,12,53,4,2,-1,0,0,26,0
445.gobmk,445.gobmk_372,1,41,1,6,22,100,7,2,-1,0,0,43,0
445.gobmk,445.gobmk_373,1,9,0,3,4,19,0,1,-1,0,0,10,0
445.gobmk,445.gobmk_374,1,9,0,3,4,19,0,1,-1,0,0,8,0
445.gobmk,445.gobmk_375,1,21,0,5,12,49,0,1,-1,0,0,22,0
445.gobmk,445.gobmk_376,1,21,0,5,12,49,0,1,-1,0,0,22,0
445.gobmk,445.gobmk_377,1,11,0,3,6,25,0,1,-1,0,0,10,0
445.gobmk,445.gobmk_378,1,16,0,4,8,31,2,2,380,0,0,14,0
445.gobmk,445.gobmk_379,2,26,0,6,13,57,2,2,380,0,0,26,0
445.gobmk,445.gobmk_380,1,41,0,8,22,83,7,2,-1,0,0,36,0
445.gobmk,445.gobmk_381,1,46,1,16,9,101,3,3,1,0,0,37,0
445.gobmk,445.gobmk_382,1,19,0,4,8,35,4,2,380,0,0,18,0
445.gobmk,445.gobmk_383,2,2,0,1,0,5,0,0,1,0,0,1,0
445.gobmk,445.gobmk_384,1,21,0,5,10,42,3,2,-1,0,0,18,0
445.gobmk,445.gobmk_385,1,85,0,24,47,175,2,2,380,0,0,72,0
445.gobmk,445.gobmk_386,3,358,0,52,185,835,63,2,-1,0,0,359,0
445.gobmk,445.gobmk_387,2,21,0,7,3,37,2,2,1,0,0,18,0
445.gobmk,445.gobmk_388,1,5,0,2,1,6,1,0,1,0,0,2,0
445.gobmk,445.gobmk_389,3,57,0,8,34,125,6,3,-1,0,0,59,0
445.gobmk,445.gobmk_390,2,4,0,4,0,4,0,0,1,0,0,0,0
445.gobmk,445.gobmk_391,1,2,0,2,0,2,0,0,1,0,0,0,0
445.gobmk,445.gobmk_392,1,14,0,3,7,30,2,2,-1,0,0,13,0
445.gobmk,445.gobmk_393,1,9,0,3,4,17,0,1,-1,0,0,8,0
445.gobmk,445.gobmk_394,1,5,0,2,2,9,0,1,-1,0,0,4,0
445.gobmk,445.gobmk_395,2,14,0,3,4,26,2,1,1,0,0,15,0
445.gobmk,445.gobmk_396,2,14,0,3,4,26,2,1,1,0,0,15,0
445.gobmk,445.gobmk_397,1,5,0,2,0,5,2,0,1,0,0,3,0
445.gobmk,445.gobmk_398,1,30,0,6,18,62,2,2,380,0,0,32,0
445.gobmk,445.gobmk_399,1,30,0,6,18,62,2,2,380,0,0,32,0
445.gobmk,445.gobmk_400,3,21,0,4,8,39,5,1,-1,0,0,21,0
445.gobmk,445.gobmk_401,3,21,0,4,8,39,5,1,-1,0,0,21,0
445.gobmk,445.gobmk_402,3,21,0,4,8,39,5,1,-1,0,0,21,0
445.gobmk,445.gobmk_403,3,21,0,4,8,39,5,1,-1,0,0,21,0
445.gobmk,445.gobmk_404,2,131,0,45,56,258,3,2,1,0,0,102,0
445.gobmk,445.gobmk_405,1,2,0,2,0,2,0,0,1,0,0,0,0
445.gobmk,445.gobmk_406,1,21,0,7,6,41,2,1,380,0,0,17,0
445.gobmk,445.gobmk_407,1,243,0,25,75,433,69,4,-1,0,0,288,0
445.gobmk,445.gobmk_408,2,29,0,7,8,52,6,2,5,0,0,30,0
445.gobmk,445.gobmk_409,1,96,0,28,38,185,9,2,380,0,0,92,0
445.gobmk,445.gobmk_410,1,40,0,7,19,80,7,2,5,0,0,37,0
445.gobmk,445.gobmk_411,2,38,0,6,21,71,5,2,5,0,0,39,0
445.gobmk,445.gobmk_412,1,39,0,5,29,78,3,2,380,0,0,38,0
445.gobmk,445.gobmk_413,1,62,0,4,45,126,10,2,380,0,0,60,0
445.gobmk,445.gobmk_414,1,117,0,22,53,247,9,3,380,0,0,119,0
445.gobmk,445.gobmk_415,2,45,0,16,8,81,5,2,1,0,0,30,0
445.gobmk,445.gobmk_416,1,4,0,2,0,6,0,0,1,0,0,0,0
445.gobmk,445.gobmk_417,2,34,0,11,3,59,8,3,1,0,0,38,0
445.gobmk,445.gobmk_418,1,6,0,2,0,6,0,0,1,0,0,4,0
445.gobmk,445.gobmk_419,2,127,2,32,40,240,26,3,1,0,0,114,0
445.gobmk,445.gobmk_420,1,2,0,2,0,2,0,0,1,0,0,0,0
445.gobmk,445.gobmk_421,1,5,0,1,3,12,0,0,1,0,0,6,0
445.gobmk,445.gobmk_422,1,5,0,1,3,12,0,0,1,0,0,6,0
445.gobmk,445.gobmk_423,1,28,1,7,11,58,4,3,-1,0,0,30,0
445.gobmk,445.gobmk_424,1,83,2,17,24,161,14,3,380,0,0,88,0
445.gobmk,445.gobmk_425,2,64,0,15,16,123,9,3,1,0,0,66,0
445.gobmk,445.gobmk_426,1,6,0,2,0,6,0,0,1,0,0,4,0
445.gobmk,445.gobmk_427,1,33,0,4,18,61,5,2,5,0,0,32,0
445.gobmk,445.gobmk_428,2,45,0,5,32,91,4,1,5,0,0,58,0
445.gobmk,445.gobmk_429,1,86,5,22,18,169,8,5,5,0,0,86,0
445.gobmk,445.gobmk_430,2,17,0,4,4,33,2,1,-1,0,0,17,0
445.gobmk,445.gobmk_431,2,25,0,5,10,50,2,2,1,0,0,23,0
445.gobmk,445.gobmk_432,2,25,0,5,10,50,2,2,1,0,0,23,0
445.gobmk,445.gobmk_433,2,17,0,4,6,33,2,2,1,0,0,15,0
445.gobmk,445.gobmk_434,1,82,0,31,14,156,4,3,1,0,0,60,0
445.gobmk,445.gobmk_435,2,18,0,3,6,34,4,1,-1,0,0,20,0
445.gobmk,445.gobmk_436,1,20,0,8,4,37,3,2,380,0,0,17,0
445.gobmk,445.gobmk_437,2,20,0,3,8,36,5,2,-1,0,0,22,0
445.gobmk,445.gobmk_438,1,18,0,7,4,31,3,2,380,0,0,15,0
445.gobmk,445.gobmk_439,1,29,0,5,14,54,3,2,1,0,0,28,0
445.gobmk,445.gobmk_440,1,162,2,32,69,338,19,7,380,0,0,151,0
445.gobmk,445.gobmk_441,1,7,0,2,3,16,0,1,-1,0,0,7,0
445.gobmk,445.gobmk_442,2,12,0,1,9,25,1,0,1,0,0,13,0
445.gobmk,445.gobmk_443,2,12,0,1,9,25,1,0,1,0,0,13,0
445.gobmk,445.gobmk_444,1,120,0,19,62,231,17,2,1,0,0,132,0
445.gobmk,445.gobmk_445,3,86,0,13,39,165,17,3,-1,0,0,106,0
445.gobmk,445.gobmk_446,2,106,0,24,38,191,20,3,-1,0,0,110,0
445.gobmk,445.gobmk_447,1,22,0,8,9,44,0,2,-1,0,0,20,0
445.gobmk,445.gobmk_448,2,96,0,13,38,180,20,2,1,0,0,114,0
445.gobmk,445.gobmk_449,1,4,0,2,0,4,0,0,1,0,0,2,0
445.gobmk,445.gobmk_450,1,0,0,0,0,0,0,0,1,0,0,0,0
445.gobmk,445.gobmk_451,2,4,0,1,2,9,0,1,-1,0,0,4,0
445.gobmk,445.gobmk_452,1,4,0,1,2,6,0,0,-1,0,0,2,0
445.gobmk,445.gobmk_453,1,36,0,10,12,72,4,3,5,0,0,33,0
445.gobmk,445.gobmk_454,1,20,0,4,8,37,3,2,5,0,0,20,0
445.gobmk,445.gobmk_455,1,20,0,3,8,35,4,1,5,0,0,20,0
445.gobmk,445.gobmk_456,1,23,0,7,8,48,3,1,380,0,0,19,0
445.gobmk,445.gobmk_457,1,142,0,36,47,319,11,5,-1,0,0,178,0
445.gobmk,445.gobmk_458,2,101,0,17,34,190,23,3,-1,0,0,107,0
445.gobmk,445.gobmk_459,1,2,0,2,0,2,0,0,-1,0,0,0,0
445.gobmk,445.gobmk_460,2,84,0,23,16,161,11,3,1,0,0,96,0
445.gobmk,445.gobmk_461,1,11,0,4,1,15,1,1,1,0,0,8,0
445.gobmk,445.gobmk_462,1,83,0,17,44,183,1,1,1,0,0,101,0
445.gobmk,445.gobmk_463,1,76,0,14,43,170,1,1,1,0,0,96,0
445.gobmk,445.gobmk_464,1,83,0,17,44,183,1,1,1,0,0,101,0
445.gobmk,445.gobmk_465,1,73,0,14,40,163,1,1,1,0,0,91,0
445.gobmk,445.gobmk_466,1,5,0,2,1,14,0,1,-1,0,0,6,0
445.gobmk,445.gobmk_467,1,5,0,2,1,14,0,1,-1,0,0,6,0
445.gobmk,445.gobmk_468,1,24,0,4,16,47,2,1,11,0,0,26,0
445.gobmk,445.gobmk_469,1,13,0,1,12,33,0,0,7,0,0,16,0
445.gobmk,445.gobmk_470,1,37,0,7,18,72,5,2,-1,0,0,37,0
445.gobmk,445.gobmk_471,2,18,0,3,8,34,2,2,-1,0,0,21,0
445.gobmk,445.gobmk_472,3,13,0,3,6,25,2,1,-1,0,0,14,0
445.gobmk,445.gobmk_473,3,36,0,7,16,70,5,2,-1,0,0,38,0
445.gobmk,445.gobmk_474,2,267,0,83,70,532,17,6,-1,0,0,269,0
445.gobmk,445.gobmk_475,1,142,0,47,36,295,0,5,-1,0,0,134,0
445.gobmk,445.gobmk_476,2,18,0,4,8,35,3,1,-1,0,0,18,0
445.gobmk,445.gobmk_477,1,61,0,17,22,140,4,3,-1,0,0,61,0
445.gobmk,445.gobmk_478,1,41,0,5,29,88,0,2,-1,0,0,43,0
445.gobmk,445.gobmk_479,2,60,4,10,29,136,6,6,1,0,0,76,0
445.gobmk,445.gobmk_480,2,11,0,3,6,23,0,2,-1,0,0,11,0
445.gobmk,445.gobmk_481,1,86,1,18,38,173,8,6,-1,0,0,81,0
445.gobmk,445.gobmk_482,1,26,0,4,11,50,7,2,5,0,0,26,0
445.gobmk,445.gobmk_483,1,54,0,9,25,109,11,3,5,0,0,57,0
445.gobmk,445.gobmk_484,1,58,0,11,36,115,1,1,1,0,0,52,0
445.gobmk,445.gobmk_485,2,14,0,3,6,25,2,1,380,0,0,15,0
445.gobmk,445.gobmk_486,2,132,0,34,45,280,6,5,-1,0,0,151,0
445.gobmk,445.gobmk_487,1,136,0,44,33,273,0,5,-1,0,0,127,0
445.gobmk,445.gobmk_488,1,51,0,10,28,124,2,3,-1,0,0,59,0
445.gobmk,445.gobmk_489,1,17,0,3,10,33,3,1,1,0,0,17,0
445.gobmk,445.gobmk_490,1,10,0,2,5,19,2,1,-1,0,0,10,0
445.gobmk,445.gobmk_491,1,18,0,1,15,38,1,0,1,0,0,20,0
445.gobmk,445.gobmk_492,1,17,0,4,6,30,4,1,380,0,0,16,0
445.gobmk,445.gobmk_493,2,63,0,6,40,116,10,2,-1,0,0,66,0
445.gobmk,445.gobmk_494,1,571,1,129,261,1200,47,3,380,0,0,529,0
445.gobmk,445.gobmk_495,1,13,0,3,8,27,0,1,-1,0,0,13,0
445.gobmk,445.gobmk_496,1,13,0,3,8,27,0,1,-1,0,0,13,0
445.gobmk,445.gobmk_497,1,5,0,2,1,8,0,1,1,0,0,2,0
445.gobmk,445.gobmk_498,1,5,0,2,1,8,0,1,1,0,0,2,0
445.gobmk,445.gobmk_499,1,54,0,11,28,111,3,3,-1,0,0,56,0
445.gobmk,445.gobmk_500,3,22,0,3,6,40,5,1,1,0,0,25,0
445.gobmk,445.gobmk_501,2,2,0,2,0,2,0,0,1,0,0,0,0
445.gobmk,445.gobmk_502,1,10,0,3,5,19,1,1,-1,0,0,9,0
445.gobmk,445.gobmk_503,2,10,0,1,4,18,2,0,1,0,0,11,0
445.gobmk,445.gobmk_504,1,2,0,2,0,2,0,0,1,0,0,0,0
445.gobmk,445.gobmk_505,2,64,0,13,35,130,5,3,1,0,0,57,0
445.gobmk,445.gobmk_506,1,9,0,5,1,14,0,1,1,0,0,3,0
445.gobmk,445.gobmk_507,2,29,0,3,19,55,5,2,-1,0,0,29,0
445.gobmk,445.gobmk_508,1,40,0,12,21,84,2,2,380,0,0,35,0
445.gobmk,445.gobmk_509,2,34,0,6,15,69,6,3,-1,0,0,34,0
445.gobmk,445.gobmk_510,1,20,0,7,7,39,3,1,380,0,0,16,0
445.gobmk,445.gobmk_511,2,22,0,3,9,40,6,1,-1,0,0,23,0
445.gobmk,445.gobmk_512,1,19,0,7,7,38,2,2,380,0,0,15,0
445.gobmk,445.gobmk_513,1,57,0,13,12,112,2,3,5,0,0,67,0
445.gobmk,445.gobmk_514,2,24,0,3,13,46,4,1,-1,0,0,27,0
445.gobmk,445.gobmk_515,1,24,0,8,7,44,2,3,-1,0,0,23,0
445.gobmk,445.gobmk_516,1,21,0,3,10,39,4,1,-1,0,0,20,0
445.gobmk,445.gobmk_517,2,38,0,9,15,81,5,4,1,0,0,43,0
445.gobmk,445.gobmk_518,1,31,0,6,17,56,4,2,1,0,0,28,0
445.gobmk,445.gobmk_519,2,5,0,2,2,9,0,1,-1,0,0,5,0
445.gobmk,445.gobmk_520,1,40,0,12,9,73,6,3,1,0,0,40,0
445.gobmk,445.gobmk_521,1,3,0,1,2,5,0,0,16,0,0,2,0
445.gobmk,445.gobmk_522,1,23,0,7,8,48,3,1,380,0,0,19,0
445.gobmk,445.gobmk_523,1,14,0,3,8,30,1,1,1,0,0,15,0
445.gobmk,445.gobmk_524,1,11,0,1,5,20,2,1,1,0,0,12,0
445.gobmk,445.gobmk_525,4,14,0,3,7,30,1,1,-1,0,0,15,0
445.gobmk,445.gobmk_526,4,6,0,1,4,11,1,0,1,0,0,7,0
445.gobmk,445.gobmk_527,5,42,0,12,13,78,8,2,-1,0,0,40,0
445.gobmk,445.gobmk_528,5,27,0,6,9,50,3,1,5,0,0,28,0
445.gobmk,445.gobmk_529,4,30,0,12,2,51,1,3,-1,0,0,27,0
445.gobmk,445.gobmk_530,4,7,0,1,5,14,1,0,1,0,0,7,0
445.gobmk,445.gobmk_531,3,138,0,34,41,275,26,3,-1,0,0,137,0
445.gobmk,445.gobmk_532,2,21,0,5,5,38,4,2,-1,0,0,22,0
445.gobmk,445.gobmk_533,1,3,0,2,0,3,0,0,-1,0,0,1,0
445.gobmk,445.gobmk_534,1,4,0,1,3,9,0,0,11,0,0,3,0
445.gobmk,445.gobmk_535,1,16,0,1,15,36,0,0,4,0,0,15,0
445.gobmk,445.gobmk_536,1,3,0,1,1,8,0,0,1,0,0,3,0
445.gobmk,445.gobmk_537,1,3,0,1,1,8,0,0,1,0,0,3,0
445.gobmk,445.gobmk_538,2,6,0,2,3,11,0,1,-1,0,0,7,0
445.gobmk,445.gobmk_539,1,183,0,38,74,397,14,3,11,0,0,200,0
445.gobmk,445.gobmk_540,4,35,0,5,9,63,9,3,1,0,0,39,0
445.gobmk,445.gobmk_541,3,2,0,2,0,2,0,0,1,0,0,0,0
445.gobmk,445.gobmk_542,4,61,0,6,14,106,18,3,1,0,0,74,0
445.gobmk,445.gobmk_543,3,2,0,2,0,2,0,0,1,0,0,0,0
445.gobmk,445.gobmk_544,2,235,0,60,72,466,28,3,1,0,0,254,0
445.gobmk,445.gobmk_545,1,3,0,2,0,3,0,0,1,0,0,1,0
445.gobmk,445.gobmk_546,2,19,0,1,8,39,4,0,1,0,0,20,0
445.gobmk,445.gobmk_547,1,2,0,2,0,2,0,0,1,0,0,0,0
445.gobmk,445.gobmk_548,3,55,0,9,28,102,10,2,9,0,0,62,0
445.gobmk,445.gobmk_549,2,13,0,4,2,21,3,1,1,0,0,12,0
445.gobmk,445.gobmk_550,1,2,0,2,0,2,0,0,1,0,0,0,0
445.gobmk,445.gobmk_551,1,21,0,3,13,40,2,1,1,0,0,20,0
445.gobmk,445.gobmk_552,1,11,0,3,6,23,0,1,-1,0,0,13,0
445.gobmk,445.gobmk_553,1,19,0,5,5,39,4,3,-1,0,0,18,0
445.gobmk,445.gobmk_554,1,11,0,3,6,23,0,1,-1,0,0,10,0
445.gobmk,445.gobmk_555,1,17,0,3,7,32,2,1,-1,0,0,16,0
445.gobmk,445.gobmk_556,1,71,0,11,25,122,16,1,-1,0,0,69,0
445.gobmk,445.gobmk_557,1,35,0,9,11,79,2,3,-1,0,0,36,0
445.gobmk,445.gobmk_558,1,23,0,6,6,49,2,2,-1,0,0,24,0
445.gobmk,445.gobmk_559,1,48,0,12,10,95,8,2,380,0,0,50,0
445.gobmk,445.gobmk_560,1,41,0,10,10,79,6,1,380,0,0,43,0
445.gobmk,445.gobmk_561,2,24,0,5,10,54,4,2,-1,0,0,25,0
445.gobmk,445.gobmk_562,2,0,0,0,0,0,0,0,1,0,0,0,0
445.gobmk,445.gobmk_563,1,51,0,14,13,96,6,2,1,0,0,43,0
445.gobmk,445.gobmk_564,1,37,0,13,10,62,6,3,-1,0,0,30,0
445.gobmk,445.gobmk_565,2,24,0,4,11,47,6,2,-1,0,0,27,0
445.gobmk,445.gobmk_566,1,42,0,13,14,83,0,2,-1,0,0,40,0
445.gobmk,445.gobmk_567,1,22,0,6,9,40,4,1,380,0,0,21,0
445.gobmk,445.gobmk_568,1,7,0,1,5,14,1,0,1,0,0,8,0
445.gobmk,445.gobmk_569,1,88,0,18,30,173,14,3,380,0,0,94,0
445.gobmk,445.gobmk_570,1,68,0,14,24,134,11,2,380,0,0,71,0
445.gobmk,445.gobmk_571,1,25,0,7,11,50,3,2,380,0,0,23,0
445.gobmk,445.gobmk_572,1,79,0,18,27,155,13,2,380,0,0,80,0
445.gobmk,445.gobmk_573,1,5,0,1,4,10,0,0,380,0,0,6,0
445.gobmk,445.gobmk_574,1,19,0,4,11,43,2,1,6,0,0,22,0
445.gobmk,445.gobmk_575,1,13,0,3,6,26,1,1,1,0,0,14,0
445.gobmk,445.gobmk_576,1,0,0,0,0,0,0,0,1,0,0,0,0
445.gobmk,445.gobmk_577,1,22,1,4,9,51,2,0,1,0,0,21,0
445.gobmk,445.gobmk_578,1,5,0,1,3,10,0,0,1,0,0,5,0
445.gobmk,445.gobmk_579,2,8,0,1,2,13,2,0,1,0,0,8,0
445.gobmk,445.gobmk_580,1,2,0,2,0,2,0,0,1,0,0,0,0
445.gobmk,445.gobmk_581,2,25,1,3,5,43,5,1,4,0,0,30,0
445.gobmk,445.gobmk_582,1,2,0,2,0,2,0,0,4,0,0,0,0
445.gobmk,445.gobmk_583,3,44,0,4,8,81,10,2,-1,0,0,52,0
445.gobmk,445.gobmk_584,2,82,2,13,12,139,19,4,1,0,0,88,0
445.gobmk,445.gobmk_585,1,2,0,2,0,2,0,0,1,0,0,0,0
445.gobmk,445.gobmk_586,1,35,0,6,13,70,6,2,1,0,0,32,0
445.gobmk,445.gobmk_587,1,27,0,6,15,65,0,2,-1,0,0,26,0
445.gobmk,445.gobmk_588,1,41,0,10,15,78,7,3,380,0,0,40,0
445.gobmk,445.gobmk_589,2,6,0,1,4,11,1,0,1,0,0,7,0
445.gobmk,445.gobmk_590,3,6,0,1,4,11,1,0,1,0,0,7,0
445.gobmk,445.gobmk_591,2,12,0,4,5,25,0,1,1,0,0,12,0
445.gobmk,445.gobmk_592,1,28,0,7,6,55,7,3,380,0,0,28,0
445.gobmk,445.gobmk_593,2,23,0,4,8,41,7,1,-1,0,0,25,0
445.gobmk,445.gobmk_594,1,18,0,7,5,33,3,1,380,0,0,16,0
445.gobmk,445.gobmk_595,2,82,0,17,27,160,15,2,380,0,0,91,0
445.gobmk,445.gobmk_596,1,2,0,2,0,2,0,0,5,0,0,0,0
445.gobmk,445.gobmk_597,1,15,0,3,6,25,4,1,380,0,0,15,0
445.gobmk,445.gobmk_598,2,8,1,1,5,13,1,0,1,0,0,10,0
445.gobmk,445.gobmk_599,1,52,1,10,29,142,3,1,1,0,0,54,0
445.gobmk,445.gobmk_600,1,5,0,1,3,10,0,0,1,0,0,5,0
445.gobmk,445.gobmk_601,1,3,0,1,2,5,0,0,380,0,0,2,0
445.gobmk,445.gobmk_602,2,40,0,8,10,78,10,3,-1,0,0,40,0
445.gobmk,445.gobmk_603,1,90,7,19,24,156,19,4,380,0,0,90,0
445.gobmk,445.gobmk_604,2,76,0,24,15,131,12,2,1,0,0,65,0
445.gobmk,445.gobmk_605,1,10,0,2,3,17,1,0,1,0,0,8,0
445.gobmk,445.gobmk_606,1,351,0,79,151,688,38,5,1,0,0,330,0
445.gobmk,445.gobmk_607,1,0,0,0,0,0,0,0,1,0,0,0,0
445.gobmk,445.gobmk_608,1,5,0,1,2,11,1,0,422,0,0,5,0
445.gobmk,445.gobmk_609,1,57,0,14,18,117,1,4,-1,0,0,71,0
445.gobmk,445.gobmk_610,1,57,0,14,18,117,1,4,-1,0,0,71,0
445.gobmk,445.gobmk_611,1,8,0,2,4,16,0,1,-1,0,0,9,0
445.gobmk,445.gobmk_612,1,25,0,1,11,47,2,1,1,0,0,31,0
445.gobmk,445.gobmk_613,1,6,0,1,4,12,0,0,1,0,0,7,0
445.gobmk,445.gobmk_614,2,11,0,3,4,20,1,1,1,0,0,14,0
445.gobmk,445.gobmk_615,1,29,0,4,18,50,5,1,1,0,0,36,0
445.gobmk,445.gobmk_616,2,123,0,25,54,243,14,4,5,0,0,133,0
445.gobmk,445.gobmk_617,1,44,0,15,10,91,0,3,1,0,0,38,0
445.gobmk,445.gobmk_618,3,5,0,2,2,9,0,1,-1,0,0,5,0
445.gobmk,445.gobmk_619,3,5,0,2,2,9,0,1,-1,0,0,5,0
445.gobmk,445.gobmk_620,2,118,0,40,30,223,12,4,5,0,0,125,0
445.gobmk,445.gobmk_621,2,6,0,2,3,10,0,1,-1,0,0,6,0
445.gobmk,445.gobmk_622,2,6,0,2,3,10,0,1,-1,0,0,6,0
445.gobmk,445.gobmk_623,2,5,0,2,2,9,0,1,-1,0,0,5,0
445.gobmk,445.gobmk_624,1,313,0,93,88,590,31,4,1,0,0,328,0
445.gobmk,445.gobmk_625,2,21,0,3,12,42,3,1,1,0,0,22,0
445.gobmk,445.gobmk_626,3,62,0,6,40,131,7,2,1,0,0,73,0
445.gobmk,445.gobmk_627,3,67,0,6,46,141,9,2,1,0,0,80,0
445.gobmk,445.gobmk_628,3,62,0,6,40,131,7,2,1,0,0,73,0
445.gobmk,445.gobmk_629,3,62,0,6,40,131,7,2,1,0,0,73,0
445.gobmk,445.gobmk_630,2,334,0,60,152,664,62,4,5,0,0,344,0
445.gobmk,445.gobmk_631,3,59,0,6,40,125,7,2,1,0,0,71,0
445.gobmk,445.gobmk_632,3,29,0,6,11,60,2,2,-1,0,0,32,0
445.gobmk,445.gobmk_633,3,62,0,6,40,131,7,2,1,0,0,75,0
445.gobmk,445.gobmk_634,3,62,0,6,40,131,7,2,1,0,0,73,0
445.gobmk,445.gobmk_635,3,62,0,6,40,131,7,2,1,0,0,73,0
445.gobmk,445.gobmk_636,3,62,0,6,40,131,7,2,1,0,0,75,0
445.gobmk,445.gobmk_637,3,62,0,6,40,131,7,2,1,0,0,73,0
445.gobmk,445.gobmk_638,3,62,0,6,40,131,7,2,1,0,0,74,0
445.gobmk,445.gobmk_639,3,62,0,6,40,131,7,2,1,0,0,74,0
445.gobmk,445.gobmk_640,3,62,0,6,40,131,7,2,1,0,0,75,0
445.gobmk,445.gobmk_641,3,62,0,6,40,131,7,2,1,0,0,73,0
445.gobmk,445.gobmk_642,3,62,0,6,40,131,7,2,1,0,0,74,0
445.gobmk,445.gobmk_643,3,62,0,6,40,131,7,2,1,0,0,74,0
445.gobmk,445.gobmk_644,3,62,0,6,40,131,7,2,1,0,0,75,0
445.gobmk,445.gobmk_645,3,62,0,6,40,131,7,2,1,0,0,74,0
445.gobmk,445.gobmk_646,3,62,0,6,40,131,7,2,1,0,0,73,0
445.gobmk,445.gobmk_647,3,62,0,6,40,131,7,2,1,0,0,74,0
445.gobmk,445.gobmk_648,3,62,0,6,40,131,7,2,1,0,0,74,0
445.gobmk,445.gobmk_649,3,62,0,6,40,131,7,2,1,0,0,74,0
445.gobmk,445.gobmk_650,3,62,0,6,40,131,7,2,1,0,0,74,0
445.gobmk,445.gobmk_651,3,62,0,6,40,131,7,2,1,0,0,75,0
445.gobmk,445.gobmk_652,3,62,0,6,40,131,7,2,1,0,0,73,0
445.gobmk,445.gobmk_653,3,62,0,6,40,131,7,2,1,0,0,73,0
445.gobmk,445.gobmk_654,3,62,0,6,40,131,7,2,1,0,0,73,0
445.gobmk,445.gobmk_655,3,62,0,6,40,131,7,2,1,0,0,73,0
445.gobmk,445.gobmk_656,3,62,0,6,40,131,7,2,1,0,0,74,0
445.gobmk,445.gobmk_657,3,62,0,6,40,131,7,2,1,0,0,74,0
445.gobmk,445.gobmk_658,3,62,0,6,40,131,7,2,1,0,0,74,0
445.gobmk,445.gobmk_659,3,62,0,6,40,131,7,2,1,0,0,74,0
445.gobmk,445.gobmk_660,3,62,0,6,40,131,7,2,1,0,0,73,0
445.gobmk,445.gobmk_661,3,62,0,6,40,131,7,2,1,0,0,73,0
445.gobmk,445.gobmk_662,3,62,0,6,40,131,7,2,1,0,0,73,0
445.gobmk,445.gobmk_663,3,62,0,6,40,131,7,2,1,0,0,73,0
445.gobmk,445.gobmk_664,3,62,0,6,40,131,7,2,1,0,0,73,0
445.gobmk,445.gobmk_665,3,62,0,6,40,131,7,2,1,0,0,73,0
445.gobmk,445.gobmk_666,3,62,0,6,40,131,7,2,1,0,0,73,0
445.gobmk,445.gobmk_667,3,62,0,6,40,131,7,2,1,0,0,73,0
445.gobmk,445.gobmk_668,2,3246,0,604,1399,6598,597,6,5,0,0,3436,0
445.gobmk,445.gobmk_669,1,83,0,18,36,162,13,4,-1,0,0,76,0
445.gobmk,445.gobmk_670,2,58,0,6,40,123,7,2,1,0,0,65,0
445.gobmk,445.gobmk_671,1,82,0,12,50,164,10,2,1,0,0,89,0
445.gobmk,445.gobmk_672,1,16,0,1,15,41,0,0,380,0,0,15,0
445.gobmk,445.gobmk_673,1,41,0,9,21,92,2,2,380,0,0,37,0
445.gobmk,445.gobmk_674,2,42,0,10,16,80,5,1,1,0,0,34,0
445.gobmk,445.gobmk_675,1,9,0,2,3,15,1,0,1,0,0,6,0
445.gobmk,445.gobmk_676,1,8,0,3,1,16,0,1,1,0,0,7,0
445.gobmk,445.gobmk_677,1,22,0,4,8,45,2,3,-1,0,0,21,0
445.gobmk,445.gobmk_678,1,11,0,3,4,25,0,2,-1,0,0,12,0
445.gobmk,445.gobmk_679,2,7,0,2,4,14,0,1,-1,0,0,9,0
445.gobmk,445.gobmk_680,1,50,0,18,9,100,4,3,-1,0,0,44,0
445.gobmk,445.gobmk_681,1,5,0,2,2,9,0,1,-1,0,0,4,0
445.gobmk,445.gobmk_682,2,54,0,16,20,109,6,2,-1,0,0,49,0
445.gobmk,445.gobmk_683,1,15,0,8,4,28,0,1,1,0,0,13,0
445.gobmk,445.gobmk_684,2,38,0,10,10,82,6,2,5,0,0,36,0
445.gobmk,445.gobmk_685,1,14,0,6,2,35,0,1,1,0,0,11,0
445.gobmk,445.gobmk_686,1,67,0,7,44,130,3,1,7,0,0,74,0
445.gobmk,445.gobmk_687,1,7,0,1,6,17,0,0,380,0,0,6,0
445.gobmk,445.gobmk_688,2,136,0,23,25,243,33,2,1,0,0,139,0
445.gobmk,445.gobmk_689,1,10,0,2,3,17,1,0,1,0,0,8,0
445.gobmk,445.gobmk_690,1,47,0,14,8,105,1,3,-1,0,0,62,0
445.gobmk,445.gobmk_691,2,8,0,2,5,17,0,1,-1,0,0,10,0
445.gobmk,445.gobmk_692,1,43,0,10,23,80,3,2,3,0,0,44,0
445.gobmk,445.gobmk_693,1,29,0,1,15,62,2,1,1,0,0,34,0
445.gobmk,445.gobmk_694,2,13,0,3,6,26,1,1,1,0,0,14,0
445.gobmk,445.gobmk_695,1,34,0,4,24,73,3,1,1,0,0,35,0
445.gobmk,445.gobmk_696,1,317,0,65,168,630,12,4,1,0,0,330,0
445.gobmk,445.gobmk_697,1,52,0,21,6,105,1,4,-1,0,0,51,0
445.gobmk,445.gobmk_698,2,7,0,2,4,14,0,1,-1,0,0,7,0
445.gobmk,445.gobmk_699,1,45,0,10,24,85,3,2,1,0,0,39,0
445.gobmk,445.gobmk_700,1,31,0,11,3,79,0,3,-1,0,0,35,0
445.gobmk,445.gobmk_701,1,89,0,35,5,188,0,3,-1,0,0,87,0
445.gobmk,445.gobmk_702,1,68,0,22,14,141,1,4,-1,0,0,78,0
445.gobmk,445.gobmk_703,1,15,0,4,6,33,0,1,1,0,0,17,0
445.gobmk,445.gobmk_704,1,4,0,1,2,9,0,0,3,0,0,6,0
445.gobmk,445.gobmk_705,2,6,0,2,3,13,0,1,-1,0,0,7,0
445.gobmk,445.gobmk_706,2,8,0,2,5,17,0,1,-1,0,0,9,0
445.gobmk,445.gobmk_707,3,7,0,2,4,14,0,1,-1,0,0,8,0
445.gobmk,445.gobmk_708,2,61,0,13,31,119,5,3,5,0,0,64,0
445.gobmk,445.gobmk_709,1,142,0,34,61,272,14,4,3,0,0,145,0
445.gobmk,445.gobmk_710,2,7,0,2,4,14,0,1,-1,0,0,8,0
445.gobmk,445.gobmk_711,1,62,0,14,32,118,3,4,-1,0,0,64,0
445.gobmk,445.gobmk_712,1,89,0,35,5,188,0,3,-1,0,0,80,0
445.gobmk,445.gobmk_713,1,79,0,24,20,159,2,5,-1,0,0,84,0
445.gobmk,445.gobmk_714,3,8,0,2,5,17,0,1,-1,0,0,10,0
445.gobmk,445.gobmk_715,2,43,0,10,23,80,3,2,3,0,0,44,0
445.gobmk,445.gobmk_716,1,23,0,5,11,57,0,1,1,0,0,28,0
445.gobmk,445.gobmk_717,1,79,0,24,20,159,2,5,-1,0,0,84,0
445.gobmk,445.gobmk_718,2,6,0,2,3,13,0,1,-1,0,0,7,0
445.gobmk,445.gobmk_719,2,7,0,2,4,14,0,1,-1,0,0,8,0
445.gobmk,445.gobmk_720,1,129,0,29,57,245,14,4,4,0,0,134,0
445.gobmk,445.gobmk_721,2,7,0,2,4,14,0,1,-1,0,0,8,0
445.gobmk,445.gobmk_722,1,48,0,10,26,92,3,2,1,0,0,52,0
445.gobmk,445.gobmk_723,1,71,0,22,18,146,1,4,-1,0,0,77,0
445.gobmk,445.gobmk_724,2,6,0,2,3,13,0,1,-1,0,0,7,0
445.gobmk,445.gobmk_725,2,7,0,2,4,14,0,1,-1,0,0,8,0
445.gobmk,445.gobmk_726,1,129,0,29,57,245,14,4,5,0,0,134,0
445.gobmk,445.gobmk_727,1,6,0,1,4,12,0,0,1,0,0,7,0
445.gobmk,445.gobmk_728,2,7,0,2,4,14,0,1,-1,0,0,8,0
445.gobmk,445.gobmk_729,1,48,0,10,26,92,3,2,1,0,0,52,0
445.gobmk,445.gobmk_730,3,8,0,2,5,17,0,1,-1,0,0,9,0
445.gobmk,445.gobmk_731,2,68,0,14,36,127,7,3,3,0,0,65,0
445.gobmk,445.gobmk_732,1,6,0,2,3,13,0,0,1,0,0,6,0
445.gobmk,445.gobmk_733,1,16,0,2,6,28,4,1,-1,0,0,15,0
445.gobmk,445.gobmk_734,3,6,0,2,3,13,0,1,-1,0,0,6,0
445.gobmk,445.gobmk_735,2,100,0,21,35,185,17,4,3,0,0,97,0
445.gobmk,445.gobmk_736,1,23,0,6,6,43,4,1,-1,0,0,21,0
445.gobmk,445.gobmk_737,4,7,0,2,3,15,0,1,-1,0,0,8,0
445.gobmk,445.gobmk_738,4,8,0,2,3,17,0,1,-1,0,0,10,0
445.gobmk,445.gobmk_739,4,7,0,2,3,15,0,1,-1,0,0,8,0
445.gobmk,445.gobmk_740,4,11,0,2,4,22,2,1,-1,0,0,14,0
445.gobmk,445.gobmk_741,4,6,0,2,3,13,0,1,-1,0,0,6,0
445.gobmk,445.gobmk_742,4,14,0,1,12,33,0,0,1,0,0,15,0
445.gobmk,445.gobmk_743,3,217,0,54,80,398,25,4,3,0,0,199,0
445.gobmk,445.gobmk_744,2,13,0,4,4,21,3,1,5,0,0,11,0
445.gobmk,445.gobmk_745,1,5,0,2,2,6,1,0,1,0,0,3,0
445.gobmk,445.gobmk_746,2,16,0,5,5,39,0,3,-1,0,0,23,0
445.gobmk,445.gobmk_747,1,4,0,2,0,4,0,0,-1,0,0,2,0
445.gobmk,445.gobmk_748,2,125,0,24,40,279,10,4,-1,0,0,151,0
445.gobmk,445.gobmk_749,1,8,0,2,3,15,0,0,-1,0,0,8,0
445.gobmk,445.gobmk_750,3,8,0,2,5,17,0,1,-1,0,0,9,0
445.gobmk,445.gobmk_751,2,65,0,15,33,134,3,3,3,0,0,65,0
445.gobmk,445.gobmk_752,4,8,0,2,5,17,0,1,-1,0,0,9,0
445.gobmk,445.gobmk_753,3,49,0,12,25,93,3,3,3,0,0,43,0
445.gobmk,445.gobmk_754,2,9,0,4,3,20,0,1,3,0,0,9,0
445.gobmk,445.gobmk_755,1,34,0,12,12,73,0,3,1,0,0,29,0
445.gobmk,445.gobmk_756,1,59,0,17,13,142,0,3,-1,0,0,73,0
445.gobmk,445.gobmk_757,1,134,0,43,19,287,8,3,-1,0,0,140,0
445.gobmk,445.gobmk_758,2,6,0,2,2,13,0,1,-1,0,0,7,0
445.gobmk,445.gobmk_759,3,45,0,16,4,113,0,3,-1,0,0,53,0
445.gobmk,445.gobmk_760,2,12,0,4,3,24,0,1,-1,0,0,11,0
445.gobmk,445.gobmk_761,1,21,0,7,5,34,1,1,-1,0,0,20,0
445.gobmk,445.gobmk_762,1,29,0,12,2,66,0,3,-1,0,0,30,0
445.gobmk,445.gobmk_763,1,51,0,17,10,103,1,4,-1,0,0,53,0
445.gobmk,445.gobmk_764,1,51,0,17,10,103,1,4,-1,0,0,53,0
445.gobmk,445.gobmk_765,1,8,0,3,2,18,0,1,1,0,0,8,0
445.gobmk,445.gobmk_766,2,6,0,2,3,13,0,1,-1,0,0,7,0
445.gobmk,445.gobmk_767,1,51,0,14,23,100,3,4,1,0,0,51,0
445.gobmk,445.gobmk_768,1,51,0,17,10,103,1,4,-1,0,0,53,0
445.gobmk,445.gobmk_769,3,6,0,2,3,13,0,1,-1,0,0,7,0
445.gobmk,445.gobmk_770,2,50,0,13,23,97,3,3,1,0,0,52,0
445.gobmk,445.gobmk_771,3,6,0,2,3,13,0,1,-1,0,0,7,0
445.gobmk,445.gobmk_772,2,47,0,12,23,89,3,3,1,0,0,48,0
445.gobmk,445.gobmk_773,1,20,0,7,8,46,0,2,1,0,0,23,0
445.gobmk,445.gobmk_774,1,51,0,17,10,103,1,4,-1,0,0,53,0
445.gobmk,445.gobmk_775,1,4,0,1,2,9,0,0,1,0,0,5,0
445.gobmk,445.gobmk_776,1,9,0,1,8,21,0,0,1,0,0,12,0
445.gobmk,445.gobmk_777,1,51,0,17,10,103,1,4,-1,0,0,53,0
445.gobmk,445.gobmk_778,1,8,0,3,2,18,0,1,1,0,0,8,0
445.gobmk,445.gobmk_779,2,6,0,2,3,13,0,1,-1,0,0,7,0
445.gobmk,445.gobmk_780,1,51,0,14,23,100,3,4,1,0,0,51,0
445.gobmk,445.gobmk_781,1,51,0,17,10,103,1,4,-1,0,0,53,0
445.gobmk,445.gobmk_782,1,4,0,1,2,9,0,0,1,0,0,5,0
445.gobmk,445.gobmk_783,1,58,0,19,12,116,2,5,-1,0,0,59,0
445.gobmk,445.gobmk_784,1,9,0,1,8,21,0,0,1,0,0,12,0
445.gobmk,445.gobmk_785,1,58,0,19,12,116,2,5,-1,0,0,59,0
445.gobmk,445.gobmk_786,1,9,0,1,8,21,0,0,1,0,0,12,0
445.gobmk,445.gobmk_787,1,4,0,1,2,9,0,0,1,0,0,4,0
445.gobmk,445.gobmk_788,1,4,0,1,3,9,0,0,1,0,0,3,0
445.gobmk,445.gobmk_789,1,7,0,2,4,14,0,1,-1,0,0,7,0
445.gobmk,445.gobmk_790,1,8,0,2,5,17,0,1,-1,0,0,8,0
445.gobmk,445.gobmk_791,1,8,0,2,5,17,0,1,-1,0,0,8,0
445.gobmk,445.gobmk_792,2,9,0,2,5,19,0,1,-1,0,0,10,0
445.gobmk,445.gobmk_793,1,56,0,13,27,111,3,4,3,0,0,52,0
445.gobmk,445.gobmk_794,2,6,0,2,2,12,0,1,-1,0,0,6,0
445.gobmk,445.gobmk_795,4,6,0,2,3,13,0,1,-1,0,0,6,0
445.gobmk,445.gobmk_796,3,95,0,25,29,188,11,4,3,0,0,92,0
445.gobmk,445.gobmk_797,2,20,0,6,6,34,4,1,5,0,0,19,0
445.gobmk,445.gobmk_798,1,17,0,7,5,30,1,1,1,0,0,14,0
445.gobmk,445.gobmk_799,4,6,0,2,3,13,0,1,-1,0,0,6,0
445.gobmk,445.gobmk_800,3,74,0,18,27,141,9,4,3,0,0,71,0
445.gobmk,445.gobmk_801,2,16,0,6,4,29,2,1,5,0,0,14,0
445.gobmk,445.gobmk_802,1,4,0,2,2,5,0,0,1,0,0,2,0
445.gobmk,445.gobmk_803,4,6,0,2,3,13,0,1,-1,0,0,6,0
445.gobmk,445.gobmk_804,3,87,0,21,31,162,13,4,3,0,0,82,0
445.gobmk,445.gobmk_805,2,26,0,8,8,47,4,1,5,0,0,24,0
445.gobmk,445.gobmk_806,1,4,0,2,2,5,0,0,4,0,0,2,0
445.gobmk,445.gobmk_807,2,7,0,2,3,15,0,1,-1,0,0,7,0
445.gobmk,445.gobmk_808,1,60,0,15,25,117,5,4,5,0,0,51,0
445.gobmk,445.gobmk_809,2,7,0,2,4,14,0,1,-1,0,0,7,0
445.gobmk,445.gobmk_810,1,58,0,15,28,112,3,2,1,0,0,51,0
445.gobmk,445.gobmk_811,4,8,0,2,5,17,0,1,-1,0,0,9,0
445.gobmk,445.gobmk_812,3,53,0,12,27,104,3,3,1,0,0,49,0
445.gobmk,445.gobmk_813,4,7,0,2,4,14,0,1,-1,0,0,7,0
445.gobmk,445.gobmk_814,3,53,0,12,27,102,3,3,1,0,0,48,0
445.gobmk,445.gobmk_815,2,34,0,11,6,71,4,4,5,0,0,33,0
445.gobmk,445.gobmk_816,1,4,0,2,2,5,0,0,1,0,0,2,0
445.gobmk,445.gobmk_817,4,7,0,2,3,15,0,1,-1,0,0,8,0
445.gobmk,445.gobmk_818,4,7,0,2,3,15,0,1,-1,0,0,8,0
445.gobmk,445.gobmk_819,3,152,0,35,56,283,20,3,3,0,0,147,0
445.gobmk,445.gobmk_820,2,23,0,7,6,42,4,1,5,0,0,22,0
445.gobmk,445.gobmk_821,1,4,0,2,2,5,0,0,1,0,0,2,0
445.gobmk,445.gobmk_822,2,6,0,2,3,13,0,1,-1,0,0,6,0
445.gobmk,445.gobmk_823,1,51,0,13,25,98,3,3,1,0,0,43,0
445.gobmk,445.gobmk_824,2,21,0,3,12,40,3,1,4,0,0,27,0
445.gobmk,445.gobmk_825,1,91,0,18,45,194,9,2,1,0,0,101,0
445.gobmk,445.gobmk_826,4,8,0,2,5,17,0,1,-1,0,0,9,0
445.gobmk,445.gobmk_827,3,53,0,13,25,101,4,3,1,0,0,47,0
445.gobmk,445.gobmk_828,2,26,0,5,9,56,2,2,5,0,0,28,0
445.gobmk,445.gobmk_829,1,8,0,4,2,14,0,1,3,0,0,6,0
445.gobmk,445.gobmk_830,1,8,0,2,5,17,0,1,-1,0,0,8,0
445.gobmk,445.gobmk_831,2,97,13,17,8,183,8,4,1,0,0,124,0
445.gobmk,445.gobmk_832,1,35,0,11,5,56,2,1,1,0,0,28,0
445.gobmk,445.gobmk_833,2,105,12,18,8,198,8,4,1,0,0,136,0
445.gobmk,445.gobmk_834,1,35,0,11,5,56,2,1,1,0,0,28,0
445.gobmk,445.gobmk_835,2,169,0,37,74,334,9,5,380,0,0,181,0
445.gobmk,445.gobmk_836,1,5,0,2,0,10,2,0,1,0,0,3,0
445.gobmk,445.gobmk_837,2,233,0,47,94,454,17,5,380,0,0,237,0
445.gobmk,445.gobmk_838,1,5,0,2,0,10,2,0,1,0,0,3,0
445.gobmk,445.gobmk_839,1,47,0,14,17,92,6,2,380,0,0,41,0
445.gobmk,445.gobmk_840,1,25,0,8,12,48,1,2,380,0,0,23,0
445.gobmk,445.gobmk_841,2,228,0,54,80,469,13,4,380,0,0,234,0
445.gobmk,445.gobmk_842,1,1,0,1,0,1,0,0,1,0,0,0,0
445.gobmk,445.gobmk_843,2,73,0,21,17,148,18,4,1,0,0,67,0
445.gobmk,445.gobmk_844,1,2,0,2,0,2,0,0,1,0,0,0,0
445.gobmk,445.gobmk_845,1,75,0,5,49,140,16,2,-1,0,0,73,0
445.gobmk,445.gobmk_846,2,93,0,10,60,178,15,2,1,0,0,93,0
445.gobmk,445.gobmk_847,1,33,0,6,21,63,3,1,1,0,0,30,0
445.gobmk,445.gobmk_848,1,17,0,5,2,38,4,1,380,0,0,19,0
445.gobmk,445.gobmk_849,1,23,0,7,2,52,5,1,380,0,0,26,0
445.gobmk,445.gobmk_850,1,78,0,22,11,150,10,2,380,0,0,81,0
445.gobmk,445.gobmk_851,1,23,0,5,9,46,4,1,380,0,0,21,0
445.gobmk,445.gobmk_852,2,20,0,5,8,40,3,2,-1,0,0,19,0
445.gobmk,445.gobmk_853,1,50,0,16,17,104,5,2,-1,0,0,40,0
445.gobmk,445.gobmk_854,1,27,0,6,12,54,5,2,380,0,0,24,0
445.gobmk,445.gobmk_855,2,7,0,1,6,16,0,0,1,0,0,9,0
445.gobmk,445.gobmk_856,3,272,0,49,143,569,27,2,1,0,0,280,0
445.gobmk,445.gobmk_857,2,42,0,17,0,82,0,2,3,0,0,43,0
445.gobmk,445.gobmk_858,1,40,0,7,21,70,3,1,1,0,0,36,0
445.gobmk,445.gobmk_859,1,19,0,5,7,39,3,2,380,0,0,17,0
445.gobmk,445.gobmk_860,1,157,0,46,49,304,24,3,380,0,0,145,0
445.gobmk,445.gobmk_861,1,21,0,7,4,40,3,1,380,0,0,19,0
445.gobmk,445.gobmk_862,2,62,2,13,16,124,16,3,1,0,0,63,0
445.gobmk,445.gobmk_863,1,2,0,2,0,2,0,0,1,0,0,0,0
445.gobmk,445.gobmk_864,2,15,0,3,2,27,5,1,1,0,0,16,0
445.gobmk,445.gobmk_865,1,2,0,2,0,2,0,0,1,0,0,0,0
445.gobmk,445.gobmk_866,2,15,0,3,2,27,5,1,1,0,0,16,0
445.gobmk,445.gobmk_867,1,2,0,2,0,2,0,0,1,0,0,0,0
445.gobmk,445.gobmk_868,2,31,0,4,6,63,8,2,1,0,0,34,0
445.gobmk,445.gobmk_869,1,2,0,2,0,2,0,0,1,0,0,0,0
445.gobmk,445.gobmk_870,2,15,0,3,2,27,5,1,1,0,0,15,0
445.gobmk,445.gobmk_871,1,2,0,2,0,2,0,0,1,0,0,0,0
445.gobmk,445.gobmk_872,1,12,0,4,5,23,0,1,1,0,0,11,0
445.gobmk,445.gobmk_873,1,12,0,4,5,23,0,1,1,0,0,11,0
445.gobmk,445.gobmk_874,1,12,0,4,5,23,0,1,1,0,0,11,0
445.gobmk,445.gobmk_875,1,12,0,4,5,23,0,1,1,0,0,11,0
445.gobmk,445.gobmk_876,1,12,0,4,5,23,0,1,1,0,0,11,0
445.gobmk,445.gobmk_877,2,31,0,7,17,71,0,1,1,0,0,40,0
445.gobmk,445.gobmk_878,1,2,0,2,0,2,0,0,1,0,0,0,0
445.gobmk,445.gobmk_879,2,16,0,4,9,33,0,1,1,0,0,19,0
445.gobmk,445.gobmk_880,1,2,0,2,0,2,0,0,1,0,0,0,0
445.gobmk,445.gobmk_881,2,31,0,7,17,71,0,1,1,0,0,40,0
445.gobmk,445.gobmk_882,1,2,0,2,0,2,0,0,1,0,0,0,0
445.gobmk,445.gobmk_883,2,5,0,2,2,10,0,1,-1,0,0,6,0
445.gobmk,445.gobmk_884,2,5,0,2,2,10,0,1,-1,0,0,6,0
445.gobmk,445.gobmk_885,2,5,0,2,2,10,0,1,-1,0,0,6,0
445.gobmk,445.gobmk_886,2,5,0,2,2,10,0,1,-1,0,0,6,0
445.gobmk,445.gobmk_887,1,181,0,48,56,351,20,3,-1,0,0,193,0
445.gobmk,445.gobmk_888,1,7,0,3,0,15,0,1,1,0,0,6,0
445.gobmk,445.gobmk_889,2,5,0,1,0,14,0,1,1,0,0,7,0
445.gobmk,445.gobmk_890,1,77,0,26,18,155,0,3,1,0,0,53,0
445.gobmk,445.gobmk_891,2,30,0,4,4,57,8,2,1,0,0,30,0
445.gobmk,445.gobmk_892,1,44,0,12,10,84,6,3,1,0,0,34,0
445.gobmk,445.gobmk_893,1,15,0,4,6,27,2,2,380,0,0,13,0
445.gobmk,445.gobmk_894,2,106,0,25,16,182,24,2,1,0,0,104,0
445.gobmk,445.gobmk_895,1,2,0,2,0,2,0,0,1,0,0,0,0
445.gobmk,445.gobmk_896,1,307,0,43,76,576,82,2,1,0,0,330,0
445.gobmk,445.gobmk_897,2,35,0,7,6,61,8,2,-1,0,0,38,0
445.gobmk,445.gobmk_898,1,6,0,4,0,7,0,0,1,0,0,2,0
445.gobmk,445.gobmk_899,2,14,0,4,4,27,3,1,380,0,0,14,0
445.gobmk,445.gobmk_900,1,26,0,8,8,51,4,2,380,0,0,26,0
445.gobmk,445.gobmk_901,2,28,0,4,12,50,7,1,5,0,0,31,0
445.gobmk,445.gobmk_902,1,13,0,5,4,23,2,2,380,0,0,11,0
445.gobmk,445.gobmk_903,2,8,0,2,2,15,1,1,-1,0,0,9,0
445.gobmk,445.gobmk_904,2,8,0,2,2,15,1,1,-1,0,0,9,0
445.gobmk,445.gobmk_905,2,8,0,1,2,14,2,0,1,0,0,9,0
445.gobmk,445.gobmk_906,1,91,14,8,16,145,27,0,1,0,0,103,0
445.gobmk,445.gobmk_907,1,7,0,1,2,13,1,0,1,0,0,8,0
445.gobmk,445.gobmk_908,1,7,0,1,2,13,1,0,1,0,0,8,0
445.gobmk,445.gobmk_909,3,33,2,6,2,57,9,2,1,0,0,41,0
445.gobmk,445.gobmk_910,2,7,0,2,1,8,1,0,1,0,0,4,0
445.gobmk,445.gobmk_911,1,29,0,5,8,52,7,1,1,0,0,28,0
445.gobmk,445.gobmk_912,1,9,0,2,2,17,1,1,-1,0,0,10,0
445.gobmk,445.gobmk_913,3,33,2,6,2,57,9,2,1,0,0,41,0
445.gobmk,445.gobmk_914,2,4,0,2,0,4,0,0,1,0,0,2,0
445.gobmk,445.gobmk_915,1,29,0,5,8,52,7,1,1,0,0,28,0
445.gobmk,445.gobmk_916,2,10,0,2,2,18,2,1,-1,0,0,11,0
445.gobmk,445.gobmk_917,1,8,0,5,0,12,1,1,-1,0,0,5,0
445.gobmk,445.gobmk_918,2,10,0,2,2,18,2,1,-1,0,0,11,0
445.gobmk,445.gobmk_919,1,15,0,5,2,25,2,1,-1,0,0,14,0
445.gobmk,445.gobmk_920,2,20,0,5,6,42,4,2,380,0,0,21,0
445.gobmk,445.gobmk_921,1,28,0,4,17,49,6,1,1,0,0,26,0
445.gobmk,445.gobmk_922,1,20,0,5,6,42,4,2,380,0,0,20,0
445.gobmk,445.gobmk_923,1,10,0,2,6,21,1,1,-1,0,0,9,0
445.gobmk,445.gobmk_924,1,16,0,5,8,33,1,2,380,0,0,14,0
445.gobmk,445.gobmk_925,1,35,0,7,17,67,5,3,-1,0,0,35,0
445.gobmk,445.gobmk_926,2,54,0,8,6,94,18,3,-1,0,0,63,0
445.gobmk,445.gobmk_927,1,2,0,2,0,2,0,0,-1,0,0,0,0
445.gobmk,445.gobmk_928,1,2,0,1,0,2,0,0,1,0,0,0,0
445.gobmk,445.gobmk_929,1,33,0,8,12,74,2,2,1,0,0,37,0
445.gobmk,445.gobmk_930,1,2,0,1,0,2,0,0,1,0,0,0,0
445.gobmk,445.gobmk_931,1,33,0,8,12,74,2,2,1,0,0,37,0
445.gobmk,445.gobmk_932,1,2,0,1,0,2,0,0,1,0,0,0,0
445.gobmk,445.gobmk_933,1,33,0,8,12,74,2,2,1,0,0,37,0
445.gobmk,445.gobmk_934,1,2,0,1,0,2,0,0,1,0,0,0,0
445.gobmk,445.gobmk_935,1,33,0,8,12,74,2,2,1,0,0,37,0
445.gobmk,445.gobmk_936,2,9,0,2,5,18,1,1,-1,0,0,10,0
445.gobmk,445.gobmk_937,2,19,0,4,11,37,2,2,380,0,0,18,0
445.gobmk,445.gobmk_938,3,18,0,4,10,36,2,2,380,0,0,17,0
445.gobmk,445.gobmk_939,2,26,2,6,9,44,6,2,5,0,0,21,0
445.gobmk,445.gobmk_940,2,2,0,1,0,5,0,0,1,0,0,1,0
445.gobmk,445.gobmk_941,1,162,4,45,58,297,24,5,5,0,0,132,0
445.gobmk,445.gobmk_942,2,12,0,3,8,25,0,1,380,0,0,11,0
445.gobmk,445.gobmk_943,1,145,2,42,49,297,16,2,380,0,0,113,0
445.gobmk,445.gobmk_944,1,97,0,13,18,192,14,3,-1,0,0,113,0
445.gobmk,445.gobmk_945,1,0,0,0,0,0,0,0,1,0,0,0,0
445.gobmk,445.gobmk_946,2,6,0,1,4,10,1,0,1,0,0,6,0
445.gobmk,445.gobmk_947,1,39,0,10,14,76,7,2,380,0,0,37,0
445.gobmk,445.gobmk_948,1,53,0,11,7,127,5,4,380,0,0,63,0
445.gobmk,445.gobmk_949,2,24,0,6,5,52,4,2,380,0,0,26,0
445.gobmk,445.gobmk_950,1,1,0,1,0,1,0,0,1,0,0,0,0
445.gobmk,445.gobmk_951,2,10,0,3,2,23,1,1,1,0,0,12,0
445.gobmk,445.gobmk_952,1,16,0,5,3,31,3,1,380,0,0,15,0
445.gobmk,445.gobmk_953,3,10,0,3,2,23,1,1,1,0,0,12,0
445.gobmk,445.gobmk_954,3,0,0,0,0,0,0,0,1,0,0,0,0
445.gobmk,445.gobmk_955,2,50,0,15,8,105,5,3,380,0,0,49,0
445.gobmk,445.gobmk_956,1,1,0,1,0,1,0,0,1,0,0,0,0
445.gobmk,445.gobmk_957,5,23,0,4,12,61,3,2,9,0,0,30,0
445.gobmk,445.gobmk_958,4,2,0,2,0,2,0,0,1,0,0,0,0
445.gobmk,445.gobmk_959,3,38,0,12,7,75,7,2,3,0,0,36,0
445.gobmk,445.gobmk_960,2,189,0,41,61,454,34,5,-1,0,0,222,0
445.gobmk,445.gobmk_961,1,4,0,2,2,6,0,0,-1,0,0,3,0
445.gobmk,445.gobmk_962,1,34,0,8,17,62,3,2,1,0,0,31,0
445.gobmk,445.gobmk_963,1,33,0,8,16,61,3,3,-1,0,0,29,0
445.gobmk,445.gobmk_964,1,16,0,3,8,25,2,1,1,0,0,12,0
445.gobmk,445.gobmk_965,1,24,1,5,14,50,1,2,11,0,0,23,0
445.gobmk,445.gobmk_966,2,10,0,1,8,21,0,0,1,0,0,11,0
445.gobmk,445.gobmk_967,1,9,0,4,4,16,0,1,11,0,0,4,0
445.gobmk,445.gobmk_968,3,59,0,10,31,128,9,2,-1,0,0,59,0
445.gobmk,445.gobmk_969,3,164,0,46,40,341,17,5,1,0,0,162,0
445.gobmk,445.gobmk_970,2,38,0,14,5,76,5,2,1,0,0,37,0
445.gobmk,445.gobmk_971,1,2,0,2,0,2,0,0,1,0,0,0,0
445.gobmk,445.gobmk_972,2,36,0,6,15,77,6,2,1,0,0,42,0
445.gobmk,445.gobmk_973,1,3,0,2,0,3,0,0,1,0,0,1,0
445.gobmk,445.gobmk_974,3,52,0,10,25,112,8,3,-1,0,0,52,0
445.gobmk,445.gobmk_975,2,80,0,26,16,150,19,3,380,0,0,79,0
445.gobmk,445.gobmk_976,1,24,0,7,10,48,3,1,380,0,0,22,0
445.gobmk,445.gobmk_977,3,170,0,43,60,346,30,3,3,0,0,171,0
445.gobmk,445.gobmk_978,2,122,0,28,57,248,17,2,-1,0,0,115,0
445.gobmk,445.gobmk_979,1,10,0,6,2,15,1,1,380,0,0,5,0
445.gobmk,445.gobmk_980,3,52,0,5,30,97,8,1,1,0,0,55,0
445.gobmk,445.gobmk_981,4,13,0,2,8,26,2,1,-1,0,0,14,0
445.gobmk,445.gobmk_982,3,25,0,8,4,41,3,1,1,0,0,26,0
445.gobmk,445.gobmk_983,3,11,0,2,4,19,3,1,-1,0,0,11,0
445.gobmk,445.gobmk_984,2,214,0,59,63,488,30,4,-1,0,0,212,0
445.gobmk,445.gobmk_985,1,37,0,12,8,73,3,2,380,0,0,35,0
445.gobmk,445.gobmk_986,4,42,0,12,6,92,8,2,9,0,0,46,0
445.gobmk,445.gobmk_987,3,23,0,7,4,44,5,3,380,0,0,21,0
445.gobmk,445.gobmk_988,3,32,0,4,19,62,6,1,1,0,0,32,0
445.gobmk,445.gobmk_989,4,161,0,41,39,323,39,2,1,0,0,174,0
445.gobmk,445.gobmk_990,3,2,0,2,0,2,0,0,1,0,0,0,0
445.gobmk,445.gobmk_991,2,122,0,27,54,245,21,3,-1,0,0,108,0
445.gobmk,445.gobmk_992,1,10,0,6,2,15,1,1,-1,0,0,5,0
445.gobmk,445.gobmk_993,2,56,4,10,20,111,12,2,1,0,0,54,0
445.gobmk,445.gobmk_994,1,5,0,2,1,6,1,0,1,0,0,2,0
445.gobmk,445.gobmk_995,1,56,1,16,25,112,6,3,380,0,0,47,0
445.gobmk,445.gobmk_996,1,13,0,3,8,27,1,1,380,0,0,12,0
445.gobmk,445.gobmk_997,1,16,1,3,6,31,3,1,1,0,0,16,0
445.gobmk,445.gobmk_998,1,18,1,4,8,36,3,2,380,0,0,17,0
445.gobmk,445.gobmk_999,1,5,0,1,4,11,0,0,11,0,0,4,0
445.gobmk,445.gobmk_1000,2,56,2,16,17,112,7,3,380,0,0,51,0
445.gobmk,445.gobmk_1001,1,93,5,23,27,180,13,2,1,0,0,83,0
445.gobmk,445.gobmk_1002,3,87,2,12,46,190,14,3,-1,0,0,94,0
445.gobmk,445.gobmk_1003,2,129,3,37,29,260,16,4,1,0,0,118,0
445.gobmk,445.gobmk_1004,1,3,0,2,0,3,0,0,1,0,0,1,0
445.gobmk,445.gobmk_1005,1,13,0,3,4,25,2,2,-1,0,0,12,0
445.gobmk,445.gobmk_1006,1,5,0,2,0,9,1,1,1,0,0,4,0
445.gobmk,445.gobmk_1007,2,40,0,6,22,81,6,2,1,0,0,42,0
445.gobmk,445.gobmk_1008,2,56,6,11,23,121,7,3,1,0,0,61,0
445.gobmk,445.gobmk_1009,1,1063,84,257,356,2207,162,6,-1,0,0,993,0
445.gobmk,445.gobmk_1010,1,130,6,36,35,264,20,4,380,0,0,123,0
445.gobmk,445.gobmk_1011,2,24,0,3,15,44,4,1,1,0,0,23,0
445.gobmk,445.gobmk_1012,2,40,0,6,22,81,6,2,1,0,0,42,0
445.gobmk,445.gobmk_1013,2,133,4,25,54,273,23,4,1,0,0,136,0
445.gobmk,445.gobmk_1014,1,581,41,138,205,1191,106,6,-1,0,0,550,0
445.gobmk,445.gobmk_1015,1,3,0,1,2,6,0,0,380,0,0,3,0
445.gobmk,445.gobmk_1016,1,54,0,14,14,107,2,3,1,0,0,59,0
445.gobmk,445.gobmk_1017,2,5,0,2,2,10,0,1,-1,0,0,6,0
445.gobmk,445.gobmk_1018,1,32,0,9,8,55,5,2,5,0,0,31,0
445.gobmk,445.gobmk_1019,1,55,6,10,24,117,7,3,1,0,0,59,0
445.gobmk,445.gobmk_1020,2,58,1,10,27,114,8,2,-1,0,0,60,0
445.gobmk,445.gobmk_1021,1,142,0,30,33,281,8,3,-1,0,0,121,0
445.gobmk,445.gobmk_1022,1,20,0,3,6,41,2,2,-1,0,0,19,0
445.gobmk,445.gobmk_1023,1,28,0,4,14,56,4,2,-1,0,0,27,0
445.gobmk,445.gobmk_1024,1,59,0,15,24,124,6,3,380,0,0,55,0
445.gobmk,445.gobmk_1025,1,56,0,13,23,112,8,2,380,0,0,53,0
445.gobmk,445.gobmk_1026,1,91,0,16,40,202,9,2,380,0,0,91,0
445.gobmk,445.gobmk_1027,1,91,0,16,40,202,9,2,380,0,0,91,0
445.gobmk,445.gobmk_1028,3,176,0,44,58,387,16,5,380,0,0,174,0
445.gobmk,445.gobmk_1029,2,24,0,9,3,45,2,1,3,0,0,17,0
445.gobmk,445.gobmk_1030,1,8,0,4,2,13,1,1,380,0,0,5,0
445.gobmk,445.gobmk_1031,1,38,0,5,20,76,6,2,380,0,0,43,0
445.gobmk,445.gobmk_1032,1,23,0,5,7,45,5,2,380,0,0,23,0
445.gobmk,445.gobmk_1033,3,63,0,12,21,119,13,2,5,0,0,66,0
445.gobmk,445.gobmk_1034,2,14,0,4,4,22,2,1,380,0,0,12,0
445.gobmk,445.gobmk_1035,1,43,0,13,14,89,4,3,380,0,0,40,0
445.gobmk,445.gobmk_1036,1,47,0,8,26,105,5,2,380,0,0,51,0
445.gobmk,445.gobmk_1037,1,57,0,7,35,124,8,2,380,0,0,58,0
445.gobmk,445.gobmk_1038,1,10,0,3,5,20,1,1,380,0,0,8,0
445.gobmk,445.gobmk_1039,2,49,0,15,25,102,3,2,380,0,0,43,0
445.gobmk,445.gobmk_1040,1,5,0,2,1,10,0,0,3,0,0,4,0
445.gobmk,445.gobmk_1041,2,65,0,21,10,138,10,2,1,0,0,61,0
445.gobmk,445.gobmk_1042,1,24,0,8,6,50,3,2,380,0,0,21,0
445.gobmk,445.gobmk_1043,1,89,0,27,26,177,11,2,380,0,0,82,0
445.gobmk,445.gobmk_1044,2,17,0,1,16,45,0,0,11,0,0,20,0
445.gobmk,445.gobmk_1045,1,43,0,14,8,79,8,2,380,0,0,38,0
445.gobmk,445.gobmk_1046,1,61,0,12,22,122,9,2,380,0,0,65,0
445.gobmk,445.gobmk_1047,1,6,0,1,4,11,1,0,1,0,0,7,0
445.gobmk,445.gobmk_1048,1,15,0,3,6,31,4,1,1,0,0,15,0
445.gobmk,445.gobmk_1049,1,25,0,6,7,54,4,2,380,0,0,28,0
445.gobmk,445.gobmk_1050,2,14,0,3,4,27,3,1,-1,0,0,14,0
445.gobmk,445.gobmk_1051,1,64,0,14,34,126,7,4,380,0,0,56,0
445.gobmk,445.gobmk_1052,3,47,0,12,10,94,11,2,5,0,0,47,0
445.gobmk,445.gobmk_1053,2,21,0,8,2,45,3,2,1,0,0,18,0
445.gobmk,445.gobmk_1054,1,45,0,11,20,105,4,2,380,0,0,43,0
445.gobmk,445.gobmk_1055,2,35,0,5,24,83,2,1,11,0,0,42,0
445.gobmk,445.gobmk_1056,2,35,0,5,24,83,2,1,11,0,0,42,0
445.gobmk,445.gobmk_1057,1,32,0,12,8,58,5,2,380,0,0,26,0
445.gobmk,445.gobmk_1058,1,38,0,9,17,81,5,2,380,0,0,36,0
445.gobmk,445.gobmk_1059,1,15,0,4,2,28,3,1,380,0,0,13,0
445.gobmk,445.gobmk_1060,1,5,0,2,0,9,1,1,1,0,0,3,0
445.gobmk,445.gobmk_1061,1,5,0,2,0,9,1,1,1,0,0,3,0
445.gobmk,445.gobmk_1062,1,5,0,2,0,9,1,1,1,0,0,3,0
445.gobmk,445.gobmk_1063,1,5,0,2,0,9,1,1,1,0,0,3,0
445.gobmk,445.gobmk_1064,1,43,0,13,12,78,7,2,5,0,0,34,0
445.gobmk,445.gobmk_1065,1,26,0,6,8,51,5,2,5,0,0,24,0
445.gobmk,445.gobmk_1066,1,28,0,6,10,54,6,2,5,0,0,26,0
445.gobmk,445.gobmk_1067,1,34,0,6,14,62,6,2,5,0,0,31,0
445.gobmk,445.gobmk_1068,1,21,0,4,6,42,7,2,380,0,0,19,0
445.gobmk,445.gobmk_1069,1,61,0,13,27,134,5,3,1,0,0,59,0
445.gobmk,445.gobmk_1070,1,75,0,21,25,159,5,4,1,0,0,68,0
445.gobmk,445.gobmk_1071,2,7,0,1,6,15,0,0,1,0,0,9,0
445.gobmk,445.gobmk_1072,1,20,0,7,10,36,1,2,380,0,0,18,0
445.gobmk,445.gobmk_1073,1,18,0,5,4,34,4,2,380,0,0,17,0
445.gobmk,445.gobmk_1074,2,31,3,4,15,55,8,1,1,0,0,33,0
445.gobmk,445.gobmk_1075,1,8,0,4,2,13,1,1,380,0,0,5,0
445.gobmk,445.gobmk_1076,5,10,0,2,6,21,1,1,-1,0,0,12,0
445.gobmk,445.gobmk_1077,4,32,0,9,14,63,2,2,1,0,0,30,0
445.gobmk,445.gobmk_1078,3,22,0,5,8,41,4,2,5,0,0,25,0
445.gobmk,445.gobmk_1079,2,13,0,5,4,23,1,1,380,0,0,11,0
445.gobmk,445.gobmk_1080,1,6,0,3,0,11,0,1,1,0,0,4,0
445.gobmk,445.gobmk_1081,2,4,0,1,3,9,0,0,1,0,0,4,0
445.gobmk,445.gobmk_1082,1,32,0,7,19,65,2,1,380,0,0,33,0
445.gobmk,445.gobmk_1083,3,34,0,13,6,62,7,4,-1,0,0,31,0
445.gobmk,445.gobmk_1084,2,27,0,8,8,60,1,3,-1,0,0,27,0
445.gobmk,445.gobmk_1085,2,8,0,2,4,18,0,1,-1,0,0,8,0
445.gobmk,445.gobmk_1086,1,28,0,7,8,45,3,1,-1,0,0,25,0
445.gobmk,445.gobmk_1087,1,190,0,39,98,356,18,2,1,0,0,189,0
445.gobmk,445.gobmk_1088,1,8,0,1,4,14,2,0,1,0,0,10,0
445.gobmk,445.gobmk_1089,1,8,0,1,4,14,2,0,1,0,0,10,0
445.gobmk,445.gobmk_1090,1,65,0,16,30,115,2,5,1,0,0,60,0
445.gobmk,445.gobmk_1091,2,36,0,5,28,63,0,2,1,0,0,41,0
445.gobmk,445.gobmk_1092,1,2,0,2,0,2,0,0,1,0,0,0,0
445.gobmk,445.gobmk_1093,2,11,0,3,5,20,1,0,1,0,0,7,0
445.gobmk,445.gobmk_1094,1,739,0,221,225,1467,68,6,-1,1,0,539,0
445.gobmk,445.gobmk_1095,4,0,0,0,0,0,0,0,1,0,0,0,0
445.gobmk,445.gobmk_1096,4,10,0,2,5,21,0,1,-1,0,0,8,0
445.gobmk,445.gobmk_1097,4,6,0,2,1,10,1,1,1,0,0,5,0
445.gobmk,445.gobmk_1098,3,372,0,104,125,820,4,5,-1,0,0,230,0
445.gobmk,445.gobmk_1099,2,18,0,4,7,38,0,1,-1,0,0,13,0
445.gobmk,445.gobmk_1100,2,34,0,10,6,77,0,1,-1,0,0,19,0
445.gobmk,445.gobmk_1101,1,29,0,8,9,55,0,2,-1,0,0,15,0
445.gobmk,445.gobmk_1102,2,70,0,16,11,155,11,2,-1,0,0,59,0
445.gobmk,445.gobmk_1103,1,38,0,11,7,63,5,2,-1,0,0,27,0
445.gobmk,445.gobmk_1104,1,0,0,0,0,0,0,0,1,0,0,0,0
445.gobmk,445.gobmk_1105,2,26,0,4,11,42,6,1,81,0,0,29,0
445.gobmk,445.gobmk_1106,1,260,0,67,73,503,30,4,-1,0,0,236,0
445.gobmk,445.gobmk_1107,2,34,0,4,15,50,10,1,1,0,0,37,0
445.gobmk,445.gobmk_1108,1,366,0,98,88,714,42,4,-1,0,0,321,0
445.gobmk,445.gobmk_1109,1,14,0,3,3,34,0,1,1,0,0,13,0
445.gobmk,445.gobmk_1110,2,32,0,4,7,57,10,2,1,0,0,39,0
445.gobmk,445.gobmk_1111,1,3,0,2,0,3,0,0,1,0,0,1,0
445.gobmk,445.gobmk_1112,1,6,0,1,2,8,2,0,1,0,0,6,0
445.gobmk,445.gobmk_1113,2,51,0,7,9,89,15,2,1,0,0,56,0
445.gobmk,445.gobmk_1114,1,2,0,2,0,2,0,0,1,0,0,0,0
445.gobmk,445.gobmk_1115,1,78,0,18,28,164,6,2,380,0,0,72,0
445.gobmk,445.gobmk_1116,4,21,0,3,3,37,7,1,1,0,0,23,0
445.gobmk,445.gobmk_1117,3,2,0,2,0,2,0,0,1,0,0,0,0
445.gobmk,445.gobmk_1118,2,71,0,12,18,123,15,3,1,0,0,74,0
445.gobmk,445.gobmk_1119,1,2,0,2,0,2,0,0,1,0,0,0,0
445.gobmk,445.gobmk_1120,1,12,0,2,7,21,2,1,-1,0,0,13,0
445.gobmk,445.gobmk_1121,2,72,0,16,9,134,16,2,-1,0,0,71,0
445.gobmk,445.gobmk_1122,1,3,0,2,0,3,0,0,-1,0,0,1,0
445.gobmk,445.gobmk_1123,1,11,0,3,5,23,0,1,7,0,0,11,0
445.gobmk,445.gobmk_1124,2,22,0,6,2,39,5,1,1,0,0,20,0
445.gobmk,445.gobmk_1125,1,3,0,2,0,3,0,0,1,0,0,1,0
445.gobmk,445.gobmk_1126,1,5,0,1,3,11,0,0,1,0,0,4,0
445.gobmk,445.gobmk_1127,1,8,0,2,4,19,0,1,-1,0,0,8,0
445.gobmk,445.gobmk_1128,2,23,0,3,7,39,7,1,1,0,0,28,0
445.gobmk,445.gobmk_1129,1,3,0,2,0,3,0,0,1,0,0,1,0
445.gobmk,445.gobmk_1130,2,22,0,6,2,39,5,1,1,0,0,20,0
445.gobmk,445.gobmk_1131,1,3,0,2,0,3,0,0,1,0,0,1,0
445.gobmk,445.gobmk_1132,1,15,0,2,5,29,2,1,1,0,0,19,0
445.gobmk,445.gobmk_1133,1,24,0,4,7,44,3,2,-1,0,0,27,0
445.gobmk,445.gobmk_1134,1,0,0,0,0,0,0,0,1,0,0,0,0
445.gobmk,445.gobmk_1135,1,20,1,3,8,39,2,1,11,0,0,19,0
445.gobmk,445.gobmk_1136,1,20,1,3,8,39,2,1,11,0,0,19,0
445.gobmk,445.gobmk_1137,1,20,1,3,8,39,2,1,11,0,0,19,0
445.gobmk,445.gobmk_1138,1,10,0,2,5,21,1,1,-1,0,0,14,0
445.gobmk,445.gobmk_1139,1,6,0,1,2,8,2,0,1,0,0,6,0
445.gobmk,445.gobmk_1140,2,105,0,5,52,230,7,1,1,0,0,110,0
445.gobmk,445.gobmk_1141,1,2,0,2,0,2,0,0,1,0,0,0,0
445.gobmk,445.gobmk_1142,4,30,0,4,2,52,11,1,1,0,0,33,0
445.gobmk,445.gobmk_1143,3,2,0,2,0,2,0,0,1,0,0,0,0
445.gobmk,445.gobmk_1144,2,67,0,12,12,114,15,3,1,0,0,70,0
445.gobmk,445.gobmk_1145,1,3,0,2,0,3,0,0,1,0,0,1,0
445.gobmk,445.gobmk_1146,1,13,0,1,8,25,0,0,1,0,0,16,0
445.gobmk,445.gobmk_1147,2,242,0,38,126,403,52,1,1,0,0,247,0
445.gobmk,445.gobmk_1148,1,3,0,2,1,4,0,0,1,0,0,1,0
445.gobmk,445.gobmk_1149,2,30,0,1,16,50,6,0,1,0,0,37,0
445.gobmk,445.gobmk_1150,1,3,0,2,1,4,0,0,1,0,0,1,0
445.gobmk,445.gobmk_1151,1,15,0,5,2,25,0,1,1,0,0,12,0
445.gobmk,445.gobmk_1152,2,37,0,3,18,60,8,1,1,0,0,41,0
445.gobmk,445.gobmk_1153,1,4,0,2,1,5,0,0,1,0,0,2,0
445.gobmk,445.gobmk_1154,1,48,0,5,24,103,0,3,1,0,0,49,0
445.gobmk,445.gobmk_1155,2,0,0,0,0,0,0,0,1,0,0,0,0
445.gobmk,445.gobmk_1156,1,17,0,1,12,36,0,0,1,0,0,18,0
445.gobmk,445.gobmk_1157,1,34,0,5,11,69,0,3,1,0,0,37,0
445.gobmk,445.gobmk_1158,1,0,0,0,0,0,0,0,1,0,0,0,0
445.gobmk,445.gobmk_1159,1,15,0,5,2,43,1,0,1,0,0,20,0
445.gobmk,445.gobmk_1160,1,150,0,32,63,308,17,2,-1,0,0,144,0
445.gobmk,445.gobmk_1161,1,32,0,6,17,67,3,2,-1,0,0,31,0
445.gobmk,445.gobmk_1162,1,38,0,8,19,75,4,2,-1,1764,0,36,0
445.gobmk,445.gobmk_1163,1,38,0,6,16,75,8,2,-1,1,0,35,0
445.gobmk,445.gobmk_1164,2,31,0,4,19,67,0,0,8,0,0,36,0
445.gobmk,445.gobmk_1165,1,21,0,6,6,40,0,2,1765,0,0,20,0
445.gobmk,445.gobmk_1166,2,20,0,3,8,38,3,1,5,0,0,26,0
445.gobmk,445.gobmk_1167,1,7,0,1,5,14,0,0,1765,0,0,8,0
445.gobmk,445.gobmk_1168,2,5,0,1,2,10,0,0,43,0,0,6,0
445.gobmk,445.gobmk_1169,1,2,0,2,0,2,0,0,43,0,0,0,0
445.gobmk,445.gobmk_1170,1,3,0,1,2,6,0,0,7057,0,0,3,0
445.gobmk,445.gobmk_1171,2,4,0,2,0,8,0,1,1,0,0,3,0
445.gobmk,445.gobmk_1172,1,31,0,4,18,68,1,1,1,0,0,28,0
445.gobmk,445.gobmk_1173,1,4,0,1,1,10,1,0,1,0,0,4,0
445.gobmk,445.gobmk_1174,1,4,0,1,1,10,1,0,1,0,0,4,0
445.gobmk,445.gobmk_1175,1,17,0,1,10,37,1,1,1,0,0,18,0
445.gobmk,445.gobmk_1176,2,20,0,6,6,40,2,1,5,0,0,17,0
445.gobmk,445.gobmk_1177,1,15,0,2,5,33,1,1,1,0,0,12,0
445.gobmk,445.gobmk_1178,2,38,0,13,6,71,5,4,5,0,0,40,0
445.gobmk,445.gobmk_1179,1,3,0,2,0,3,0,0,1,0,0,1,0
445.gobmk,445.gobmk_1180,1,3,0,1,2,6,0,0,7057,0,0,2,0
445.gobmk,445.gobmk_1181,1,3,0,1,1,7,0,0,34,0,0,2,0
445.gobmk,445.gobmk_1182,1,3,0,1,1,6,0,0,34,0,0,2,0
445.gobmk,445.gobmk_1183,2,17,0,1,14,32,2,0,5,0,0,22,0
445.gobmk,445.gobmk_1184,1,13,0,2,10,23,1,0,1,0,0,14,0
445.gobmk,445.gobmk_1185,2,19,0,1,18,41,0,0,5,0,0,24,0
445.gobmk,445.gobmk_1186,1,2,0,2,0,2,0,0,1,0,0,0,0
445.gobmk,445.gobmk_1187,3,31,0,4,16,58,5,1,5,0,0,42,0
445.gobmk,445.gobmk_1188,2,4,0,2,0,4,0,0,1,0,0,2,0
445.gobmk,445.gobmk_1189,1,1,0,1,0,1,0,0,1,0,0,0,0
445.gobmk,445.gobmk_1190,2,25,0,4,5,51,5,1,1,0,0,26,0
445.gobmk,445.gobmk_1191,1,3,0,1,1,4,0,0,1,0,0,1,0
445.gobmk,445.gobmk_1192,1,14,0,1,12,26,1,0,1,0,0,15,0
445.gobmk,445.gobmk_1193,1,14,0,1,12,26,1,0,1,0,0,15,0
445.gobmk,445.gobmk_1194,2,5,0,1,2,9,1,1,-1,0,0,6,0
445.gobmk,445.gobmk_1195,1,53,0,10,26,95,6,1,1,0,0,58,0
445.gobmk,445.gobmk_1196,1,0,0,0,0,0,0,0,1,0,0,0,0
445.gobmk,445.gobmk_1197,2,10,0,2,6,21,1,1,-1,0,0,10,0
445.gobmk,445.gobmk_1198,1,10,0,4,4,15,1,0,883,0,0,9,0
445.gobmk,445.gobmk_1199,1,128,0,29,47,263,19,3,1,0,0,116,0
445.gobmk,445.gobmk_1200,1,140,0,38,39,282,10,5,1,0,0,141,0
445.gobmk,445.gobmk_1201,2,17,0,5,5,32,3,1,45,0,0,17,0
445.gobmk,445.gobmk_1202,1,4,0,2,1,6,0,0,45,0,0,1,0
445.gobmk,445.gobmk_1203,1,22,0,1,14,42,3,0,1,0,0,26,0
445.gobmk,445.gobmk_1204,2,17,0,5,5,32,3,1,45,0,0,17,0
445.gobmk,445.gobmk_1205,1,4,0,2,1,6,0,0,45,0,0,1,0
445.gobmk,445.gobmk_1206,2,4,0,1,3,9,0,0,1,0,0,5,0
445.gobmk,445.gobmk_1207,1,2,0,2,0,2,0,0,1,0,0,0,0
445.gobmk,445.gobmk_1208,2,4,0,1,3,9,0,0,1,0,0,5,0
445.gobmk,445.gobmk_1209,1,2,0,2,0,2,0,0,1,0,0,0,0
445.gobmk,445.gobmk_1210,2,4,0,1,3,9,0,0,85,0,0,5,0
445.gobmk,445.gobmk_1211,1,2,0,2,0,2,0,0,1,0,0,0,0
445.gobmk,445.gobmk_1212,2,4,0,1,3,9,0,0,1,0,0,5,0
445.gobmk,445.gobmk_1213,1,6,0,2,2,9,1,0,64,0,0,4,0
445.gobmk,445.gobmk_1214,2,4,0,1,3,9,0,0,64,0,0,5,0
445.gobmk,445.gobmk_1215,1,2,0,2,0,2,0,0,1,0,0,0,0
445.gobmk,445.gobmk_1216,2,4,0,1,3,9,0,0,1,0,0,5,0
445.gobmk,445.gobmk_1217,1,6,0,2,2,9,1,0,1,0,0,4,0
445.gobmk,445.gobmk_1218,2,4,0,1,3,9,0,0,43,0,0,5,0
445.gobmk,445.gobmk_1219,1,2,0,2,0,2,0,0,43,0,0,0,0
445.gobmk,445.gobmk_1220,1,4,0,1,3,9,0,0,4097,0,0,3,0
445.gobmk,445.gobmk_1221,1,84,0,10,58,166,5,3,5,0,0,84,0
445.gobmk,445.gobmk_1222,1,8,0,1,6,18,0,0,4097,0,0,7,0
445.gobmk,445.gobmk_1223,1,0,0,0,0,0,0,0,1,0,0,0,0
445.gobmk,445.gobmk_1224,1,47,0,4,33,96,4,2,1,0,0,45,0
445.gobmk,445.gobmk_1225,1,17,0,2,11,36,0,1,1,0,0,14,0
445.gobmk,445.gobmk_1226,1,11,0,3,6,23,0,1,1,0,0,10,0
445.gobmk,445.gobmk_1227,1,8,0,1,5,16,1,1,-1,0,0,8,0
445.gobmk,445.gobmk_1228,1,10,0,2,6,21,1,1,-1,0,0,10,0
445.gobmk,445.gobmk_1229,1,16,0,3,6,32,2,2,-1,0,0,16,0
445.gobmk,445.gobmk_1230,1,15,0,3,8,33,1,1,-1,0,0,16,0
445.gobmk,445.gobmk_1231,1,15,0,3,8,33,1,1,-1,0,0,16,0
445.gobmk,445.gobmk_1232,1,16,0,4,5,33,2,2,-1,0,0,16,0
445.gobmk,445.gobmk_1233,1,11,0,2,4,22,2,1,-1,0,0,11,0
445.gobmk,445.gobmk_1234,1,16,0,3,6,32,2,2,-1,0,0,16,0
445.gobmk,445.gobmk_1235,3,40,0,3,19,83,4,0,38,0,0,47,0
445.gobmk,445.gobmk_1236,2,2,0,2,0,2,0,0,38,0,0,0,0
445.gobmk,445.gobmk_1237,1,2,0,2,0,2,0,0,9,0,0,0,0
445.gobmk,445.gobmk_1238,1,0,0,0,0,0,0,0,1,0,0,0,0
445.gobmk,445.gobmk_1239,1,5,0,2,2,24,1,0,-1,0,0,4,0
445.gobmk,445.gobmk_1240,1,5,0,2,2,12,1,0,-1,0,0,4,0
445.gobmk,445.gobmk_1241,1,5,0,2,2,12,1,0,-1,0,0,4,0
445.gobmk,445.gobmk_1242,1,5,0,2,2,12,1,0,-1,0,0,4,0
445.gobmk,445.gobmk_1243,1,0,0,0,0,0,0,0,1,0,0,0,0
445.gobmk,445.gobmk_1244,1,7,0,2,2,12,2,1,-1,0,0,7,0
445.gobmk,445.gobmk_1245,1,7,0,2,2,12,2,1,-1,0,0,7,0
445.gobmk,445.gobmk_1246,1,7,0,2,2,12,2,1,-1,0,0,7,0
445.gobmk,445.gobmk_1247,1,7,0,2,2,12,2,1,-1,0,0,7,0
445.gobmk,445.gobmk_1248,1,7,0,2,2,12,2,1,-1,0,0,7,0
445.gobmk,445.gobmk_1249,1,7,0,2,2,12,2,1,-1,0,0,7,0
445.gobmk,445.gobmk_1250,1,4,0,2,0,8,0,1,1,0,0,3,0
445.gobmk,445.gobmk_1251,1,0,0,0,0,0,0,0,1,0,0,0,0
445.gobmk,445.gobmk_1252,1,0,0,0,0,0,0,0,1,0,0,0,0
445.gobmk,445.gobmk_1253,1,0,0,0,0,0,0,0,1,0,0,0,0
445.gobmk,445.gobmk_1254,1,0,0,0,0,0,0,0,1,0,0,0,0
445.gobmk,445.gobmk_1255,1,29,0,6,14,63,2,3,-1,0,0,31,0
445.gobmk,445.gobmk_1256,2,0,0,0,0,0,0,0,1,0,0,0,0
445.gobmk,445.gobmk_1257,1,8,0,4,2,14,0,1,-1,0,0,4,0
445.gobmk,445.gobmk_1258,1,0,0,0,0,0,0,0,1,0,0,0,0
445.gobmk,445.gobmk_1259,2,0,0,0,0,0,0,0,1,0,0,0,0
445.gobmk,445.gobmk_1260,1,8,0,4,2,14,0,1,-1,0,0,4,0
445.gobmk,445.gobmk_1261,1,0,0,0,0,0,0,0,1,0,0,0,0
445.gobmk,445.gobmk_1262,1,6,0,2,2,12,0,1,1,0,0,5,0
445.gobmk,445.gobmk_1263,1,11,0,3,4,23,1,1,1,0,0,9,0
445.gobmk,445.gobmk_1264,1,32,0,9,7,63,4,2,1,0,0,22,0
445.gobmk,445.gobmk_1265,1,24,0,5,8,41,4,1,1,0,0,19,0
445.gobmk,445.gobmk_1266,1,7,0,2,2,12,2,1,-1,1,0,7,0
445.gobmk,445.gobmk_1267,1,0,0,0,0,0,0,0,1,0,0,0,0
445.gobmk,445.gobmk_1268,1,12,0,2,4,18,2,1,1,0,0,10,0
445.gobmk,445.gobmk_1269,1,0,0,0,0,0,0,0,1,0,0,0,0
445.gobmk,445.gobmk_1270,1,30,0,5,11,47,5,2,1,11,0,26,0
445.gobmk,445.gobmk_1271,1,13,0,2,4,19,3,1,1,0,0,12,0
445.gobmk,445.gobmk_1272,1,49,0,15,19,84,1,3,1,2,0,30,0
445.gobmk,445.gobmk_1273,1,0,0,0,0,0,0,0,1,0,0,0,0
445.gobmk,445.gobmk_1274,1,0,0,0,0,0,0,0,1,0,0,0,0
445.gobmk,445.gobmk_1275,1,50,0,12,12,94,8,3,-1,1,0,53,0
445.gobmk,445.gobmk_1276,1,7,0,3,1,11,1,1,1,0,0,5,0
445.gobmk,445.gobmk_1277,1,50,0,12,12,94,8,3,-1,0,0,53,0
445.gobmk,445.gobmk_1278,1,7,0,3,1,11,1,1,1,0,0,5,0
445.gobmk,445.gobmk_1279,1,22,0,4,10,34,4,2,1,0,0,18,0
445.gobmk,445.gobmk_1280,2,13,0,1,8,23,0,0,1,-1,0,18,0
445.gobmk,445.gobmk_1281,2,19,0,1,8,33,2,0,1,-1,0,28,0
445.gobmk,445.gobmk_1282,1,20,0,7,0,33,4,1,1,-1,0,23,0
445.gobmk,445.gobmk_1283,1,0,0,0,0,0,0,0,1,-1,0,0,0
445.gobmk,445.gobmk_1284,3,0,0,0,0,0,0,0,1,-1,0,0,0
445.gobmk,445.gobmk_1285,2,7,0,4,0,13,0,1,1,-1,0,5,0
445.gobmk,445.gobmk_1286,1,6,0,3,0,10,0,2,1,-1,0,4,0
445.gobmk,445.gobmk_1287,1,5,0,1,2,10,0,0,26,-1,0,5,0
445.gobmk,445.gobmk_1288,1,6,0,1,5,13,0,0,26,-1,0,6,0
445.gobmk,445.gobmk_1289,1,6,0,1,5,13,0,0,26,-1,0,6,0
445.gobmk,445.gobmk_1290,1,17,0,1,8,35,1,1,8,-1,0,19,0
445.gobmk,445.gobmk_1291,1,16,0,1,8,33,1,1,19,-1,0,18,0
