450.soplex,450.soplex_1,1,52,0,3,28,96,12,1,1,0,0,54,0
450.soplex,450.soplex_2,1,41,0,3,22,75,9,1,1,0,0,42,0
450.soplex,450.soplex_3,1,52,0,3,28,96,12,1,1,0,0,54,0
450.soplex,450.soplex_4,1,41,0,3,22,75,9,1,1,0,0,42,0
450.soplex,450.soplex_5,1,14,0,1,3,28,5,0,1,0,0,16,0
450.soplex,450.soplex_6,1,14,0,1,3,28,5,0,1,0,0,16,0
450.soplex,450.soplex_7,1,27,0,1,6,55,10,0,1,0,0,32,0
450.soplex,450.soplex_8,1,14,0,1,3,28,5,0,1,0,0,16,0
450.soplex,450.soplex_9,1,14,0,1,3,28,5,0,1,0,0,16,0
450.soplex,450.soplex_10,1,27,0,1,6,55,10,0,1,0,0,32,0
450.soplex,450.soplex_11,1,9,1,2,1,26,1,1,-1,0,0,11,0
450.soplex,450.soplex_12,1,8,1,2,1,21,1,1,-1,0,0,9,0
450.soplex,450.soplex_13,1,9,1,2,1,26,1,1,-1,0,0,11,0
450.soplex,450.soplex_14,1,8,1,2,1,21,1,1,-1,0,0,9,0
450.soplex,450.soplex_15,1,5,0,1,4,9,0,0,1,5,0,4,0
450.soplex,450.soplex_16,2,12,0,3,3,21,3,1,-1,0,0,12,0
450.soplex,450.soplex_17,1,16,0,6,3,26,2,1,-1,0,0,12,0
450.soplex,450.soplex_18,1,12,0,3,3,21,3,1,-1,0,0,12,0
450.soplex,450.soplex_19,1,16,0,4,4,36,2,1,1,0,0,16,0
450.soplex,450.soplex_20,1,0,0,0,0,0,0,0,1,0,0,0,0
450.soplex,450.soplex_21,1,16,0,4,4,36,2,1,1,0,0,16,0
450.soplex,450.soplex_22,1,17,0,4,4,39,2,1,1,0,0,18,0
450.soplex,450.soplex_23,1,17,0,4,4,39,2,1,1,0,0,18,0
450.soplex,450.soplex_24,1,19,2,1,15,35,1,0,1,0,0,20,0
450.soplex,450.soplex_25,1,14,2,1,9,24,1,0,1,0,0,17,0
450.soplex,450.soplex_26,1,13,2,1,9,22,1,0,1,0,0,14,0
450.soplex,450.soplex_27,1,33,0,4,10,103,4,1,-1,0,0,43,0
450.soplex,450.soplex_28,1,95,0,19,43,421,2,1,-1,2,0,314,0
450.soplex,450.soplex_29,1,21,0,1,20,45,0,0,1,0,0,20,0
450.soplex,450.soplex_30,2,9,0,1,8,15,0,0,1,0,0,14,0
450.soplex,450.soplex_31,1,4,0,1,2,7,0,0,1,0,0,4,0
450.soplex,450.soplex_32,1,18,0,2,10,29,4,1,-1,0,0,24,0
450.soplex,450.soplex_33,1,9,0,1,8,15,0,0,1,0,0,14,0
450.soplex,450.soplex_34,2,6,0,1,4,10,0,0,1,0,0,8,0
450.soplex,450.soplex_35,1,4,0,1,2,7,0,0,1,0,0,4,0
450.soplex,450.soplex_36,1,18,0,2,10,29,4,1,-1,0,0,24,0
450.soplex,450.soplex_37,1,6,0,1,4,10,0,0,1,0,0,8,0
450.soplex,450.soplex_38,2,60,1,5,37,123,6,1,1,0,0,66,0
450.soplex,450.soplex_39,2,1,0,1,0,1,0,0,1,0,0,0,0
450.soplex,450.soplex_40,1,96,1,13,58,199,4,4,-1,0,0,102,0
450.soplex,450.soplex_41,1,30,0,1,26,66,2,0,1,0,0,37,0
450.soplex,450.soplex_42,2,12,0,1,8,23,1,0,1,0,0,13,0
450.soplex,450.soplex_43,1,13,0,6,2,23,0,2,-1,0,0,11,0
450.soplex,450.soplex_44,1,13,0,1,12,29,0,0,1,0,0,12,0
450.soplex,450.soplex_45,3,1,0,1,0,1,0,0,1,0,0,0,0
450.soplex,450.soplex_46,3,1,0,1,0,1,0,0,1,0,0,0,0
450.soplex,450.soplex_47,2,162,0,8,116,322,21,2,-1,0,0,177,0
450.soplex,450.soplex_48,1,31,0,4,22,61,4,1,-1,0,0,29,0
450.soplex,450.soplex_49,3,1,0,1,0,1,0,0,1,0,0,0,0
450.soplex,450.soplex_50,2,92,1,8,61,181,11,2,-1,0,0,100,0
450.soplex,450.soplex_51,1,72,0,2,55,146,11,0,-1,0,0,77,0
450.soplex,450.soplex_52,1,23,0,4,14,45,2,2,1,0,0,24,0
450.soplex,450.soplex_53,1,120,0,5,109,260,4,1,1,0,0,129,0
450.soplex,450.soplex_54,1,33,0,1,32,75,0,0,1,0,0,36,0
450.soplex,450.soplex_55,3,1,0,1,0,1,0,0,1,0,0,0,0
450.soplex,450.soplex_56,2,161,1,2,130,328,21,0,1,0,0,173,0
450.soplex,450.soplex_57,3,1,0,1,0,1,0,0,1,0,0,0,0
450.soplex,450.soplex_58,2,162,1,2,132,329,21,0,1,0,0,175,0
450.soplex,450.soplex_59,1,128,0,6,94,256,18,1,1,0,0,133,0
450.soplex,450.soplex_60,3,1,0,1,0,1,0,0,1,0,0,0,0
450.soplex,450.soplex_61,2,141,0,2,113,284,20,0,1,0,0,152,0
450.soplex,450.soplex_62,3,1,0,1,0,1,0,0,1,0,0,0,0
450.soplex,450.soplex_63,2,147,0,2,119,297,20,0,1,0,0,158,0
450.soplex,450.soplex_64,1,132,0,3,102,267,17,0,1,0,0,141,0
450.soplex,450.soplex_65,2,12,0,1,10,27,0,1,-1,0,0,13,0
450.soplex,450.soplex_66,3,27,1,4,18,57,0,2,-1,0,0,28,0
450.soplex,450.soplex_67,3,19,1,3,12,39,0,1,1,0,0,19,0
450.soplex,450.soplex_68,3,9,0,2,6,19,0,1,-1,0,0,9,0
450.soplex,450.soplex_69,2,139,3,16,69,260,14,3,-1,0,0,152,0
450.soplex,450.soplex_70,2,19,1,3,12,39,0,1,1,0,0,19,0
450.soplex,450.soplex_71,2,33,3,6,17,71,2,3,-1,0,0,41,0
450.soplex,450.soplex_72,2,9,0,3,4,19,0,2,-1,0,0,10,0
450.soplex,450.soplex_73,1,312,2,20,195,600,32,3,1,0,0,335,0
450.soplex,450.soplex_74,1,117,2,8,82,235,13,2,1,0,0,122,0
450.soplex,450.soplex_75,2,1,0,1,0,1,0,0,1,0,0,0,0
450.soplex,450.soplex_76,1,123,2,6,89,246,12,1,1,0,0,132,0
450.soplex,450.soplex_77,1,1,0,1,0,1,0,0,1,0,0,0,0
450.soplex,450.soplex_78,1,88,0,1,74,176,13,0,1,0,0,91,0
450.soplex,450.soplex_79,1,18,0,1,12,41,2,0,1,0,0,21,0
450.soplex,450.soplex_80,1,3,0,1,0,11,0,0,1,0,0,5,0
450.soplex,450.soplex_81,2,1,0,1,0,1,0,0,1,0,0,0,0
450.soplex,450.soplex_82,1,112,0,2,90,223,14,0,1,0,0,119,0
450.soplex,450.soplex_83,2,6,0,1,4,14,0,0,1,0,0,6,0
450.soplex,450.soplex_84,1,66,0,9,50,150,0,1,-1,0,0,52,0
450.soplex,450.soplex_85,2,54,1,2,41,104,6,1,1,0,0,57,0
450.soplex,450.soplex_86,1,27,0,2,22,56,2,0,1,0,0,26,0
450.soplex,450.soplex_87,1,7,0,1,6,15,0,0,1,0,0,6,0
450.soplex,450.soplex_88,2,16,0,1,11,25,3,0,1,0,0,21,0
450.soplex,450.soplex_89,1,7,0,2,2,8,0,0,1,0,0,6,0
450.soplex,450.soplex_90,1,4,0,1,2,6,0,0,1,0,0,5,0
450.soplex,450.soplex_91,1,0,0,0,0,0,0,0,1,0,0,0,0
450.soplex,450.soplex_92,1,9,0,1,8,15,0,0,1,0,0,10,0
450.soplex,450.soplex_93,2,20,0,2,15,38,2,1,-1,0,0,20,0
450.soplex,450.soplex_94,2,26,0,1,15,56,2,0,1,0,0,28,0
450.soplex,450.soplex_95,1,17,0,5,5,30,2,0,1,0,0,12,0
450.soplex,450.soplex_96,2,37,0,1,24,81,3,0,1,0,0,40,0
450.soplex,450.soplex_97,1,33,0,4,19,68,2,1,1,0,0,32,0
450.soplex,450.soplex_98,2,1,0,1,0,1,0,0,1,0,0,0,0
450.soplex,450.soplex_99,2,1,0,1,0,1,0,0,1,0,0,0,0
450.soplex,450.soplex_100,1,15,0,3,12,29,0,0,1,2,0,12,0
450.soplex,450.soplex_101,3,10,0,2,6,20,1,1,-1,0,0,10,0
450.soplex,450.soplex_102,2,27,0,4,18,50,3,0,1,0,0,24,0
450.soplex,450.soplex_103,1,17,0,2,12,33,1,0,1,0,0,16,0
450.soplex,450.soplex_104,3,10,0,2,6,20,1,1,-1,0,0,10,0
450.soplex,450.soplex_105,2,36,0,7,23,67,3,1,1,0,0,31,0
450.soplex,450.soplex_106,1,17,0,2,12,33,1,0,1,0,0,16,0
450.soplex,450.soplex_107,1,1,0,1,0,1,0,0,1,0,0,0,0
450.soplex,450.soplex_108,1,1,0,1,0,1,0,0,1,0,0,0,0
450.soplex,450.soplex_109,1,9,0,3,5,20,0,1,1,0,0,7,0
450.soplex,450.soplex_110,2,10,0,1,8,17,0,0,1,0,0,15,0
450.soplex,450.soplex_111,1,4,0,1,2,7,0,0,1,0,0,4,0
450.soplex,450.soplex_112,1,18,0,2,10,29,4,1,-1,0,0,24,0
450.soplex,450.soplex_113,1,10,0,1,8,17,0,0,1,0,0,15,0
450.soplex,450.soplex_114,1,70,1,5,39,123,12,2,1,0,0,91,0
450.soplex,450.soplex_115,2,25,6,3,10,42,5,1,1,0,0,32,0
450.soplex,450.soplex_116,1,42,2,4,20,71,8,2,-1,0,0,54,0
450.soplex,450.soplex_117,2,1,0,1,0,1,0,0,1,0,0,0,0
450.soplex,450.soplex_118,1,36,0,2,21,55,9,0,1,0,0,50,0
450.soplex,450.soplex_119,1,75,2,7,37,133,13,3,1,0,0,98,0
450.soplex,450.soplex_120,1,9,1,1,4,13,2,1,1,0,0,10,0
450.soplex,450.soplex_121,2,11,2,1,7,17,1,0,1,0,0,15,0
450.soplex,450.soplex_122,1,47,3,6,22,76,9,2,1,0,0,57,0
450.soplex,450.soplex_123,2,1,0,1,0,1,0,0,1,0,0,0,0
450.soplex,450.soplex_124,1,32,0,2,19,47,8,0,1,0,0,43,0
450.soplex,450.soplex_125,1,7,0,1,4,10,2,0,1,0,0,9,0
450.soplex,450.soplex_126,1,6,0,1,4,10,0,0,1,0,0,8,0
450.soplex,450.soplex_127,1,7,0,1,4,10,2,0,1,0,0,9,0
450.soplex,450.soplex_128,1,6,0,1,4,10,0,0,1,0,0,8,0
450.soplex,450.soplex_129,1,1,0,1,0,1,0,0,1,0,0,0,0
450.soplex,450.soplex_130,1,81,2,9,37,144,13,3,1,0,0,103,0
450.soplex,450.soplex_131,1,111,2,11,53,208,12,4,1,0,0,143,0
450.soplex,450.soplex_132,2,0,0,0,0,0,0,0,1,0,0,0,0
450.soplex,450.soplex_133,1,27,0,2,15,39,7,0,1,0,0,36,0
450.soplex,450.soplex_134,1,14,0,2,6,23,3,1,-1,0,0,14,0
450.soplex,450.soplex_135,1,26,0,8,8,44,4,2,-1,0,0,27,0
450.soplex,450.soplex_136,1,13,0,3,8,23,0,1,1,0,0,13,0
450.soplex,450.soplex_137,1,7,0,2,4,13,0,1,-1,0,0,6,0
450.soplex,450.soplex_138,1,11,0,1,6,18,2,0,1,0,0,11,0
450.soplex,450.soplex_139,1,0,0,0,0,0,0,0,1,0,0,0,0
450.soplex,450.soplex_140,1,15,0,1,12,26,2,0,1,0,0,13,0
450.soplex,450.soplex_141,2,5,0,2,0,12,0,1,-1,0,0,5,0
450.soplex,450.soplex_142,1,5,0,3,0,10,0,1,-1,1,0,3,0
450.soplex,450.soplex_143,1,37,3,4,16,70,6,1,1,0,0,40,0
450.soplex,450.soplex_144,1,38,3,4,16,73,6,1,1,0,0,42,0
450.soplex,450.soplex_145,1,16,0,1,6,37,3,0,1,0,0,18,0
450.soplex,450.soplex_146,1,4,0,1,1,10,0,0,1,0,0,5,0
450.soplex,450.soplex_147,1,44,0,4,22,82,10,2,1,0,0,46,0
450.soplex,450.soplex_148,1,44,0,4,22,82,10,2,1,0,0,46,0
450.soplex,450.soplex_149,1,11,0,1,4,25,2,0,1,0,0,12,0
450.soplex,450.soplex_150,1,4,0,1,1,10,0,0,1,0,0,5,0
450.soplex,450.soplex_151,1,33,0,4,16,61,7,2,1,0,0,34,0
450.soplex,450.soplex_152,1,33,0,4,16,61,7,2,1,0,0,34,0
450.soplex,450.soplex_153,2,5,0,1,3,9,0,0,-1,0,0,4,0
450.soplex,450.soplex_154,2,23,0,5,12,49,3,1,1,0,0,21,0
450.soplex,450.soplex_155,1,245,0,50,117,531,24,3,-1,0,0,187,0
450.soplex,450.soplex_156,1,3,0,1,2,5,0,0,1,0,0,2,0
450.soplex,450.soplex_157,1,9,0,3,4,15,1,1,1,0,0,7,0
450.soplex,450.soplex_158,1,7,0,2,2,12,1,1,1,0,0,6,0
450.soplex,450.soplex_159,1,7,0,2,2,12,1,1,1,0,0,6,0
450.soplex,450.soplex_160,1,13,0,1,6,33,1,0,1,0,0,16,0
450.soplex,450.soplex_161,1,20,0,1,9,38,4,0,1,0,0,23,0
450.soplex,450.soplex_162,1,13,0,1,6,33,1,0,1,0,0,16,0
450.soplex,450.soplex_163,1,1,0,1,0,1,0,0,1,0,0,0,0
450.soplex,450.soplex_164,1,9,0,3,1,23,0,0,1,0,0,8,0
450.soplex,450.soplex_165,1,12,0,3,2,28,2,0,1,0,0,12,0
450.soplex,450.soplex_166,1,4,0,1,1,9,0,0,1,0,0,4,0
450.soplex,450.soplex_167,1,4,0,1,2,7,0,0,1,0,0,3,0
450.soplex,450.soplex_168,1,17,0,3,8,34,2,1,1,0,0,16,0
450.soplex,450.soplex_169,1,43,0,4,29,77,5,1,1,0,0,43,0
450.soplex,450.soplex_170,1,35,0,6,17,65,4,2,1,0,0,35,0
450.soplex,450.soplex_171,1,5,0,1,3,12,0,0,1,0,0,4,0
450.soplex,450.soplex_172,1,14,0,4,4,43,0,2,-1,0,0,17,0
450.soplex,450.soplex_173,1,0,0,0,0,0,0,0,1,2,0,0,0
450.soplex,450.soplex_174,1,0,0,0,0,0,0,0,1,0,0,0,0
450.soplex,450.soplex_175,1,16,0,3,5,38,1,1,-1,0,0,17,0
450.soplex,450.soplex_176,1,16,0,2,9,28,4,1,-1,0,0,16,0
450.soplex,450.soplex_177,1,15,0,4,5,36,0,1,-1,0,0,14,0
450.soplex,450.soplex_178,1,19,0,1,2,46,5,0,1,2,0,23,0
450.soplex,450.soplex_179,2,3,0,1,1,8,0,0,-1,2,0,3,0
450.soplex,450.soplex_180,1,18,0,7,2,39,1,2,-1,10,0,19,0
450.soplex,450.soplex_181,1,3,0,1,1,8,0,0,-1,28050,0,3,0
450.soplex,450.soplex_182,1,0,0,0,0,0,0,0,1,0,0,0,0
450.soplex,450.soplex_183,1,20,0,3,8,50,0,2,-1,0,0,21,0
450.soplex,450.soplex_184,1,11,1,1,8,24,0,1,-1,0,0,9,0
450.soplex,450.soplex_185,1,0,0,0,0,0,0,0,1,0,0,0,0
450.soplex,450.soplex_186,2,19,2,1,15,37,1,0,1,0,0,21,0
450.soplex,450.soplex_187,1,38,2,4,26,67,6,1,1,0,0,37,0
450.soplex,450.soplex_188,2,0,0,0,0,0,0,0,1,0,0,0,0
450.soplex,450.soplex_189,1,39,1,4,22,61,9,0,1,0,0,47,0
450.soplex,450.soplex_190,2,0,0,0,0,0,0,0,1,0,0,0,0
450.soplex,450.soplex_191,2,0,0,0,0,0,0,0,1,0,0,0,0
450.soplex,450.soplex_192,2,0,0,0,0,0,0,0,1,0,0,0,0
450.soplex,450.soplex_193,1,90,6,13,48,137,23,1,1,0,0,102,0
450.soplex,450.soplex_194,2,0,0,0,0,0,0,0,1,0,0,0,0
450.soplex,450.soplex_195,2,0,0,0,0,0,0,0,1,0,0,0,0
450.soplex,450.soplex_196,2,0,0,0,0,0,0,0,1,0,0,0,0
450.soplex,450.soplex_197,1,117,2,14,60,182,33,0,1,0,0,134,0
450.soplex,450.soplex_198,2,10,2,1,6,15,1,0,1,0,0,11,0
450.soplex,450.soplex_199,1,19,1,2,11,28,3,0,1,0,0,24,0
450.soplex,450.soplex_200,2,11,2,1,7,17,1,0,1,0,0,13,0
450.soplex,450.soplex_201,1,19,1,4,10,29,3,1,1,0,0,21,0
450.soplex,450.soplex_202,2,17,4,1,10,25,2,0,1,0,0,20,0
450.soplex,450.soplex_203,1,27,2,2,16,40,4,0,1,0,0,35,0
450.soplex,450.soplex_204,2,11,2,1,7,17,1,0,1,0,0,13,0
450.soplex,450.soplex_205,2,11,2,1,7,17,1,0,1,0,0,13,0
450.soplex,450.soplex_206,2,19,4,1,12,29,2,0,1,0,0,24,0
450.soplex,450.soplex_207,1,54,4,13,26,85,8,1,1,0,0,59,0
450.soplex,450.soplex_208,2,11,2,1,7,17,1,0,1,0,0,13,0
450.soplex,450.soplex_209,1,19,1,4,10,29,3,1,1,0,0,21,0
450.soplex,450.soplex_210,2,11,2,1,7,17,1,0,1,0,0,13,0
450.soplex,450.soplex_211,2,11,2,1,7,17,1,0,1,0,0,13,0
450.soplex,450.soplex_212,2,19,4,1,12,29,2,0,1,0,0,24,0
450.soplex,450.soplex_213,1,54,4,13,26,85,8,1,1,0,0,59,0
450.soplex,450.soplex_214,1,0,0,0,0,0,0,0,1,0,0,0,0
450.soplex,450.soplex_215,1,0,0,0,0,0,0,0,1,0,0,0,0
450.soplex,450.soplex_216,2,11,2,1,7,17,1,0,1,0,0,13,0
450.soplex,450.soplex_217,1,34,2,4,20,52,8,1,1,0,0,39,0
450.soplex,450.soplex_218,2,11,2,1,7,17,1,0,1,0,0,13,0
450.soplex,450.soplex_219,2,11,2,1,7,17,1,0,1,0,0,13,0
450.soplex,450.soplex_220,2,19,4,1,12,29,2,0,1,0,0,24,0
450.soplex,450.soplex_221,1,93,8,13,50,145,22,1,1,0,0,106,0
450.soplex,450.soplex_222,2,11,2,1,7,17,1,0,1,0,0,13,0
450.soplex,450.soplex_223,2,11,2,1,7,17,1,0,1,0,0,13,0
450.soplex,450.soplex_224,2,19,4,1,12,29,2,0,1,0,0,24,0
450.soplex,450.soplex_225,1,50,3,12,24,77,8,1,1,0,0,54,0
450.soplex,450.soplex_226,2,0,0,0,0,0,0,0,1,0,0,0,0
450.soplex,450.soplex_227,2,0,0,0,0,0,0,0,1,0,0,0,0
450.soplex,450.soplex_228,2,0,0,0,0,0,0,0,1,0,0,0,0
450.soplex,450.soplex_229,1,64,2,12,24,99,16,2,1,0,0,72,0
450.soplex,450.soplex_230,2,11,2,1,7,17,1,0,1,0,0,13,0
450.soplex,450.soplex_231,1,19,1,4,10,29,3,1,1,0,0,21,0
450.soplex,450.soplex_232,2,0,0,0,0,0,0,0,1,0,0,0,0
450.soplex,450.soplex_233,1,21,1,3,10,32,5,1,1,0,0,25,0
450.soplex,450.soplex_234,2,0,0,0,0,0,0,0,1,0,0,0,0
450.soplex,450.soplex_235,1,28,0,4,14,45,6,0,1,0,0,32,0
450.soplex,450.soplex_236,2,10,2,1,6,15,1,0,1,0,0,11,0
450.soplex,450.soplex_237,1,19,1,2,11,28,3,0,1,0,0,24,0
450.soplex,450.soplex_238,2,17,4,1,10,25,2,0,1,0,0,20,0
450.soplex,450.soplex_239,1,27,2,2,16,40,4,0,1,0,0,35,0
450.soplex,450.soplex_240,1,0,0,0,0,0,0,0,1,0,0,0,0
450.soplex,450.soplex_241,1,71,8,11,24,139,12,1,1,0,0,76,0
450.soplex,450.soplex_242,1,84,8,12,36,152,12,2,1,0,0,88,0
450.soplex,450.soplex_243,1,83,8,11,36,151,12,1,1,0,0,88,0
450.soplex,450.soplex_244,1,21,4,5,2,46,4,0,1,0,0,24,0
450.soplex,450.soplex_245,1,28,6,6,2,62,6,0,1,0,0,33,0
450.soplex,450.soplex_246,1,29,6,6,3,65,6,0,1,0,0,34,0
450.soplex,450.soplex_247,1,36,8,6,4,80,8,0,1,0,0,43,0
450.soplex,450.soplex_248,1,36,8,6,4,80,8,0,1,0,0,43,0
450.soplex,450.soplex_249,1,11,2,1,8,19,0,0,1,1,0,12,0
450.soplex,450.soplex_250,1,0,0,0,0,0,0,0,1,0,0,0,0
450.soplex,450.soplex_251,1,6,0,1,2,12,1,0,1,0,0,7,0
450.soplex,450.soplex_252,1,6,0,1,2,12,1,0,1,0,0,7,0
450.soplex,450.soplex_253,1,11,0,2,3,25,3,1,-1,0,0,14,0
450.soplex,450.soplex_254,1,11,0,2,3,25,3,1,-1,1,0,14,0
450.soplex,450.soplex_255,1,0,0,0,0,0,0,0,-1,0,0,0,0
450.soplex,450.soplex_256,1,7,0,1,4,14,0,0,1,0,0,9,0
450.soplex,450.soplex_257,1,6,0,1,4,12,0,0,1,0,0,7,0
450.soplex,450.soplex_258,1,0,0,0,0,0,0,0,-1,0,0,0,0
450.soplex,450.soplex_259,1,7,0,1,4,14,0,0,1,0,0,9,0
450.soplex,450.soplex_260,1,6,0,1,4,12,0,0,1,3,0,7,0
450.soplex,450.soplex_261,1,0,0,0,0,0,0,0,-1,2,0,0,0
450.soplex,450.soplex_262,1,199,38,52,42,377,19,7,1,0,0,209,0
450.soplex,450.soplex_263,1,112,20,22,28,208,8,4,1,0,0,128,0
450.soplex,450.soplex_264,2,12,0,1,6,35,1,0,-1,0,0,15,0
450.soplex,450.soplex_265,3,6,0,1,2,15,1,0,-1,0,0,8,0
450.soplex,450.soplex_266,3,48,5,1,17,125,10,0,-1,0,0,63,0
450.soplex,450.soplex_267,2,102,8,13,27,251,19,4,-1,0,0,129,0
450.soplex,450.soplex_268,1,25,2,6,6,63,1,1,-1,0,0,18,0
450.soplex,450.soplex_269,1,3,0,1,1,8,0,0,-1,0,0,3,0
450.soplex,450.soplex_270,1,3,0,1,1,8,0,0,-1,0,0,3,0
450.soplex,450.soplex_271,1,69,2,6,10,147,33,2,1,0,0,79,0
450.soplex,450.soplex_272,1,5,0,1,3,11,0,1,-1,0,0,5,0
450.soplex,450.soplex_273,1,16,0,1,9,36,0,0,1,0,0,17,0
450.soplex,450.soplex_274,1,33,0,3,16,75,1,1,1,0,0,36,0
450.soplex,450.soplex_275,1,33,0,3,16,75,1,1,1,0,0,36,0
450.soplex,450.soplex_276,1,72,0,20,13,209,1,3,-1,0,0,72,0
450.soplex,450.soplex_277,1,6,0,2,2,16,0,1,-1,0,0,7,0
450.soplex,450.soplex_278,1,7,0,2,2,21,0,1,-1,0,0,9,0
450.soplex,450.soplex_279,2,9,0,2,4,20,0,1,-1,0,0,8,0
450.soplex,450.soplex_280,1,63,0,12,15,138,6,2,1,0,0,63,0
450.soplex,450.soplex_281,1,8,0,1,3,23,1,0,-1,0,0,9,0
450.soplex,450.soplex_282,1,14,1,3,4,36,2,1,-1,0,0,15,0
450.soplex,450.soplex_283,1,27,0,5,8,59,2,2,1,0,0,25,0
450.soplex,450.soplex_284,1,27,0,5,8,59,2,2,1,0,0,25,0
450.soplex,450.soplex_285,1,14,0,5,2,32,0,2,-1,1,0,13,0
450.soplex,450.soplex_286,1,14,0,5,2,32,0,2,-1,0,0,13,0
450.soplex,450.soplex_287,1,33,3,1,13,72,7,0,1,0,0,39,0
450.soplex,450.soplex_288,1,17,0,1,6,41,4,0,1,0,0,19,0
450.soplex,450.soplex_289,1,20,0,1,7,45,6,0,1,0,0,21,0
450.soplex,450.soplex_290,1,20,0,1,7,45,6,0,1,0,0,21,0
450.soplex,450.soplex_291,1,18,0,4,1,40,4,0,1,0,0,20,0
450.soplex,450.soplex_292,1,18,0,4,1,40,4,0,1,0,0,20,0
450.soplex,450.soplex_293,1,29,4,5,8,61,4,2,1,0,0,30,0
450.soplex,450.soplex_294,1,33,4,5,12,65,4,2,1,0,0,34,0
450.soplex,450.soplex_295,1,33,4,5,12,65,4,2,1,0,0,34,0
450.soplex,450.soplex_296,1,11,0,1,4,27,1,0,1,0,0,13,0
450.soplex,450.soplex_297,1,5,0,1,2,12,0,0,1,0,0,5,0
450.soplex,450.soplex_298,1,12,0,3,2,28,1,1,-1,0,0,13,0
450.soplex,450.soplex_299,1,37,0,8,18,74,3,2,1,0,0,31,0
450.soplex,450.soplex_300,1,33,0,8,14,64,3,2,1,0,0,29,0
450.soplex,450.soplex_301,1,14,0,1,6,32,2,0,1,0,0,16,0
450.soplex,450.soplex_302,1,8,0,1,4,17,1,0,1,0,0,8,0
450.soplex,450.soplex_303,1,12,0,3,2,28,1,1,-1,0,0,13,0
450.soplex,450.soplex_304,1,27,0,6,12,54,2,2,1,0,0,23,0
450.soplex,450.soplex_305,1,33,0,8,14,64,3,2,1,0,0,29,0
450.soplex,450.soplex_306,1,20,3,5,4,38,2,1,1,0,0,22,0
450.soplex,450.soplex_307,1,23,3,5,6,46,3,1,1,0,0,24,0
450.soplex,450.soplex_308,1,23,3,5,6,46,3,1,1,0,0,24,0
450.soplex,450.soplex_309,1,58,14,12,20,101,7,2,1,0,0,74,0
450.soplex,450.soplex_310,1,58,14,12,20,101,7,2,1,0,0,74,0
450.soplex,450.soplex_311,1,74,14,12,22,135,11,2,1,0,0,104,0
450.soplex,450.soplex_312,1,74,14,12,22,135,11,2,1,0,0,104,0
450.soplex,450.soplex_313,1,74,14,12,22,135,11,2,1,0,0,104,0
450.soplex,450.soplex_314,1,74,14,12,22,135,11,2,1,0,0,104,0
450.soplex,450.soplex_315,1,4,0,1,1,9,0,0,1,0,0,4,0
450.soplex,450.soplex_316,1,4,0,1,1,9,0,0,1,0,0,4,0
450.soplex,450.soplex_317,1,0,0,0,0,0,0,0,1,0,0,0,0
450.soplex,450.soplex_318,1,0,0,0,0,0,0,0,1,0,0,0,0
450.soplex,450.soplex_319,1,0,0,0,0,0,0,0,1,0,0,0,0
450.soplex,450.soplex_320,1,30,5,5,14,53,2,2,1,0,0,39,0
450.soplex,450.soplex_321,1,16,3,1,7,28,3,0,1,0,0,22,0
450.soplex,450.soplex_322,1,30,5,5,14,53,2,2,1,1,0,39,0
450.soplex,450.soplex_323,1,30,5,5,14,53,2,2,1,0,0,39,0
450.soplex,450.soplex_324,1,28,5,3,11,54,5,2,-1,0,0,34,0
450.soplex,450.soplex_325,1,28,5,3,11,54,5,2,-1,0,0,34,0
450.soplex,450.soplex_326,1,6,0,1,2,11,2,0,1,0,0,6,0
450.soplex,450.soplex_327,1,6,0,1,2,11,2,0,1,0,0,6,0
450.soplex,450.soplex_328,2,11,1,1,5,21,1,0,1,0,0,14,0
450.soplex,450.soplex_329,1,6,0,2,2,10,1,0,1,0,0,4,0
450.soplex,450.soplex_330,2,16,2,1,6,32,1,1,1,0,0,23,0
450.soplex,450.soplex_331,1,60,6,10,24,112,9,2,1,0,0,59,0
450.soplex,450.soplex_332,1,61,7,8,26,116,8,2,1,0,0,64,0
450.soplex,450.soplex_333,2,11,1,1,5,21,1,0,1,0,0,14,0
450.soplex,450.soplex_334,1,6,0,2,2,10,1,0,1,0,0,4,0
450.soplex,450.soplex_335,2,16,2,1,6,32,1,1,1,0,0,23,0
450.soplex,450.soplex_336,1,67,7,10,28,125,10,2,1,0,0,68,0
450.soplex,450.soplex_337,1,54,6,8,22,103,7,2,1,0,0,55,0
450.soplex,450.soplex_338,1,83,26,17,15,149,9,4,1,0,0,111,0
450.soplex,450.soplex_339,1,101,27,20,19,182,11,5,1,0,0,135,0
450.soplex,450.soplex_340,1,83,26,17,15,149,9,4,1,0,0,111,0
450.soplex,450.soplex_341,1,101,27,20,19,182,11,5,1,0,0,135,0
450.soplex,450.soplex_342,1,64,12,16,21,109,5,3,1,0,0,73,0
450.soplex,450.soplex_343,1,64,12,16,21,109,5,3,1,0,0,73,0
450.soplex,450.soplex_344,1,30,2,7,9,65,0,2,-1,0,0,37,0
450.soplex,450.soplex_345,1,25,2,5,9,55,0,2,-1,0,0,31,0
450.soplex,450.soplex_346,1,33,1,7,12,74,0,2,-1,1,0,42,0
450.soplex,450.soplex_347,1,33,1,7,12,74,0,2,-1,0,0,42,0
450.soplex,450.soplex_348,1,9,0,3,2,21,0,1,-1,0,0,6,0
450.soplex,450.soplex_349,1,63,18,14,18,112,7,2,1,0,0,73,0
450.soplex,450.soplex_350,1,63,18,14,18,112,7,2,1,0,0,73,0
450.soplex,450.soplex_351,1,88,20,21,12,186,4,3,1,0,0,136,0
450.soplex,450.soplex_352,1,88,20,21,12,186,4,3,1,0,0,136,0
450.soplex,450.soplex_353,3,100,18,19,18,200,8,4,1,0,0,144,0
450.soplex,450.soplex_354,3,100,18,19,18,200,8,4,1,0,0,144,0
450.soplex,450.soplex_355,2,111,19,26,22,207,9,5,-1,0,0,127,0
450.soplex,450.soplex_356,1,24,2,2,8,40,4,0,-1,0,0,28,0
450.soplex,450.soplex_357,3,98,16,19,18,196,8,3,1,0,0,140,0
450.soplex,450.soplex_358,3,98,16,19,18,196,8,3,1,0,0,140,0
450.soplex,450.soplex_359,2,102,16,22,22,189,9,5,-1,0,0,116,0
450.soplex,450.soplex_360,1,24,2,2,8,40,4,0,-1,0,0,28,0
450.soplex,450.soplex_361,1,32,3,11,0,74,0,4,1,0,0,28,0
450.soplex,450.soplex_362,1,50,7,12,3,122,0,5,1,0,0,50,0
450.soplex,450.soplex_363,1,51,6,15,3,121,0,4,1,0,0,47,0
450.soplex,450.soplex_364,1,5,0,1,0,15,0,0,1,0,0,6,0
450.soplex,450.soplex_365,1,6,0,1,0,19,0,0,1,0,0,8,0
450.soplex,450.soplex_366,2,5,0,1,1,10,2,0,-1,0,0,4,0
450.soplex,450.soplex_367,1,20,0,4,2,45,4,1,-1,0,0,21,0
450.soplex,450.soplex_368,2,5,0,1,1,10,2,0,-1,0,0,4,0
450.soplex,450.soplex_369,1,16,0,4,2,37,2,1,-1,0,0,17,0
450.soplex,450.soplex_370,2,13,0,1,5,38,1,0,-1,0,0,20,0
450.soplex,450.soplex_371,1,7,0,3,0,18,0,1,-1,0,0,6,0
450.soplex,450.soplex_372,1,18,0,1,6,48,3,0,-1,0,0,25,0
450.soplex,450.soplex_373,2,7,0,1,3,14,1,0,-1,0,0,9,0
450.soplex,450.soplex_374,1,7,0,2,0,19,0,0,-1,0,0,6,0
450.soplex,450.soplex_375,1,3,0,1,2,5,0,0,1,0,0,3,0
450.soplex,450.soplex_376,2,16,0,1,5,52,0,0,-1,0,0,25,0
450.soplex,450.soplex_377,1,5,0,2,0,13,0,0,-1,0,0,3,0
450.soplex,450.soplex_378,1,19,0,4,3,55,2,2,-1,0,0,23,0
450.soplex,450.soplex_379,3,7,0,1,2,17,2,0,-1,0,0,7,0
450.soplex,450.soplex_380,2,20,0,4,2,55,2,1,-1,0,0,20,0
450.soplex,450.soplex_381,1,5,0,2,0,13,0,0,-1,0,0,3,0
450.soplex,450.soplex_382,1,3,0,1,1,8,0,0,-1,0,0,3,0
450.soplex,450.soplex_383,2,16,0,1,5,52,0,0,-1,0,0,25,0
450.soplex,450.soplex_384,1,17,1,3,5,37,3,1,-1,0,0,17,0
450.soplex,450.soplex_385,1,19,0,4,3,55,2,2,-1,0,0,23,0
450.soplex,450.soplex_386,3,7,0,1,2,17,2,0,-1,0,0,7,0
450.soplex,450.soplex_387,2,16,0,4,2,47,0,1,-1,0,0,16,0
450.soplex,450.soplex_388,1,5,0,2,0,13,0,0,-1,0,0,3,0
450.soplex,450.soplex_389,1,3,0,1,1,8,0,0,-1,0,0,3,0
450.soplex,450.soplex_390,1,4,0,1,1,10,0,0,1,0,0,5,0
450.soplex,450.soplex_391,1,4,0,1,1,10,0,0,1,0,0,5,0
450.soplex,450.soplex_392,1,6,0,1,1,15,0,0,1,0,0,8,0
450.soplex,450.soplex_393,1,5,0,1,0,13,0,0,1,0,0,6,0
450.soplex,450.soplex_394,1,6,0,1,1,15,0,0,1,0,0,8,0
450.soplex,450.soplex_395,1,5,0,1,0,13,0,0,1,0,0,6,0
450.soplex,450.soplex_396,2,16,0,4,6,28,2,1,1,0,0,17,0
450.soplex,450.soplex_397,1,5,0,2,0,9,0,0,1,0,0,3,0
450.soplex,450.soplex_398,2,16,0,4,6,28,2,1,1,0,0,17,0
450.soplex,450.soplex_399,1,5,0,2,0,9,0,0,1,0,0,3,0
450.soplex,450.soplex_400,1,0,0,0,0,0,0,0,1,0,0,0,0
450.soplex,450.soplex_401,1,4,0,1,2,6,1,0,1,0,0,4,0
450.soplex,450.soplex_402,1,0,0,0,0,0,0,0,1,0,0,0,0
450.soplex,450.soplex_403,1,4,0,1,2,6,1,0,1,0,0,4,0
450.soplex,450.soplex_404,1,2,0,0,0,7,0,0,-1,0,0,3,0
450.soplex,450.soplex_405,1,4,0,1,2,6,1,0,1,0,0,4,0
450.soplex,450.soplex_406,1,3,0,1,2,5,0,0,1,0,0,2,0
450.soplex,450.soplex_407,1,4,0,1,2,6,1,0,1,0,0,4,0
450.soplex,450.soplex_408,1,0,0,0,0,0,0,0,1,0,0,0,0
450.soplex,450.soplex_409,1,4,0,1,2,6,1,0,1,0,0,4,0
450.soplex,450.soplex_410,1,0,0,0,0,0,0,0,1,0,0,0,0
450.soplex,450.soplex_411,1,4,0,1,2,6,1,0,1,0,0,4,0
450.soplex,450.soplex_412,1,2,0,0,0,7,0,0,-1,0,0,3,0
450.soplex,450.soplex_413,1,4,0,1,2,6,1,0,1,0,0,4,0
450.soplex,450.soplex_414,1,3,0,1,2,5,0,0,1,0,0,2,0
450.soplex,450.soplex_415,1,4,0,1,2,6,1,0,1,0,0,4,0
450.soplex,450.soplex_416,1,15,0,1,6,33,4,0,1,0,0,22,0
450.soplex,450.soplex_417,1,7,0,1,2,15,0,0,1,0,0,9,0
450.soplex,450.soplex_418,1,15,0,1,6,33,4,0,1,0,0,22,0
450.soplex,450.soplex_419,1,7,0,1,2,15,0,0,1,0,0,9,0
450.soplex,450.soplex_420,2,10,1,3,0,26,0,2,-1,0,0,14,0
450.soplex,450.soplex_421,1,5,0,2,0,9,0,0,-1,0,0,3,0
450.soplex,450.soplex_422,2,10,1,3,0,26,0,2,-1,0,0,14,0
450.soplex,450.soplex_423,1,5,0,2,0,9,0,0,-1,0,0,3,0
450.soplex,450.soplex_424,3,9,0,1,3,22,2,0,-1,0,0,12,0
450.soplex,450.soplex_425,3,16,0,3,8,28,2,0,-1,0,0,19,0
450.soplex,450.soplex_426,3,1,0,1,0,3,0,0,-1,0,0,1,0
450.soplex,450.soplex_427,2,116,0,45,20,263,10,2,-1,0,0,97,0
450.soplex,450.soplex_428,3,36,0,7,12,70,5,1,1,0,0,40,0
450.soplex,450.soplex_429,2,11,0,2,4,18,2,0,1,0,0,12,0
450.soplex,450.soplex_430,4,1,0,1,0,3,0,0,-1,0,0,1,0
450.soplex,450.soplex_431,3,172,2,62,29,465,2,4,-1,0,0,185,0
450.soplex,450.soplex_432,2,32,1,9,4,90,2,1,-1,0,0,34,0
450.soplex,450.soplex_433,1,11,0,2,4,17,1,0,-1,0,0,11,0
450.soplex,450.soplex_434,2,8,0,2,3,13,1,1,1,0,0,7,0
450.soplex,450.soplex_435,2,0,0,0,0,0,0,0,1,0,0,0,0
450.soplex,450.soplex_436,1,33,0,7,7,47,9,2,-1,0,0,31,0
450.soplex,450.soplex_437,1,8,0,1,5,14,0,0,1,0,0,9,0
450.soplex,450.soplex_438,1,7,0,2,3,11,1,1,-1,0,0,6,0
450.soplex,450.soplex_439,1,7,0,2,3,11,1,1,-1,0,0,6,0
450.soplex,450.soplex_440,1,5,0,1,4,7,0,0,1,0,0,4,0
450.soplex,450.soplex_441,1,6,0,2,1,10,1,1,1,0,0,5,0
450.soplex,450.soplex_442,1,6,0,2,1,10,1,1,1,0,0,5,0
450.soplex,450.soplex_443,1,6,0,2,1,10,1,1,1,0,0,5,0
450.soplex,450.soplex_444,1,5,0,1,4,8,0,0,1,0,0,5,0
450.soplex,450.soplex_445,1,6,0,2,1,10,1,1,1,0,0,5,0
450.soplex,450.soplex_446,1,42,1,12,5,125,3,2,-1,0,0,29,0
450.soplex,450.soplex_447,1,99,2,31,7,304,3,4,-1,0,0,76,0
450.soplex,450.soplex_448,1,101,6,29,16,222,1,5,-1,0,0,77,0
450.soplex,450.soplex_449,1,157,20,41,32,328,1,6,-1,0,0,137,0
450.soplex,450.soplex_450,1,146,2,44,26,323,5,3,-1,0,0,105,0
450.soplex,450.soplex_451,1,66,9,19,10,198,2,7,1,0,0,67,0
450.soplex,450.soplex_452,1,17,4,4,3,46,0,2,1,0,0,18,0
450.soplex,450.soplex_453,2,6,1,2,0,15,0,1,-1,0,0,6,0
450.soplex,450.soplex_454,2,6,1,2,0,15,0,1,-1,0,0,6,0
450.soplex,450.soplex_455,1,37,0,11,3,83,0,1,1,0,0,39,0
450.soplex,450.soplex_456,3,14,0,1,3,49,0,0,1,0,0,24,0
450.soplex,450.soplex_457,2,49,1,13,3,123,8,3,1,0,0,53,0
450.soplex,450.soplex_458,1,18,0,8,0,34,4,1,1,0,0,11,0
450.soplex,450.soplex_459,1,38,7,13,5,85,0,3,-1,0,0,33,0
450.soplex,450.soplex_460,1,13,1,3,6,29,0,1,1,0,0,13,0
450.soplex,450.soplex_461,2,32,1,3,18,71,3,1,1,0,0,32,0
450.soplex,450.soplex_462,2,29,1,3,16,65,2,1,1,0,0,29,0
450.soplex,450.soplex_463,1,20,0,4,10,37,1,2,1,0,0,15,0
450.soplex,450.soplex_464,2,13,1,3,6,29,0,1,1,0,0,13,0
450.soplex,450.soplex_465,1,1,0,1,0,1,0,0,1,0,0,0,0
450.soplex,450.soplex_466,1,55,1,6,25,125,6,2,1,0,0,57,0
450.soplex,450.soplex_467,1,20,1,3,6,41,3,1,1,0,0,21,0
450.soplex,450.soplex_468,1,20,1,3,6,41,3,1,1,0,0,21,0
450.soplex,450.soplex_469,1,16,1,3,4,31,2,1,1,0,0,17,0
450.soplex,450.soplex_470,2,10,2,2,1,27,1,1,-1,0,0,15,0
450.soplex,450.soplex_471,1,36,6,10,4,77,5,3,-1,0,0,36,0
450.soplex,450.soplex_472,2,14,2,2,3,31,3,1,-1,0,0,19,0
450.soplex,450.soplex_473,1,47,6,10,13,99,5,3,-1,0,0,53,0
450.soplex,450.soplex_474,1,44,6,9,8,97,8,3,-1,0,0,49,0
450.soplex,450.soplex_475,1,48,6,9,12,101,8,3,-1,0,0,57,0
450.soplex,450.soplex_476,2,10,2,2,1,27,1,1,-1,0,0,15,0
450.soplex,450.soplex_477,1,20,3,5,5,39,2,2,-1,0,0,20,0
450.soplex,450.soplex_478,1,39,5,11,8,80,5,4,-1,0,0,38,0
450.soplex,450.soplex_479,2,100,16,18,28,204,8,4,-1,0,0,114,0
450.soplex,450.soplex_480,2,298,50,50,116,624,32,5,-1,0,0,304,0
450.soplex,450.soplex_481,1,155,8,28,57,337,17,6,-1,0,0,154,0
450.soplex,450.soplex_482,2,64,14,10,16,124,12,3,-1,0,0,68,0
450.soplex,450.soplex_483,2,26,2,4,12,54,4,1,-1,0,0,27,0
450.soplex,450.soplex_484,2,26,2,4,12,54,4,1,-1,0,0,27,0
450.soplex,450.soplex_485,2,53,7,5,24,116,8,2,-1,0,0,61,0
450.soplex,450.soplex_486,1,173,21,27,68,359,26,6,-1,0,0,173,0
450.soplex,450.soplex_487,2,156,15,25,60,347,19,5,-1,0,0,164,0
450.soplex,450.soplex_488,3,53,7,5,24,116,8,2,-1,0,0,61,0
450.soplex,450.soplex_489,2,261,32,38,105,558,32,7,-1,0,0,268,0
450.soplex,450.soplex_490,1,65,0,11,16,162,7,2,-1,0,0,59,0
450.soplex,450.soplex_491,1,6,0,1,2,14,0,0,1,0,0,5,0
450.soplex,450.soplex_492,1,6,0,1,2,14,0,0,1,0,0,5,0
450.soplex,450.soplex_493,1,4,0,1,2,9,0,0,1,0,0,3,0
450.soplex,450.soplex_494,1,4,0,1,2,9,0,0,1,0,0,3,0
450.soplex,450.soplex_495,2,10,1,1,5,20,0,0,1,0,0,13,0
450.soplex,450.soplex_496,1,54,7,6,30,110,0,2,1,0,0,57,0
450.soplex,450.soplex_497,2,10,1,1,5,20,0,0,1,0,0,13,0
450.soplex,450.soplex_498,1,39,6,6,20,77,0,2,1,0,0,40,0
450.soplex,450.soplex_499,1,8,1,1,4,16,0,0,1,0,0,9,0
450.soplex,450.soplex_500,1,9,2,1,4,18,0,0,1,0,0,10,0
450.soplex,450.soplex_501,1,15,3,3,6,29,0,1,1,0,0,15,0
450.soplex,450.soplex_502,1,14,2,3,6,27,0,1,1,0,0,14,0
450.soplex,450.soplex_503,1,16,4,3,6,31,0,1,1,0,0,16,0
450.soplex,450.soplex_504,1,15,3,3,6,29,0,1,1,0,0,15,0
450.soplex,450.soplex_505,1,13,2,1,5,24,2,0,1,0,0,14,0
450.soplex,450.soplex_506,1,13,2,1,5,24,2,0,1,0,0,14,0
450.soplex,450.soplex_507,1,98,10,12,38,196,16,2,1,0,0,102,0
450.soplex,450.soplex_508,1,117,10,14,48,228,17,4,1,0,0,122,0
450.soplex,450.soplex_509,1,117,10,14,48,228,17,4,1,0,0,122,0
450.soplex,450.soplex_510,1,66,16,12,22,125,5,5,1,0,0,76,0
450.soplex,450.soplex_511,1,66,16,12,22,125,5,5,1,0,0,76,0
450.soplex,450.soplex_512,1,74,16,14,20,143,7,6,1,0,0,92,0
450.soplex,450.soplex_513,1,74,16,14,20,143,7,6,1,0,0,92,0
450.soplex,450.soplex_514,1,49,6,6,22,94,6,2,1,0,0,55,0
450.soplex,450.soplex_515,1,51,8,6,22,98,6,2,1,0,0,57,0
450.soplex,450.soplex_516,1,143,19,21,63,261,19,4,1,0,0,154,0
450.soplex,450.soplex_517,1,45,6,6,20,92,4,2,1,0,0,52,0
450.soplex,450.soplex_518,1,45,6,6,20,92,4,2,1,0,0,52,0
450.soplex,450.soplex_519,1,129,16,19,56,248,16,4,1,0,0,142,0
450.soplex,450.soplex_520,1,113,25,14,47,217,11,3,1,0,0,126,0
450.soplex,450.soplex_521,1,99,14,14,46,190,10,3,1,0,0,110,0
450.soplex,450.soplex_522,1,138,20,20,65,255,15,4,1,0,0,150,0
450.soplex,450.soplex_523,1,138,20,20,65,255,15,4,1,0,0,150,0
450.soplex,450.soplex_524,2,54,0,3,25,89,13,1,-1,0,0,52,0
450.soplex,450.soplex_525,2,54,0,3,25,90,13,1,-1,0,0,52,0
450.soplex,450.soplex_526,1,257,6,31,70,483,36,3,-1,0,0,222,0
450.soplex,450.soplex_527,1,21,0,3,4,42,6,0,1,0,0,23,0
450.soplex,450.soplex_528,1,17,0,6,3,51,2,0,-1,0,0,15,0
450.soplex,450.soplex_529,1,21,0,3,4,42,6,0,1,0,0,23,0
450.soplex,450.soplex_530,1,22,1,3,4,44,6,0,1,0,0,24,0
450.soplex,450.soplex_531,1,21,0,3,4,42,6,0,1,0,0,23,0
450.soplex,450.soplex_532,1,23,1,3,6,46,6,0,1,0,0,25,0
450.soplex,450.soplex_533,1,17,0,6,3,51,2,0,-1,0,0,15,0
450.soplex,450.soplex_534,1,5,0,1,2,10,1,0,1,0,0,4,0
450.soplex,450.soplex_535,1,5,0,1,2,10,1,0,1,0,0,4,0
450.soplex,450.soplex_536,1,51,2,4,20,105,9,1,1,0,0,53,0
450.soplex,450.soplex_537,1,11,1,1,4,22,2,0,1,0,0,11,0
450.soplex,450.soplex_538,1,5,0,1,2,10,1,0,1,0,0,4,0
450.soplex,450.soplex_539,1,19,2,1,6,35,5,0,1,0,0,19,0
450.soplex,450.soplex_540,1,0,0,0,0,0,0,0,1,0,0,0,0
450.soplex,450.soplex_541,1,0,0,0,0,0,0,0,1,0,0,0,0
450.soplex,450.soplex_542,1,0,0,0,0,0,0,0,1,0,0,0,0
450.soplex,450.soplex_543,1,0,0,0,0,0,0,0,1,0,0,0,0
450.soplex,450.soplex_544,1,39,9,6,16,65,7,2,1,0,0,50,0
450.soplex,450.soplex_545,1,27,6,5,10,45,4,2,1,0,0,32,0
450.soplex,450.soplex_546,1,43,9,6,17,78,7,2,1,0,0,51,0
450.soplex,450.soplex_547,1,39,9,6,16,67,6,2,1,0,0,48,0
450.soplex,450.soplex_548,1,28,6,5,12,51,3,2,1,0,0,32,0
450.soplex,450.soplex_549,1,28,6,5,12,51,3,2,1,0,0,32,0
450.soplex,450.soplex_550,1,5,0,1,2,10,1,0,1,0,0,4,0
450.soplex,450.soplex_551,1,5,0,1,2,10,1,0,1,0,0,4,0
450.soplex,450.soplex_552,1,17,0,3,8,31,3,1,1,0,0,16,0
450.soplex,450.soplex_553,1,17,0,3,8,31,3,1,1,0,0,16,0
450.soplex,450.soplex_554,1,10,1,2,3,20,2,1,-1,0,0,9,0
450.soplex,450.soplex_555,1,10,1,2,3,20,2,1,-1,0,0,9,0
450.soplex,450.soplex_556,1,34,4,4,9,97,5,1,-1,0,0,35,0
450.soplex,450.soplex_557,2,22,2,4,16,38,0,2,1,0,0,32,0
450.soplex,450.soplex_558,2,42,6,5,10,90,13,2,-1,0,0,56,0
450.soplex,450.soplex_559,1,13,0,4,0,25,5,1,-1,0,0,8,0
450.soplex,450.soplex_560,1,43,4,5,11,93,14,2,-1,0,0,54,0
450.soplex,450.soplex_561,1,30,1,8,8,59,5,1,-1,0,0,27,0
450.soplex,450.soplex_562,1,40,2,10,7,108,1,2,-1,0,0,42,0
450.soplex,450.soplex_563,1,33,1,10,6,68,5,1,-1,0,0,28,0
450.soplex,450.soplex_564,1,25,1,10,2,71,1,1,-1,0,0,22,0
450.soplex,450.soplex_565,1,18,0,4,1,40,4,0,1,0,0,20,0
450.soplex,450.soplex_566,1,18,0,4,1,40,4,0,1,0,0,20,0
450.soplex,450.soplex_567,1,11,0,1,5,22,2,0,1,0,0,11,0
450.soplex,450.soplex_568,1,49,13,3,11,100,10,1,1,0,0,62,0
450.soplex,450.soplex_569,1,44,9,3,14,91,8,1,1,0,0,53,0
450.soplex,450.soplex_570,2,0,0,0,0,0,0,0,1,0,0,0,0
450.soplex,450.soplex_571,1,21,4,3,4,38,3,1,1,0,0,23,0
450.soplex,450.soplex_572,1,0,0,0,0,0,0,0,1,0,0,0,0
450.soplex,450.soplex_573,1,33,0,4,12,66,8,1,1,0,0,34,0
450.soplex,450.soplex_574,1,35,2,1,13,58,10,0,1,0,0,39,0
450.soplex,450.soplex_575,1,17,1,1,8,29,4,0,1,0,0,18,0
450.soplex,450.soplex_576,1,26,6,5,6,47,4,1,1,0,0,31,0
450.soplex,450.soplex_577,1,79,14,12,21,162,13,2,-1,0,0,90,0
450.soplex,450.soplex_578,1,79,14,12,21,162,13,2,-1,0,0,90,0
450.soplex,450.soplex_579,1,17,0,3,8,31,3,1,1,0,0,16,0
450.soplex,450.soplex_580,1,17,0,3,8,31,3,1,1,0,0,16,0
450.soplex,450.soplex_581,1,17,0,3,8,31,3,1,1,0,0,16,0
450.soplex,450.soplex_582,1,17,0,3,8,31,3,1,1,0,0,16,0
450.soplex,450.soplex_583,1,8,0,2,2,27,0,1,-1,0,0,9,0
450.soplex,450.soplex_584,1,8,0,3,0,25,0,1,-1,0,0,9,0
450.soplex,450.soplex_585,1,8,0,2,2,28,0,1,-1,0,0,9,0
450.soplex,450.soplex_586,1,8,0,3,0,24,0,1,-1,0,0,9,0
450.soplex,450.soplex_587,2,16,2,4,2,48,0,3,-1,0,0,19,0
450.soplex,450.soplex_588,2,19,5,4,4,53,0,2,-1,0,0,22,0
450.soplex,450.soplex_589,1,70,0,20,6,198,2,4,-1,0,0,71,0
450.soplex,450.soplex_590,1,2,0,0,1,8,0,0,-1,0,0,2,0
450.soplex,450.soplex_591,2,10,0,1,1,32,1,1,-1,0,0,14,0
450.soplex,450.soplex_592,2,10,0,1,1,32,1,1,-1,1,0,14,0
450.soplex,450.soplex_593,1,50,1,10,6,126,4,3,-1,0,0,58,0
450.soplex,450.soplex_594,1,1,0,0,0,5,0,0,-1,0,0,2,0
450.soplex,450.soplex_595,1,1,0,0,0,5,0,0,-1,0,0,2,0
450.soplex,450.soplex_596,1,70,16,13,19,156,1,2,1,0,0,81,0
450.soplex,450.soplex_597,1,100,27,16,27,218,2,2,1,0,0,120,0
450.soplex,450.soplex_598,1,93,30,16,23,205,1,2,1,0,0,104,0
450.soplex,450.soplex_599,1,94,28,16,23,206,2,2,1,0,0,112,0
450.soplex,450.soplex_600,1,26,5,7,2,59,0,2,1,0,0,35,0
450.soplex,450.soplex_601,1,26,5,7,2,59,0,2,1,0,0,35,0
450.soplex,450.soplex_602,1,40,2,6,16,68,8,2,1,0,0,44,0
450.soplex,450.soplex_603,1,9,0,3,1,17,2,1,1,0,0,7,0
450.soplex,450.soplex_604,1,14,0,1,9,22,4,0,1,0,0,13,0
450.soplex,450.soplex_605,1,46,1,6,26,78,11,1,1,0,0,42,0
450.soplex,450.soplex_606,1,11,1,1,5,20,2,0,1,0,0,12,0
450.soplex,450.soplex_607,1,11,1,1,5,20,2,0,1,0,0,12,0
450.soplex,450.soplex_608,1,10,1,1,5,17,2,0,1,0,0,10,0
450.soplex,450.soplex_609,1,19,1,3,9,31,4,1,1,0,0,19,0
450.soplex,450.soplex_610,1,29,2,1,18,45,8,0,1,0,0,30,0
450.soplex,450.soplex_611,1,19,0,4,11,31,2,0,1,0,0,20,0
450.soplex,450.soplex_612,1,43,4,9,15,80,7,1,1,0,0,46,0
450.soplex,450.soplex_613,1,12,2,1,9,21,0,0,1,0,0,13,0
450.soplex,450.soplex_614,1,14,0,1,8,23,4,0,1,0,0,14,0
450.soplex,450.soplex_615,1,42,0,3,26,71,11,0,1,0,0,41,0
450.soplex,450.soplex_616,1,14,0,1,8,23,4,0,1,0,0,14,0
450.soplex,450.soplex_617,1,70,1,6,42,117,19,1,1,0,0,67,0
450.soplex,450.soplex_618,1,36,0,4,19,64,9,0,1,0,0,35,0
450.soplex,450.soplex_619,1,11,1,1,8,20,1,0,1,0,0,14,0
450.soplex,450.soplex_620,1,19,0,4,11,31,2,0,1,0,0,20,0
450.soplex,450.soplex_621,2,19,4,3,9,35,2,2,1,0,0,22,0
450.soplex,450.soplex_622,1,9,0,1,4,15,1,0,1,0,0,9,0
450.soplex,450.soplex_623,1,15,2,1,9,27,2,1,1,0,0,19,0
450.soplex,450.soplex_624,2,11,2,1,7,19,1,0,1,0,0,14,0
450.soplex,450.soplex_625,1,12,0,2,5,19,2,0,1,0,0,12,0
450.soplex,450.soplex_626,1,19,0,2,7,36,6,0,1,0,0,19,0
450.soplex,450.soplex_627,1,11,2,1,7,19,1,0,1,0,0,14,0
450.soplex,450.soplex_628,2,0,0,0,0,0,0,0,1,0,0,0,0
450.soplex,450.soplex_629,2,11,2,1,7,19,1,0,1,0,0,14,0
450.soplex,450.soplex_630,1,28,0,5,10,50,5,1,1,0,0,28,0
450.soplex,450.soplex_631,1,13,1,3,4,25,2,2,-1,0,0,12,0
450.soplex,450.soplex_632,1,0,0,0,0,0,0,0,1,0,0,0,0
450.soplex,450.soplex_633,1,0,0,0,0,0,0,0,1,0,0,0,0
450.soplex,450.soplex_634,1,0,0,0,0,0,0,0,1,0,0,0,0
450.soplex,450.soplex_635,1,8,0,3,4,15,0,1,1,0,0,7,0
450.soplex,450.soplex_636,2,1,0,1,0,1,0,0,-1,0,0,0,0
450.soplex,450.soplex_637,1,21,0,6,5,40,4,1,1,0,0,20,0
450.soplex,450.soplex_638,1,0,0,0,0,0,0,0,1,0,0,0,0
450.soplex,450.soplex_639,1,19,4,6,8,36,0,1,1,0,0,18,0
450.soplex,450.soplex_640,1,19,4,6,8,36,0,1,1,0,0,18,0
450.soplex,450.soplex_641,1,0,0,0,0,0,0,0,1,0,0,0,0
450.soplex,450.soplex_642,1,0,0,0,0,0,0,0,1,0,0,0,0
450.soplex,450.soplex_643,1,11,1,2,5,26,0,1,1,0,0,12,0
450.soplex,450.soplex_644,1,0,0,0,0,0,0,0,1,0,0,0,0
450.soplex,450.soplex_645,1,28,2,9,0,66,0,3,1,0,0,21,0
450.soplex,450.soplex_646,2,20,0,3,15,41,0,2,-1,0,0,20,0
450.soplex,450.soplex_647,1,2,0,2,0,2,0,0,-1,0,0,0,0
450.soplex,450.soplex_648,1,18,0,1,5,32,7,0,1,0,0,22,0
450.soplex,450.soplex_649,1,6,0,1,2,13,0,0,1,0,0,6,0
450.soplex,450.soplex_650,1,4,0,1,1,7,0,0,1,0,0,4,0
450.soplex,450.soplex_651,1,4,0,1,1,10,0,0,1,0,0,5,0
450.soplex,450.soplex_652,1,6,0,1,0,15,0,0,1,0,0,6,0
450.soplex,450.soplex_653,1,4,0,1,0,8,0,0,1,0,0,4,0
450.soplex,450.soplex_654,1,0,0,0,0,0,0,0,1,0,0,0,0
450.soplex,450.soplex_655,1,0,0,0,0,0,0,0,1,0,0,0,0
450.soplex,450.soplex_656,1,39,0,8,7,79,5,3,1,0,0,38,0
450.soplex,450.soplex_657,1,43,0,4,29,77,5,1,1,0,0,43,0
450.soplex,450.soplex_658,1,35,0,6,17,65,4,2,1,0,0,35,0
450.soplex,450.soplex_659,1,0,0,0,0,0,0,0,1,0,0,0,0
450.soplex,450.soplex_660,1,4,0,1,2,6,1,0,1,0,0,4,0
450.soplex,450.soplex_661,1,0,0,0,0,0,0,0,1,0,0,0,0
450.soplex,450.soplex_662,1,4,0,1,2,6,1,0,1,0,0,4,0
450.soplex,450.soplex_663,1,12,0,3,3,20,2,1,1,0,0,11,0
450.soplex,450.soplex_664,1,0,0,0,0,0,0,0,1,0,0,0,0
450.soplex,450.soplex_665,2,11,0,1,1,21,5,0,1,0,0,13,0
450.soplex,450.soplex_666,1,21,0,4,0,38,7,1,1,0,0,23,0
450.soplex,450.soplex_667,1,25,0,5,3,48,7,2,-1,1,0,26,0
450.soplex,450.soplex_668,1,16,0,2,9,28,4,1,-1,1,0,16,0
450.soplex,450.soplex_669,1,19,0,5,4,37,0,1,-1,0,0,20,0
450.soplex,450.soplex_670,1,21,0,1,3,41,8,0,1,0,0,24,0
450.soplex,450.soplex_671,1,0,0,0,0,0,0,0,1,0,0,0,0
450.soplex,450.soplex_672,1,8,0,1,6,16,0,0,1,0,0,8,0
450.soplex,450.soplex_673,1,10,0,1,6,21,2,0,1,0,0,10,0
450.soplex,450.soplex_674,1,1,0,1,0,1,0,0,-1,0,0,0,0
450.soplex,450.soplex_675,1,12,0,3,3,20,2,1,1,1,0,11,0
450.soplex,450.soplex_676,1,0,0,0,0,0,0,0,1,0,0,0,0
450.soplex,450.soplex_677,1,23,2,3,14,42,2,1,1,0,0,26,0
450.soplex,450.soplex_678,1,14,1,1,8,24,2,0,1,0,0,18,0
450.soplex,450.soplex_679,1,20,2,3,12,37,1,1,1,0,0,23,0
450.soplex,450.soplex_680,1,11,1,1,6,19,1,0,1,0,0,15,0
450.soplex,450.soplex_681,1,0,0,0,0,0,0,0,1,0,0,0,0
450.soplex,450.soplex_682,1,9,1,1,5,16,1,0,1,0,0,10,0
450.soplex,450.soplex_683,1,10,1,1,5,19,1,0,1,0,0,11,0
450.soplex,450.soplex_684,1,9,1,1,5,16,1,0,1,0,0,10,0
450.soplex,450.soplex_685,1,10,1,1,5,19,1,0,1,0,0,11,0
450.soplex,450.soplex_686,1,7,1,1,5,12,0,0,1,0,0,7,0
450.soplex,450.soplex_687,1,15,4,6,4,24,0,1,1,0,0,14,0
450.soplex,450.soplex_688,1,4,0,1,0,10,0,0,1,0,0,3,0
450.soplex,450.soplex_689,1,0,0,0,0,0,0,0,1,0,0,0,0
450.soplex,450.soplex_690,2,10,2,1,6,15,1,0,1,0,0,11,0
450.soplex,450.soplex_691,1,40,5,2,20,60,10,1,1,0,0,49,0
450.soplex,450.soplex_692,2,32,6,1,16,49,8,1,1,0,0,38,0
450.soplex,450.soplex_693,1,21,0,4,10,33,3,0,1,0,0,24,0
450.soplex,450.soplex_694,2,17,4,1,10,25,2,0,1,0,0,20,0
450.soplex,450.soplex_695,1,67,10,2,32,101,18,1,1,0,0,82,0
450.soplex,450.soplex_696,2,24,6,1,10,38,6,1,1,0,0,29,0
450.soplex,450.soplex_697,2,24,6,1,10,38,6,1,1,0,0,29,0
450.soplex,450.soplex_698,2,44,12,1,17,70,12,1,1,0,0,55,0
450.soplex,450.soplex_699,1,53,0,12,20,85,6,0,1,0,0,59,0
450.soplex,450.soplex_700,2,0,0,0,0,0,0,0,1,0,0,0,0
450.soplex,450.soplex_701,1,42,1,4,24,66,10,0,1,0,0,50,0
450.soplex,450.soplex_702,2,35,8,5,14,61,6,1,1,0,0,40,0
450.soplex,450.soplex_703,1,49,3,4,25,78,14,1,-1,0,0,58,0
450.soplex,450.soplex_704,1,26,0,8,8,44,4,2,-1,0,0,27,0
450.soplex,450.soplex_705,1,14,0,2,6,23,3,1,-1,0,0,14,0
450.soplex,450.soplex_706,2,0,0,0,0,0,0,0,1,0,0,0,0
450.soplex,450.soplex_707,1,37,1,4,22,57,9,0,1,0,0,43,0
450.soplex,450.soplex_708,2,35,8,5,14,61,6,1,1,0,0,40,0
450.soplex,450.soplex_709,1,46,3,4,24,72,13,1,-1,0,0,53,0
450.soplex,450.soplex_710,2,0,0,0,0,0,0,0,1,0,0,0,0
450.soplex,450.soplex_711,2,0,0,0,0,0,0,0,1,0,0,0,0
450.soplex,450.soplex_712,2,0,0,0,0,0,0,0,1,0,0,0,0
450.soplex,450.soplex_713,1,91,2,12,48,145,21,0,1,0,0,105,0
450.soplex,450.soplex_714,2,35,8,5,14,61,6,1,1,0,0,40,0
450.soplex,450.soplex_715,2,35,8,5,14,61,6,1,1,0,0,40,0
450.soplex,450.soplex_716,2,66,16,10,24,115,12,1,1,0,0,76,0
450.soplex,450.soplex_717,1,127,4,24,54,209,25,4,-1,0,0,135,0
450.soplex,450.soplex_718,2,24,6,1,10,38,6,1,1,0,0,29,0
450.soplex,450.soplex_719,1,21,0,4,10,33,3,0,1,0,0,24,0
450.soplex,450.soplex_720,2,11,2,1,7,17,1,0,1,0,0,13,0
450.soplex,450.soplex_721,1,19,1,4,10,29,3,1,1,0,0,21,0
450.soplex,450.soplex_722,1,23,0,4,12,40,4,0,1,0,0,25,0
450.soplex,450.soplex_723,1,17,0,4,8,29,3,0,1,0,0,16,0
450.soplex,450.soplex_724,1,26,3,7,10,45,4,2,1,-1,0,25,0
450.soplex,450.soplex_725,1,23,0,4,12,40,4,0,1,0,0,25,0
450.soplex,450.soplex_726,1,17,0,4,8,29,3,0,1,0,0,16,0
450.soplex,450.soplex_727,1,26,3,7,10,45,4,2,1,-1,0,25,0
450.soplex,450.soplex_728,2,37,8,6,14,64,6,1,1,-1,0,42,0
450.soplex,450.soplex_729,1,43,1,3,25,68,11,0,1,-1,0,51,0
450.soplex,450.soplex_730,1,0,0,0,0,0,0,0,1,-1,0,0,0
450.soplex,450.soplex_731,1,14,0,2,6,23,3,1,-1,-1,0,14,0
450.soplex,450.soplex_732,1,26,0,8,8,44,4,2,-1,-1,0,27,0
450.soplex,450.soplex_733,2,37,8,6,14,64,6,1,1,-1,0,42,0
450.soplex,450.soplex_734,1,39,1,3,23,61,10,0,1,-1,0,46,0
450.soplex,450.soplex_735,1,0,0,0,0,0,0,0,1,-1,0,0,0
450.soplex,450.soplex_736,2,39,8,6,14,67,6,1,1,-1,0,45,0
450.soplex,450.soplex_737,1,21,1,4,10,32,3,1,1,-1,0,24,0
450.soplex,450.soplex_738,2,11,2,1,7,17,1,0,1,-1,0,13,0
450.soplex,450.soplex_739,1,19,1,4,10,29,3,1,1,-1,0,21,0
450.soplex,450.soplex_740,1,5,0,1,4,8,0,0,1,-1,0,5,0
450.soplex,450.soplex_741,2,35,8,5,14,61,6,1,1,-1,0,40,0
450.soplex,450.soplex_742,1,32,0,4,16,52,7,0,1,-1,0,37,0
450.soplex,450.soplex_743,1,0,0,0,0,0,0,0,1,-1,0,0,0
450.soplex,450.soplex_744,2,0,0,0,0,0,0,0,1,-1,0,0,0
450.soplex,450.soplex_745,1,21,1,3,10,32,5,1,1,-1,0,25,0
450.soplex,450.soplex_746,2,10,2,1,6,15,1,0,1,-1,0,11,0
450.soplex,450.soplex_747,1,43,6,7,16,71,8,1,1,-1,0,50,0
