456.hmmer,456.hmmer_1,2,10,0,3,2,22,1,2,-1,0,0,11,0
456.hmmer,456.hmmer_2,1,58,0,10,31,116,4,3,1,0,0,68,0
456.hmmer,456.hmmer_3,2,11,0,1,7,25,1,0,1,0,0,12,0
456.hmmer,456.hmmer_4,1,24,0,6,14,46,0,1,1,0,0,20,0
456.hmmer,456.hmmer_5,1,88,0,20,32,163,16,1,1,0,0,95,0
456.hmmer,456.hmmer_6,1,15,2,3,4,23,4,1,1,0,0,15,0
456.hmmer,456.hmmer_7,1,15,2,3,4,23,4,1,1,0,0,15,0
456.hmmer,456.hmmer_8,1,121,0,27,44,227,22,2,1,0,0,134,0
456.hmmer,456.hmmer_9,1,36,0,7,14,68,6,2,1,0,0,41,0
456.hmmer,456.hmmer_10,2,14,2,2,8,26,1,1,-1,0,0,17,0
456.hmmer,456.hmmer_11,1,3,0,2,0,3,0,0,-1,0,0,1,0
456.hmmer,456.hmmer_12,2,14,2,2,8,27,1,1,-1,0,0,17,0
456.hmmer,456.hmmer_13,1,3,0,2,0,3,0,0,-1,0,0,1,0
456.hmmer,456.hmmer_14,1,76,0,17,26,145,13,2,1,0,0,88,0
456.hmmer,456.hmmer_15,2,0,0,0,0,0,0,0,1,0,0,0,0
456.hmmer,456.hmmer_16,1,15,2,2,4,21,4,0,1,0,0,14,0
456.hmmer,456.hmmer_17,2,3,0,1,2,6,0,0,28,0,0,3,0
456.hmmer,456.hmmer_18,2,33,0,4,17,52,5,1,1,0,0,35,0
456.hmmer,456.hmmer_19,2,11,0,3,4,20,1,1,27,0,0,14,0
456.hmmer,456.hmmer_20,1,21,2,6,4,32,5,1,1,0,0,19,0
456.hmmer,456.hmmer_21,1,6,0,1,5,12,0,0,1,0,0,5,0
456.hmmer,456.hmmer_22,1,7,0,1,2,14,1,0,1,0,0,7,0
456.hmmer,456.hmmer_23,1,31,0,5,20,61,0,1,1,0,0,28,0
456.hmmer,456.hmmer_24,2,68,0,11,34,108,11,2,1,0,0,71,0
456.hmmer,456.hmmer_25,2,41,0,7,24,69,5,1,1,0,0,46,0
456.hmmer,456.hmmer_26,1,11,0,6,0,19,0,1,1,0,0,6,0
456.hmmer,456.hmmer_27,2,39,0,7,20,66,5,1,1,0,0,43,0
456.hmmer,456.hmmer_28,2,53,0,8,32,87,7,1,1,0,0,59,0
456.hmmer,456.hmmer_29,2,53,0,8,32,87,7,1,1,0,0,59,0
456.hmmer,456.hmmer_30,1,12,2,7,0,16,2,1,1,0,0,6,0
456.hmmer,456.hmmer_31,1,37,0,8,16,64,6,1,1,0,0,38,0
456.hmmer,456.hmmer_32,1,34,0,7,14,63,6,1,1,0,0,39,0
456.hmmer,456.hmmer_33,1,24,0,7,5,45,5,1,1,0,0,27,0
456.hmmer,456.hmmer_34,2,96,0,21,42,182,17,3,1,0,0,111,0
456.hmmer,456.hmmer_35,2,29,0,7,10,60,5,1,1,0,0,37,0
456.hmmer,456.hmmer_36,2,29,0,7,10,60,5,1,1,0,0,37,0
456.hmmer,456.hmmer_37,1,41,0,8,15,83,7,2,1,0,0,40,0
456.hmmer,456.hmmer_38,1,6,0,1,4,9,1,0,1,0,0,6,0
456.hmmer,456.hmmer_39,2,36,0,6,20,61,5,1,-1,0,0,40,0
456.hmmer,456.hmmer_40,2,10,0,1,8,15,1,0,1,0,0,12,0
456.hmmer,456.hmmer_41,1,46,0,13,22,80,3,2,1,0,0,39,0
456.hmmer,456.hmmer_42,1,6,0,1,4,12,0,0,1,0,0,6,0
456.hmmer,456.hmmer_43,3,13,0,1,8,22,0,0,1,0,0,16,0
456.hmmer,456.hmmer_44,3,7,0,1,4,12,0,0,1,0,0,8,0
456.hmmer,456.hmmer_45,2,28,0,5,8,40,6,1,1,0,0,31,0
456.hmmer,456.hmmer_46,1,7,0,2,4,10,1,0,1,0,0,7,0
456.hmmer,456.hmmer_47,1,7,0,1,2,14,1,0,1,0,0,8,0
456.hmmer,456.hmmer_48,2,16,0,3,12,26,0,1,1,0,0,22,0
456.hmmer,456.hmmer_49,1,7,0,2,4,11,0,0,1,0,0,8,0
456.hmmer,456.hmmer_50,2,21,2,4,5,34,4,2,1,0,0,23,0
456.hmmer,456.hmmer_51,1,2,0,2,0,2,0,0,1,0,0,0,0
456.hmmer,456.hmmer_52,2,5,0,1,4,8,0,0,1,0,0,6,0
456.hmmer,456.hmmer_53,1,9,0,2,2,16,2,0,1,0,0,9,0
456.hmmer,456.hmmer_54,1,19,0,4,10,31,1,1,1,0,0,24,0
456.hmmer,456.hmmer_55,2,41,0,7,24,69,5,1,1,0,0,45,0
456.hmmer,456.hmmer_56,1,2,0,2,0,2,0,0,1,0,0,0,0
456.hmmer,456.hmmer_57,1,18,0,7,2,46,0,0,1,0,0,23,0
456.hmmer,456.hmmer_58,1,6,0,1,5,14,0,0,1,0,0,6,0
456.hmmer,456.hmmer_59,1,6,0,1,2,13,2,0,1,0,0,5,0
456.hmmer,456.hmmer_60,1,6,0,1,5,14,0,0,1,0,0,6,0
456.hmmer,456.hmmer_61,1,6,0,1,2,13,2,0,1,0,0,5,0
456.hmmer,456.hmmer_62,1,0,0,0,0,0,0,0,1,0,0,0,0
456.hmmer,456.hmmer_63,1,8,0,1,4,13,1,0,1,0,0,9,0
456.hmmer,456.hmmer_64,1,10,0,1,6,16,2,0,1,0,0,11,0
456.hmmer,456.hmmer_65,2,62,0,7,40,111,7,1,1,0,0,74,0
456.hmmer,456.hmmer_66,1,24,0,2,14,39,4,0,1,0,0,26,0
456.hmmer,456.hmmer_67,1,19,2,3,8,32,5,1,1,0,0,18,0
456.hmmer,456.hmmer_68,1,21,0,4,10,35,4,1,65,0,0,19,0
456.hmmer,456.hmmer_69,1,131,0,40,28,249,23,2,1,0,0,126,0
456.hmmer,456.hmmer_70,1,8,0,2,2,19,0,2,-1,0,0,8,0
456.hmmer,456.hmmer_71,1,10,0,3,2,18,2,1,1,0,0,9,0
456.hmmer,456.hmmer_72,1,14,0,4,3,26,3,1,1,0,0,13,0
456.hmmer,456.hmmer_73,2,18,0,1,13,40,2,0,1,0,0,21,0
456.hmmer,456.hmmer_74,1,3,0,2,0,5,0,0,1,0,0,0,0
456.hmmer,456.hmmer_75,1,11,0,3,4,19,1,1,1,0,0,11,0
456.hmmer,456.hmmer_76,3,16,1,3,8,26,1,1,1,0,0,22,0
456.hmmer,456.hmmer_77,2,5,0,2,0,5,0,0,1,0,0,3,0
456.hmmer,456.hmmer_78,2,24,0,1,13,37,7,0,1,0,0,30,0
456.hmmer,456.hmmer_79,2,24,0,1,13,37,7,0,1,0,0,30,0
456.hmmer,456.hmmer_80,2,25,0,1,16,37,6,0,1,0,0,34,0
456.hmmer,456.hmmer_81,2,19,0,1,16,29,2,0,1,0,0,28,0
456.hmmer,456.hmmer_82,2,98,6,12,64,153,14,2,1,0,0,130,0
456.hmmer,456.hmmer_83,2,11,0,1,8,16,2,0,1,0,0,15,0
456.hmmer,456.hmmer_84,1,298,2,29,133,487,78,4,1,0,0,372,0
456.hmmer,456.hmmer_85,1,3,0,1,2,5,0,0,1,0,0,3,0
456.hmmer,456.hmmer_86,1,4,0,1,2,6,1,0,1,0,0,5,0
456.hmmer,456.hmmer_87,2,9,0,1,8,14,0,0,1,0,0,12,0
456.hmmer,456.hmmer_88,1,8,0,2,2,14,2,0,1,0,0,7,0
456.hmmer,456.hmmer_89,1,29,0,2,24,66,1,1,-1,0,0,36,0
456.hmmer,456.hmmer_90,1,5,0,1,3,9,0,0,1,0,0,4,0
456.hmmer,456.hmmer_91,2,17,1,1,12,28,2,0,1,0,0,23,0
456.hmmer,456.hmmer_92,1,2,0,2,0,2,0,0,1,0,0,0,0
456.hmmer,456.hmmer_93,2,14,0,1,12,24,0,0,1,0,0,20,0
456.hmmer,456.hmmer_94,1,2,0,2,0,2,0,0,1,0,0,0,0
456.hmmer,456.hmmer_95,1,95,0,13,44,173,13,3,1,0,0,92,0
456.hmmer,456.hmmer_96,1,96,0,13,58,203,6,1,1,0,0,96,0
456.hmmer,456.hmmer_97,1,52,0,1,36,91,8,0,1,0,0,63,0
456.hmmer,456.hmmer_98,1,52,0,1,36,91,8,0,1,0,0,58,0
456.hmmer,456.hmmer_99,1,52,0,1,36,91,8,0,1,0,0,63,0
456.hmmer,456.hmmer_100,2,185,0,1,129,293,24,0,1,0,0,231,0
456.hmmer,456.hmmer_101,2,22,0,1,19,35,0,0,1,0,0,28,0
456.hmmer,456.hmmer_102,1,231,0,3,184,403,12,0,1,0,0,262,0
456.hmmer,456.hmmer_103,1,16,0,1,15,25,0,0,1,0,0,18,0
456.hmmer,456.hmmer_104,2,18,0,2,12,29,2,1,-1,0,0,22,0
456.hmmer,456.hmmer_105,2,25,0,3,16,45,1,1,1,0,0,30,0
456.hmmer,456.hmmer_106,2,24,0,2,16,44,1,1,1,0,0,29,0
456.hmmer,456.hmmer_107,1,875,4,86,516,1509,127,5,-1,0,0,1023,0
456.hmmer,456.hmmer_108,1,4,0,1,2,6,0,0,1,0,0,4,0
456.hmmer,456.hmmer_109,1,18,0,1,15,32,0,0,1,0,0,21,0
456.hmmer,456.hmmer_110,2,61,0,4,49,104,2,1,1,0,0,75,0
456.hmmer,456.hmmer_111,2,17,0,1,15,30,0,0,1,0,0,20,0
456.hmmer,456.hmmer_112,1,48,0,5,20,77,10,2,1,0,0,52,0
456.hmmer,456.hmmer_113,1,18,0,1,15,32,0,0,1,0,0,21,0
456.hmmer,456.hmmer_114,1,60,0,4,30,107,10,1,1,0,0,71,0
456.hmmer,456.hmmer_115,1,0,0,0,0,0,0,0,1,0,0,0,0
456.hmmer,456.hmmer_116,2,412,0,25,297,633,53,3,1,0,0,520,0
456.hmmer,456.hmmer_117,2,35,0,3,26,53,4,1,1,0,0,44,0
456.hmmer,456.hmmer_118,1,262,0,17,192,422,36,2,1,0,0,301,0
456.hmmer,456.hmmer_119,1,16,0,1,15,25,0,0,1,0,0,18,0
456.hmmer,456.hmmer_120,2,17,0,1,15,30,0,0,1,0,0,20,0
456.hmmer,456.hmmer_121,2,17,0,1,15,30,0,0,1,0,0,20,0
456.hmmer,456.hmmer_122,2,18,0,1,15,32,0,0,1,0,0,21,0
456.hmmer,456.hmmer_123,1,263,4,23,156,449,43,4,1,0,0,305,0
456.hmmer,456.hmmer_124,1,59,0,10,22,107,6,1,1,0,0,75,0
456.hmmer,456.hmmer_125,2,9,0,1,6,13,2,0,1,0,0,10,0
456.hmmer,456.hmmer_126,2,11,0,1,8,17,2,0,1,0,0,12,0
456.hmmer,456.hmmer_127,1,100,0,19,38,181,20,3,1,0,0,131,0
456.hmmer,456.hmmer_128,1,45,0,5,24,75,6,1,1,0,0,58,0
456.hmmer,456.hmmer_129,2,27,0,3,19,41,3,1,1,0,0,32,0
456.hmmer,456.hmmer_130,2,324,0,25,230,503,41,3,1,0,0,405,0
456.hmmer,456.hmmer_131,1,118,0,11,81,195,15,2,1,0,0,129,0
456.hmmer,456.hmmer_132,1,40,0,3,28,61,6,1,1,0,0,47,0
456.hmmer,456.hmmer_133,1,19,0,1,15,28,3,0,1,0,0,24,0
456.hmmer,456.hmmer_134,2,341,0,27,224,523,58,3,1,0,0,410,0
456.hmmer,456.hmmer_135,2,34,0,5,21,54,4,2,1,0,0,38,0
456.hmmer,456.hmmer_136,1,314,0,25,208,488,59,3,1,0,0,339,0
456.hmmer,456.hmmer_137,1,69,0,5,42,104,14,1,1,0,0,83,0
456.hmmer,456.hmmer_138,1,19,0,1,15,28,3,0,1,0,0,24,0
456.hmmer,456.hmmer_139,2,591,0,43,447,977,6,1,1,0,0,747,0
456.hmmer,456.hmmer_140,2,24,0,3,19,38,0,1,1,0,0,29,0
456.hmmer,456.hmmer_141,1,203,0,16,152,349,8,2,1,0,0,230,0
456.hmmer,456.hmmer_142,1,16,0,1,15,25,0,0,1,0,0,18,0
456.hmmer,456.hmmer_143,1,16,0,1,15,25,0,0,1,0,0,18,0
456.hmmer,456.hmmer_144,1,5,0,1,2,7,1,0,1,0,0,5,0
456.hmmer,456.hmmer_145,3,37,3,3,26,60,4,2,-1,0,0,47,0
456.hmmer,456.hmmer_146,3,37,3,3,26,60,4,2,-1,0,0,47,0
456.hmmer,456.hmmer_147,2,475,7,39,333,761,46,2,1,0,0,584,0
456.hmmer,456.hmmer_148,2,46,0,5,32,75,5,1,1,0,0,55,0
456.hmmer,456.hmmer_149,1,265,4,19,196,446,29,2,1,0,0,296,0
456.hmmer,456.hmmer_150,1,31,0,1,30,49,0,0,1,0,0,36,0
456.hmmer,456.hmmer_151,2,71,0,7,42,126,8,1,1,0,0,78,0
456.hmmer,456.hmmer_152,1,15,1,2,8,25,2,0,1,0,0,18,0
456.hmmer,456.hmmer_153,1,12,0,1,6,22,2,0,1,0,0,13,0
456.hmmer,456.hmmer_154,2,24,0,3,16,44,0,1,1,0,0,29,0
456.hmmer,456.hmmer_155,2,24,0,2,16,44,1,1,1,0,0,29,0
456.hmmer,456.hmmer_156,1,327,4,27,187,602,49,3,1,0,0,400,0
456.hmmer,456.hmmer_157,1,5,0,1,3,7,0,0,1,0,0,5,0
456.hmmer,456.hmmer_158,1,70,3,18,33,145,2,3,1,0,0,78,0
456.hmmer,456.hmmer_159,1,35,3,6,19,64,1,2,1,0,0,44,0
456.hmmer,456.hmmer_160,2,35,0,6,13,58,7,2,-1,0,0,37,0
456.hmmer,456.hmmer_161,1,10,0,4,2,25,0,1,-1,0,0,8,0
456.hmmer,456.hmmer_162,1,9,0,3,2,17,1,1,28,0,0,7,0
456.hmmer,456.hmmer_163,1,10,0,3,4,20,0,1,1,0,0,10,0
456.hmmer,456.hmmer_164,2,4,0,1,1,9,0,1,-1,0,0,4,0
456.hmmer,456.hmmer_165,1,52,1,13,10,97,6,2,-1,0,0,48,0
456.hmmer,456.hmmer_166,1,15,0,1,12,30,0,0,1,0,0,16,0
456.hmmer,456.hmmer_167,1,233,0,24,132,423,36,3,1,0,0,240,0
456.hmmer,456.hmmer_168,2,7,0,1,4,16,1,0,1,0,0,7,0
456.hmmer,456.hmmer_169,1,8,0,2,3,17,1,0,1,0,0,5,0
456.hmmer,456.hmmer_170,2,7,0,1,4,16,1,0,1,0,0,7,0
456.hmmer,456.hmmer_171,1,8,0,2,3,17,1,0,1,0,0,5,0
456.hmmer,456.hmmer_172,2,7,0,1,4,16,1,0,8,0,0,7,0
456.hmmer,456.hmmer_173,1,8,0,2,3,17,1,0,1,0,0,5,0
456.hmmer,456.hmmer_174,1,261,0,61,126,580,3,5,-1,0,0,306,0
456.hmmer,456.hmmer_175,1,33,0,4,24,60,2,1,-1,0,0,35,0
456.hmmer,456.hmmer_176,3,11,0,2,6,20,0,1,1,0,0,12,0
456.hmmer,456.hmmer_177,3,11,0,2,6,20,0,1,1,0,0,12,0
456.hmmer,456.hmmer_178,2,3,0,3,0,3,0,0,1,0,0,0,0
456.hmmer,456.hmmer_179,3,294,0,23,164,611,28,1,1,0,0,385,0
456.hmmer,456.hmmer_180,2,240,0,28,134,553,19,2,11,0,0,279,0
456.hmmer,456.hmmer_181,1,3,0,3,0,3,0,0,1,0,0,0,0
456.hmmer,456.hmmer_182,1,13,0,5,2,23,1,2,1,0,0,8,0
456.hmmer,456.hmmer_183,3,10,0,2,4,18,1,1,1,0,0,10,0
456.hmmer,456.hmmer_184,2,142,0,25,78,255,14,3,1,0,0,153,0
456.hmmer,456.hmmer_185,1,10,0,2,4,14,2,0,1,0,0,8,0
456.hmmer,456.hmmer_186,2,8,0,1,6,13,0,0,1,0,0,8,0
456.hmmer,456.hmmer_187,1,4,0,2,0,6,1,0,1,0,0,2,0
456.hmmer,456.hmmer_188,1,8,0,1,6,13,0,0,1,0,0,7,0
456.hmmer,456.hmmer_189,1,8,0,1,6,13,0,0,1,0,0,7,0
456.hmmer,456.hmmer_190,1,8,0,1,6,13,0,0,1,0,0,7,0
456.hmmer,456.hmmer_191,1,8,0,1,6,13,0,0,1,0,0,7,0
456.hmmer,456.hmmer_192,2,8,0,1,6,13,0,0,1,0,0,8,0
456.hmmer,456.hmmer_193,1,4,0,2,0,6,1,0,1,0,0,2,0
456.hmmer,456.hmmer_194,2,8,0,1,6,13,0,0,1,0,0,8,0
456.hmmer,456.hmmer_195,1,4,0,2,0,6,1,0,1,0,0,2,0
456.hmmer,456.hmmer_196,1,8,0,1,6,13,0,0,1,0,0,7,0
456.hmmer,456.hmmer_197,1,9,0,1,4,14,3,0,1,0,0,8,0
456.hmmer,456.hmmer_198,1,241,0,50,80,509,33,3,1,0,0,235,0
456.hmmer,456.hmmer_199,2,0,0,0,0,0,0,0,1,0,0,0,0
456.hmmer,456.hmmer_200,1,84,5,10,37,148,16,3,1,0,0,102,0
456.hmmer,456.hmmer_201,1,36,4,7,14,62,4,2,1,0,0,39,0
456.hmmer,456.hmmer_202,1,95,13,3,68,165,1,1,1,0,0,126,0
456.hmmer,456.hmmer_203,1,2,0,1,0,5,0,0,1,0,0,0,0
456.hmmer,456.hmmer_204,2,8,1,1,6,13,0,0,1,0,0,9,0
456.hmmer,456.hmmer_205,1,9,1,2,2,15,2,0,1,0,0,7,0
456.hmmer,456.hmmer_206,2,26,1,3,14,46,3,1,1,0,0,27,0
456.hmmer,456.hmmer_207,1,150,4,20,67,268,17,3,1,0,0,146,0
456.hmmer,456.hmmer_208,1,5,0,1,2,10,1,0,1,0,0,4,0
456.hmmer,456.hmmer_209,2,11,0,1,6,23,1,0,1,0,0,12,0
456.hmmer,456.hmmer_210,1,14,0,2,6,29,1,0,1,0,0,12,0
456.hmmer,456.hmmer_211,1,11,0,3,4,19,1,1,1,0,0,11,0
456.hmmer,456.hmmer_212,2,127,0,19,78,225,1,2,1,0,0,181,0
456.hmmer,456.hmmer_213,2,10,0,3,4,17,0,1,1,0,0,13,0
456.hmmer,456.hmmer_214,1,227,0,17,184,385,4,1,1,0,0,257,0
456.hmmer,456.hmmer_215,1,16,0,1,15,25,0,0,1,0,0,18,0
456.hmmer,456.hmmer_216,1,14,0,2,2,35,2,2,-1,0,0,15,0
456.hmmer,456.hmmer_217,1,29,0,5,12,57,4,1,-1,5,0,33,0
456.hmmer,456.hmmer_218,1,17,0,3,10,30,2,1,-1,0,0,16,0
456.hmmer,456.hmmer_219,1,5,0,1,4,9,0,0,1,0,0,5,0
456.hmmer,456.hmmer_220,2,22,0,2,18,41,0,1,1,0,0,21,0
456.hmmer,456.hmmer_221,1,2,0,2,0,2,0,0,1,0,0,0,0
456.hmmer,456.hmmer_222,1,17,0,2,6,28,3,1,-1,0,0,18,0
456.hmmer,456.hmmer_223,2,0,0,0,0,0,0,0,1,0,0,0,0
456.hmmer,456.hmmer_224,1,6,0,2,4,9,0,0,1,0,0,4,0
456.hmmer,456.hmmer_225,1,6,0,2,2,13,0,1,-1,0,0,5,0
456.hmmer,456.hmmer_226,2,2,0,1,0,3,0,0,1,0,0,1,0
456.hmmer,456.hmmer_227,1,20,0,8,4,36,0,3,1,0,0,20,0
456.hmmer,456.hmmer_228,1,20,0,9,1,41,0,4,-1,0,0,19,0
456.hmmer,456.hmmer_229,1,6,0,1,4,10,0,0,1,0,0,5,0
456.hmmer,456.hmmer_230,1,22,0,1,15,43,5,0,1,0,0,23,0
456.hmmer,456.hmmer_231,1,13,0,1,8,24,2,0,1,0,0,14,0
456.hmmer,456.hmmer_232,1,5,0,1,4,9,0,0,1,0,0,5,0
456.hmmer,456.hmmer_233,1,5,0,1,4,9,0,0,1,0,0,4,0
456.hmmer,456.hmmer_234,1,5,0,1,4,9,0,0,1,0,0,4,0
456.hmmer,456.hmmer_235,2,4,0,1,2,8,0,0,1,0,0,4,0
456.hmmer,456.hmmer_236,2,4,0,1,2,8,0,0,1,0,0,4,0
456.hmmer,456.hmmer_237,2,4,0,1,2,8,0,0,1,0,0,4,0
456.hmmer,456.hmmer_238,1,132,1,33,49,272,12,5,1,0,0,128,0
456.hmmer,456.hmmer_239,1,6,0,1,4,10,0,0,1,0,0,6,0
456.hmmer,456.hmmer_240,1,6,0,1,4,10,0,0,1,0,0,6,0
456.hmmer,456.hmmer_241,1,15,0,4,6,28,1,2,-1,0,0,13,0
456.hmmer,456.hmmer_242,1,15,0,4,6,28,1,2,-1,0,0,13,0
456.hmmer,456.hmmer_243,1,18,0,3,10,32,1,1,1,0,0,19,0
456.hmmer,456.hmmer_244,1,22,4,1,12,52,2,0,1,0,0,23,0
456.hmmer,456.hmmer_245,1,27,1,3,14,49,5,1,1,0,0,26,0
456.hmmer,456.hmmer_246,1,11,1,1,6,27,1,0,1,0,0,11,0
456.hmmer,456.hmmer_247,1,18,1,1,8,33,4,0,1,0,0,19,0
456.hmmer,456.hmmer_248,1,14,2,1,6,33,1,0,1,0,0,14,0
456.hmmer,456.hmmer_249,1,25,2,3,10,48,3,1,1,0,0,25,0
456.hmmer,456.hmmer_250,1,18,1,1,8,30,4,0,1,0,0,20,0
456.hmmer,456.hmmer_251,1,29,1,1,16,50,6,0,1,0,0,33,0
456.hmmer,456.hmmer_252,1,5,0,1,4,9,0,0,1,0,0,6,0
456.hmmer,456.hmmer_253,1,57,5,4,33,103,7,2,1,0,0,61,0
456.hmmer,456.hmmer_254,1,32,1,1,22,69,4,0,1,0,0,33,0
456.hmmer,456.hmmer_255,1,5,0,1,4,9,0,0,1,0,0,4,0
456.hmmer,456.hmmer_256,2,35,1,1,16,55,12,0,1,0,0,41,0
456.hmmer,456.hmmer_257,1,103,12,21,12,193,23,4,-1,0,0,119,0
456.hmmer,456.hmmer_258,1,22,0,3,12,39,2,1,1,0,0,23,0
456.hmmer,456.hmmer_259,1,19,5,4,4,31,3,1,1,0,0,19,0
456.hmmer,456.hmmer_260,1,20,4,5,2,39,5,2,-1,0,0,22,0
456.hmmer,456.hmmer_261,1,2,0,1,0,10,0,0,-1,0,0,3,0
456.hmmer,456.hmmer_262,1,1,0,1,0,1,0,0,-1,0,0,0,0
456.hmmer,456.hmmer_263,1,17,4,4,3,35,3,2,-1,0,0,19,0
456.hmmer,456.hmmer_264,1,18,5,4,4,30,2,1,1,0,0,18,0
456.hmmer,456.hmmer_265,1,20,4,5,2,37,5,2,-1,0,0,22,0
456.hmmer,456.hmmer_266,1,2,0,1,0,8,0,0,-1,0,0,3,0
456.hmmer,456.hmmer_267,1,1,0,1,0,1,0,0,-1,0,0,0,0
456.hmmer,456.hmmer_268,1,17,4,4,3,33,3,2,-1,0,0,19,0
456.hmmer,456.hmmer_269,1,57,5,4,33,103,7,2,1,0,0,61,0
456.hmmer,456.hmmer_270,1,48,11,1,20,86,13,0,1,0,0,49,0
456.hmmer,456.hmmer_271,1,5,0,1,4,9,0,0,1,0,0,4,0
456.hmmer,456.hmmer_272,1,28,6,1,12,46,7,0,1,0,0,32,0
456.hmmer,456.hmmer_273,1,57,5,4,33,103,7,2,1,0,0,61,0
456.hmmer,456.hmmer_274,1,48,11,1,20,86,13,0,1,0,0,49,0
456.hmmer,456.hmmer_275,1,5,0,1,4,9,0,0,1,0,0,4,0
456.hmmer,456.hmmer_276,1,5,1,2,0,9,1,1,1,0,0,4,0
456.hmmer,456.hmmer_277,1,54,18,4,16,87,11,1,1,5,0,62,0
456.hmmer,456.hmmer_278,1,54,18,4,16,87,11,1,1,0,0,62,0
456.hmmer,456.hmmer_279,1,40,0,8,21,76,0,2,1,0,0,42,0
456.hmmer,456.hmmer_280,1,81,0,12,31,170,8,2,1,0,0,88,0
456.hmmer,456.hmmer_281,1,545,0,142,133,975,74,3,-1,0,0,529,0
456.hmmer,456.hmmer_282,2,0,0,0,0,0,0,0,1,0,0,0,0
456.hmmer,456.hmmer_283,1,29,1,10,4,67,0,3,1,0,0,31,0
456.hmmer,456.hmmer_284,2,8,0,1,5,14,1,0,1,0,0,9,0
456.hmmer,456.hmmer_285,2,8,0,1,5,14,1,0,1,0,0,9,0
456.hmmer,456.hmmer_286,2,8,0,1,5,14,1,0,8,0,0,9,0
456.hmmer,456.hmmer_287,1,26,0,8,10,46,4,1,1,0,0,24,0
456.hmmer,456.hmmer_288,1,5,0,1,2,11,1,0,1,0,0,5,0
456.hmmer,456.hmmer_289,1,11,0,2,6,23,1,1,-1,0,0,11,0
456.hmmer,456.hmmer_290,1,13,0,2,7,25,2,1,-1,0,0,13,0
456.hmmer,456.hmmer_291,1,13,0,2,7,25,2,1,-1,0,0,13,0
456.hmmer,456.hmmer_292,2,6,0,1,3,14,1,0,3,0,0,7,0
456.hmmer,456.hmmer_293,1,16,0,5,7,36,1,1,-1,0,0,13,0
456.hmmer,456.hmmer_294,1,6,0,1,3,11,1,0,1,0,0,6,0
456.hmmer,456.hmmer_295,1,4,0,1,1,12,0,1,-1,0,0,4,0
456.hmmer,456.hmmer_296,2,14,0,2,9,30,0,1,-1,0,0,17,0
456.hmmer,456.hmmer_297,2,14,0,2,9,30,0,1,-1,0,0,17,0
456.hmmer,456.hmmer_298,2,17,0,4,8,34,1,2,-1,0,0,18,0
456.hmmer,456.hmmer_299,1,96,0,22,42,214,2,3,-1,0,0,97,0
456.hmmer,456.hmmer_300,2,13,1,2,4,26,3,1,-1,0,0,13,0
456.hmmer,456.hmmer_301,3,9,0,2,4,23,0,1,-1,0,0,10,0
456.hmmer,456.hmmer_302,2,3,0,2,0,3,0,0,-1,0,0,1,0
456.hmmer,456.hmmer_303,1,369,2,92,142,836,11,2,-1,0,0,341,0
456.hmmer,456.hmmer_304,2,23,0,5,11,47,2,3,-1,0,0,27,0
456.hmmer,456.hmmer_305,1,5,0,3,0,10,0,1,-1,0,0,3,0
456.hmmer,456.hmmer_306,2,14,0,2,9,30,0,1,-1,0,0,18,0
456.hmmer,456.hmmer_307,1,171,0,38,74,347,13,3,-1,0,0,183,0
456.hmmer,456.hmmer_308,1,4,0,2,0,9,0,1,-1,0,0,3,0
456.hmmer,456.hmmer_309,1,4,0,2,0,9,0,1,-1,0,0,3,0
456.hmmer,456.hmmer_310,1,8,0,2,3,20,0,1,-1,0,0,9,0
456.hmmer,456.hmmer_311,2,12,0,1,9,25,0,0,1,0,0,13,0
456.hmmer,456.hmmer_312,2,20,0,4,11,39,1,1,1,0,0,19,0
456.hmmer,456.hmmer_313,2,17,0,4,8,32,1,1,8,0,0,15,0
456.hmmer,456.hmmer_314,1,60,0,12,26,123,3,1,1,0,0,45,0
456.hmmer,456.hmmer_315,1,5,0,1,2,10,1,0,1,0,0,4,0
456.hmmer,456.hmmer_316,1,9,1,1,4,19,1,0,1,0,0,8,0
456.hmmer,456.hmmer_317,2,7,0,1,4,18,0,0,3,0,0,7,0
456.hmmer,456.hmmer_318,1,2,0,2,0,2,0,0,5,0,0,0,0
456.hmmer,456.hmmer_319,1,0,0,0,0,0,0,0,1,0,0,0,0
456.hmmer,456.hmmer_320,1,7,0,1,4,14,1,0,1,0,0,6,0
456.hmmer,456.hmmer_321,1,9,0,1,5,16,2,0,1,0,0,8,0
456.hmmer,456.hmmer_322,1,9,0,1,5,16,2,0,1,0,0,8,0
456.hmmer,456.hmmer_323,1,6,0,1,3,16,1,0,5,0,0,5,0
456.hmmer,456.hmmer_324,2,8,0,1,5,17,1,0,1,0,0,9,0
456.hmmer,456.hmmer_325,2,8,0,1,5,17,1,0,1,0,0,9,0
456.hmmer,456.hmmer_326,1,198,0,26,104,464,24,2,-1,0,0,200,0
456.hmmer,456.hmmer_327,1,5,0,1,2,11,1,0,1,0,0,5,0
456.hmmer,456.hmmer_328,1,17,0,1,8,27,4,0,1,0,0,18,0
456.hmmer,456.hmmer_329,2,5,0,2,1,13,0,1,-1,0,0,4,0
456.hmmer,456.hmmer_330,2,18,0,3,8,42,2,1,-1,0,0,20,0
456.hmmer,456.hmmer_331,2,5,0,2,1,13,0,1,-1,0,0,4,0
456.hmmer,456.hmmer_332,2,6,0,2,1,10,1,1,1,0,0,5,0
456.hmmer,456.hmmer_333,2,6,0,2,1,10,1,1,1,0,0,5,0
456.hmmer,456.hmmer_334,2,18,0,3,8,42,2,1,-1,0,0,20,0
456.hmmer,456.hmmer_335,2,5,0,2,1,13,0,1,-1,0,0,4,0
456.hmmer,456.hmmer_336,1,384,0,87,129,789,49,6,-1,0,0,376,0
456.hmmer,456.hmmer_337,1,5,0,2,1,13,0,1,-1,0,0,4,0
456.hmmer,456.hmmer_338,1,48,6,9,24,108,3,5,-1,0,0,73,0
456.hmmer,456.hmmer_339,1,1063,0,272,263,1922,138,3,-1,0,0,1053,0
456.hmmer,456.hmmer_340,2,4,0,1,2,9,0,1,-1,0,0,4,0
456.hmmer,456.hmmer_341,1,93,5,22,38,214,2,5,1,0,0,98,0
456.hmmer,456.hmmer_342,1,40,0,4,23,84,6,1,1,0,0,48,0
456.hmmer,456.hmmer_343,1,11,0,3,6,22,0,1,1,0,0,9,0
456.hmmer,456.hmmer_344,1,15,0,4,4,30,1,2,1,0,0,18,0
456.hmmer,456.hmmer_345,1,4,0,2,0,10,0,1,-1,0,0,4,0
456.hmmer,456.hmmer_346,1,5,0,2,1,8,1,1,-1,0,0,4,0
456.hmmer,456.hmmer_347,1,11,0,3,6,22,0,1,11,0,0,9,0
456.hmmer,456.hmmer_348,1,2,0,1,0,5,0,0,1,0,0,2,0
456.hmmer,456.hmmer_349,1,7,0,1,4,16,0,1,-1,0,0,7,0
456.hmmer,456.hmmer_350,1,5,0,1,4,9,0,0,11,0,0,4,0
456.hmmer,456.hmmer_351,1,97,0,19,36,182,19,4,-1,0,0,104,0
456.hmmer,456.hmmer_352,1,4,0,1,1,10,0,1,-1,0,0,4,0
456.hmmer,456.hmmer_353,1,19,0,5,7,37,3,2,-1,0,0,18,0
456.hmmer,456.hmmer_354,1,100,0,21,52,253,10,3,-1,0,0,95,0
456.hmmer,456.hmmer_355,1,2,0,1,0,3,0,0,1,0,0,1,0
456.hmmer,456.hmmer_356,1,24,0,7,6,49,0,2,-1,0,0,22,0
456.hmmer,456.hmmer_357,1,1,0,1,0,1,0,0,1,0,0,0,0
456.hmmer,456.hmmer_358,1,8,0,1,5,14,1,0,1,0,0,7,0
456.hmmer,456.hmmer_359,2,2,0,1,0,4,0,0,1,0,0,1,0
456.hmmer,456.hmmer_360,1,35,0,11,11,65,4,3,-1,0,0,27,0
456.hmmer,456.hmmer_361,1,7,0,2,2,12,1,1,1,0,0,6,0
456.hmmer,456.hmmer_362,1,12,0,3,4,22,2,1,1,0,0,11,0
456.hmmer,456.hmmer_363,1,17,0,4,6,32,3,1,1,0,0,16,0
456.hmmer,456.hmmer_364,1,13,0,3,5,22,1,1,1,0,0,13,0
456.hmmer,456.hmmer_365,3,9,0,1,4,14,3,0,1,0,0,11,0
456.hmmer,456.hmmer_366,2,57,0,12,7,99,12,3,1,0,0,67,0
456.hmmer,456.hmmer_367,2,9,0,1,4,14,3,0,1,0,0,11,0
456.hmmer,456.hmmer_368,1,10,0,5,0,13,1,1,5,0,0,7,0
456.hmmer,456.hmmer_369,1,3,0,1,2,5,0,0,1,0,0,3,0
456.hmmer,456.hmmer_370,1,29,0,4,16,49,5,1,1,0,0,30,0
456.hmmer,456.hmmer_371,1,8,0,1,5,20,1,0,1,0,0,10,0
456.hmmer,456.hmmer_372,1,9,0,1,7,20,0,0,1,0,0,12,0
456.hmmer,456.hmmer_373,1,42,0,6,28,76,4,1,1,0,0,40,0
456.hmmer,456.hmmer_374,1,14,4,1,2,24,4,0,20001,0,0,14,0
456.hmmer,456.hmmer_375,1,22,4,4,8,35,5,1,1,0,0,23,0
456.hmmer,456.hmmer_376,1,18,4,3,4,28,5,1,1,0,0,20,0
456.hmmer,456.hmmer_377,1,9,1,3,4,15,0,1,1,0,0,9,0
456.hmmer,456.hmmer_378,1,38,9,1,16,58,9,0,1,0,0,45,0
456.hmmer,456.hmmer_379,1,6,0,1,4,10,0,0,1,0,0,6,0
456.hmmer,456.hmmer_380,1,0,0,0,0,0,0,0,1,0,0,0,0
456.hmmer,456.hmmer_381,1,31,10,4,0,52,10,1,-1,0,0,29,0
456.hmmer,456.hmmer_382,1,9,1,1,3,14,3,0,1,0,0,8,0
456.hmmer,456.hmmer_383,1,31,6,3,10,48,8,1,1,0,0,35,0
456.hmmer,456.hmmer_384,1,11,0,3,4,25,0,2,-1,0,0,7,0
456.hmmer,456.hmmer_385,2,0,0,0,0,0,0,0,1,0,0,0,0
456.hmmer,456.hmmer_386,1,11,0,4,2,15,2,1,-1,0,0,8,0
456.hmmer,456.hmmer_387,1,49,0,8,28,88,5,1,1,0,0,51,0
456.hmmer,456.hmmer_388,1,5,0,1,3,7,0,0,1,0,0,5,0
456.hmmer,456.hmmer_389,1,12,0,1,6,22,1,1,1,0,0,12,0
456.hmmer,456.hmmer_390,1,11,0,1,9,20,0,0,1,0,0,14,0
456.hmmer,456.hmmer_391,1,10,0,3,3,17,1,1,1,0,0,9,0
456.hmmer,456.hmmer_392,1,12,0,3,5,21,1,1,1,0,0,11,0
456.hmmer,456.hmmer_393,1,9,0,3,2,16,0,1,1,0,0,8,0
456.hmmer,456.hmmer_394,2,49,0,7,30,86,5,1,1,0,0,53,0
456.hmmer,456.hmmer_395,1,23,2,5,10,38,2,1,1,0,0,24,0
456.hmmer,456.hmmer_396,1,5,0,1,2,7,1,0,1,0,0,5,0
456.hmmer,456.hmmer_397,1,11,0,1,6,17,2,0,1,0,0,14,0
456.hmmer,456.hmmer_398,1,3,0,1,2,5,0,0,1,0,0,3,0
456.hmmer,456.hmmer_399,2,56,2,8,30,99,5,1,1,0,0,61,0
456.hmmer,456.hmmer_400,1,11,1,4,2,17,1,1,1,0,0,12,0
456.hmmer,456.hmmer_401,2,22,4,4,10,39,2,1,1,0,0,25,0
456.hmmer,456.hmmer_402,2,3,0,1,2,5,0,0,1,0,0,3,0
456.hmmer,456.hmmer_403,3,66,0,7,33,109,15,1,1,0,0,71,0
456.hmmer,456.hmmer_404,2,167,27,28,72,340,17,2,-1,0,0,173,0
456.hmmer,456.hmmer_405,1,35,3,6,22,77,0,0,1,0,0,39,0
456.hmmer,456.hmmer_406,2,62,0,8,36,113,5,1,1,0,0,65,0
456.hmmer,456.hmmer_407,1,2,0,2,0,2,0,0,1,0,0,0,0
456.hmmer,456.hmmer_408,2,54,0,7,30,96,5,1,1,0,0,58,0
456.hmmer,456.hmmer_409,1,10,2,3,2,16,2,1,-1,0,0,8,0
456.hmmer,456.hmmer_410,1,22,4,4,10,39,2,1,1,0,0,25,0
456.hmmer,456.hmmer_411,2,63,0,7,42,111,6,1,1,0,0,70,0
456.hmmer,456.hmmer_412,1,2,0,2,0,2,0,0,1,0,0,0,0
456.hmmer,456.hmmer_413,1,13,0,1,6,24,2,0,1,0,0,14,0
456.hmmer,456.hmmer_414,1,18,3,1,12,31,1,0,1,0,0,20,0
456.hmmer,456.hmmer_415,1,280,8,41,147,450,55,2,-1,0,0,302,0
456.hmmer,456.hmmer_416,3,0,0,0,0,0,0,0,1,0,0,0,0
456.hmmer,456.hmmer_417,2,402,0,41,248,703,48,2,1,0,0,490,0
456.hmmer,456.hmmer_418,1,72,0,2,61,131,3,0,1,0,0,87,0
456.hmmer,456.hmmer_419,1,91,0,12,39,146,16,1,1,0,0,93,0
456.hmmer,456.hmmer_420,1,91,0,12,39,146,16,1,1,0,0,93,0
456.hmmer,456.hmmer_421,1,91,0,12,39,146,16,1,1,0,0,93,0
456.hmmer,456.hmmer_422,1,15,0,3,6,26,2,1,1,0,0,15,0
456.hmmer,456.hmmer_423,1,32,0,6,14,55,4,2,1,0,0,30,0
456.hmmer,456.hmmer_424,1,32,0,6,14,55,4,2,1,0,0,30,0
456.hmmer,456.hmmer_425,1,32,0,6,14,55,4,2,1,0,0,30,0
456.hmmer,456.hmmer_426,1,405,0,28,236,711,74,2,1,0,0,417,0
456.hmmer,456.hmmer_427,1,7,0,1,6,17,0,0,7,0,0,8,0
456.hmmer,456.hmmer_428,1,29,0,4,20,57,1,1,1,0,0,30,0
456.hmmer,456.hmmer_429,2,7,0,1,6,12,0,0,1,0,0,7,0
456.hmmer,456.hmmer_430,1,30,0,4,18,55,4,1,1,0,0,27,0
456.hmmer,456.hmmer_431,2,7,0,1,6,12,0,0,1,0,0,7,0
456.hmmer,456.hmmer_432,1,30,0,4,18,55,4,1,1,0,0,27,0
456.hmmer,456.hmmer_433,1,121,0,18,84,241,3,1,1,0,0,106,0
456.hmmer,456.hmmer_434,1,5,0,1,4,9,0,0,1,0,0,4,0
456.hmmer,456.hmmer_435,1,5,0,1,4,9,0,0,1,0,0,4,0
456.hmmer,456.hmmer_436,1,7,0,1,6,12,0,0,1,0,0,6,0
456.hmmer,456.hmmer_437,1,10,0,1,8,17,1,0,1,0,0,9,0
456.hmmer,456.hmmer_438,1,7,0,1,6,12,0,0,1,0,0,6,0
456.hmmer,456.hmmer_439,1,10,0,1,8,17,1,0,1,0,0,9,0
456.hmmer,456.hmmer_440,1,156,1,31,98,311,1,3,1,0,0,135,0
456.hmmer,456.hmmer_441,2,9,0,1,8,17,0,0,1,0,0,10,0
456.hmmer,456.hmmer_442,2,9,0,1,8,17,0,0,1,0,0,10,0
456.hmmer,456.hmmer_443,1,175,0,15,125,362,10,2,1,0,0,198,0
456.hmmer,456.hmmer_444,2,46,0,6,30,81,5,1,-1,0,0,50,0
456.hmmer,456.hmmer_445,1,17,0,7,6,27,0,1,1,0,0,14,0
456.hmmer,456.hmmer_446,1,8,0,1,6,13,1,0,1,0,0,8,0
456.hmmer,456.hmmer_447,2,19,0,3,14,32,1,1,1,0,0,20,0
456.hmmer,456.hmmer_448,1,45,0,8,30,82,3,1,1,0,0,42,0
456.hmmer,456.hmmer_449,3,27,0,3,22,45,1,1,1,0,0,31,0
456.hmmer,456.hmmer_450,2,63,0,8,48,112,3,1,1,0,0,66,0
456.hmmer,456.hmmer_451,2,14,0,1,12,23,1,0,1,0,0,16,0
456.hmmer,456.hmmer_452,1,55,0,13,32,99,4,2,1,0,0,48,0
456.hmmer,456.hmmer_453,2,46,0,6,30,81,5,1,-1,0,0,50,0
456.hmmer,456.hmmer_454,1,17,0,7,6,31,0,1,1,0,0,18,0
456.hmmer,456.hmmer_455,1,13,0,1,12,31,0,0,7,0,0,16,0
456.hmmer,456.hmmer_456,1,136,0,17,88,268,9,2,1,0,0,142,0
456.hmmer,456.hmmer_457,1,8,0,3,2,14,0,1,1,0,0,7,0
456.hmmer,456.hmmer_458,1,8,1,1,4,13,1,0,1,0,0,8,0
456.hmmer,456.hmmer_459,2,23,0,5,13,37,2,1,1,0,0,24,0
456.hmmer,456.hmmer_460,1,23,0,4,17,42,0,1,1,0,0,24,0
456.hmmer,456.hmmer_461,1,55,0,10,23,99,9,3,1,0,0,60,0
456.hmmer,456.hmmer_462,2,10,0,3,2,17,2,2,1,0,0,9,0
456.hmmer,456.hmmer_463,1,76,0,14,38,146,6,3,-1,0,0,84,0
456.hmmer,456.hmmer_464,1,12,0,5,0,29,0,1,-1,0,0,11,0
456.hmmer,456.hmmer_465,3,11,0,3,2,21,2,1,1,0,0,9,0
456.hmmer,456.hmmer_466,2,13,0,2,8,30,0,0,1,0,0,15,0
456.hmmer,456.hmmer_467,1,32,0,8,4,67,5,1,1,0,0,31,0
456.hmmer,456.hmmer_468,1,16,0,1,12,35,1,0,1,0,0,21,0
456.hmmer,456.hmmer_469,1,6,0,1,4,12,0,0,1,0,0,5,0
456.hmmer,456.hmmer_470,1,11,0,3,4,19,1,1,1,0,0,11,0
456.hmmer,456.hmmer_471,2,26,0,8,6,47,5,1,1,0,0,23,0
456.hmmer,456.hmmer_472,2,23,0,7,6,39,5,1,1,0,0,21,0
456.hmmer,456.hmmer_473,2,44,0,8,24,77,5,1,1,0,0,53,0
456.hmmer,456.hmmer_474,1,11,0,4,4,15,1,0,1,0,0,7,0
456.hmmer,456.hmmer_475,2,22,0,5,7,34,5,1,1,0,0,20,0
456.hmmer,456.hmmer_476,1,4,0,2,2,5,0,0,1,0,0,3,0
456.hmmer,456.hmmer_477,1,17,0,1,14,33,0,0,1,0,0,20,0
456.hmmer,456.hmmer_478,2,12,0,1,5,17,3,1,-1,0,0,12,0
456.hmmer,456.hmmer_479,1,52,0,6,31,111,4,1,1,0,0,62,0
456.hmmer,456.hmmer_480,1,3,0,1,0,9,0,1,-1,0,0,3,0
456.hmmer,456.hmmer_481,2,25,0,4,14,54,3,1,1,0,0,25,0
456.hmmer,456.hmmer_482,1,7,0,4,0,12,1,1,1,0,0,3,0
456.hmmer,456.hmmer_483,1,7,0,1,6,12,0,0,8,0,0,6,0
456.hmmer,456.hmmer_484,1,13,0,1,9,22,2,0,8,0,0,13,0
456.hmmer,456.hmmer_485,1,26,0,1,18,45,4,0,24,0,0,27,0
456.hmmer,456.hmmer_486,1,41,0,3,27,71,7,1,1,0,0,42,0
456.hmmer,456.hmmer_487,1,5,0,1,3,14,0,0,5,0,0,4,0
456.hmmer,456.hmmer_488,1,18,0,1,14,36,0,0,1,0,0,17,0
456.hmmer,456.hmmer_489,1,14,0,3,6,27,1,1,1,0,0,11,0
456.hmmer,456.hmmer_490,1,7,0,1,2,10,2,0,1,0,0,7,0
456.hmmer,456.hmmer_491,1,6,0,1,5,12,0,0,1,0,0,6,0
456.hmmer,456.hmmer_492,1,118,12,20,48,195,22,2,1,0,0,116,0
456.hmmer,456.hmmer_493,1,135,13,21,54,230,24,3,1,0,0,135,0
456.hmmer,456.hmmer_494,1,102,0,1,94,189,0,0,1,0,0,108,0
456.hmmer,456.hmmer_495,2,39,0,3,32,74,1,1,1,0,0,45,0
456.hmmer,456.hmmer_496,2,35,0,3,26,70,3,1,1,0,0,39,0
456.hmmer,456.hmmer_497,1,5,0,3,1,5,1,0,1,0,0,1,0
456.hmmer,456.hmmer_498,1,38,7,6,15,64,5,2,1,0,0,41,0
456.hmmer,456.hmmer_499,1,5,0,1,3,13,0,0,5,0,0,4,0
456.hmmer,456.hmmer_500,1,37,3,1,27,70,2,0,1,0,0,40,0
456.hmmer,456.hmmer_501,1,7,0,1,5,12,0,0,1,0,0,6,0
456.hmmer,456.hmmer_502,1,7,0,1,5,12,0,0,1,0,0,6,0
456.hmmer,456.hmmer_503,1,20,3,1,12,37,2,0,1,0,0,22,0
456.hmmer,456.hmmer_504,1,14,3,1,4,22,5,0,1,0,0,16,0
456.hmmer,456.hmmer_505,1,14,3,1,4,22,5,0,1,0,0,16,0
456.hmmer,456.hmmer_506,2,67,8,1,44,107,12,0,65,0,0,78,0
456.hmmer,456.hmmer_507,1,14,0,2,10,29,0,0,1,0,0,10,0
456.hmmer,456.hmmer_508,1,17,5,5,4,33,0,2,1,0,0,22,0
456.hmmer,456.hmmer_509,1,7,0,1,6,16,0,0,1,0,0,8,0
456.hmmer,456.hmmer_510,2,13,0,1,12,25,0,0,1,0,0,16,0
456.hmmer,456.hmmer_511,1,2,0,2,0,2,0,0,1,0,0,0,0
456.hmmer,456.hmmer_512,2,13,0,1,12,25,0,0,1,0,0,16,0
456.hmmer,456.hmmer_513,1,2,0,2,0,2,0,0,1,0,0,0,0
456.hmmer,456.hmmer_514,1,85,0,1,84,169,0,0,1,0,0,98,0
456.hmmer,456.hmmer_515,2,19,0,1,18,43,0,0,4,0,0,21,0
456.hmmer,456.hmmer_516,2,19,0,1,18,43,0,0,1,0,0,21,0
456.hmmer,456.hmmer_517,1,3,0,3,0,3,0,0,1,0,0,0,0
456.hmmer,456.hmmer_518,1,41,0,5,27,92,2,1,1,0,0,38,0
456.hmmer,456.hmmer_519,1,5,0,1,4,9,0,0,1,0,0,5,0
456.hmmer,456.hmmer_520,1,3,0,1,2,5,0,0,1,0,0,2,0
456.hmmer,456.hmmer_521,2,23,0,1,19,37,0,0,1,0,0,29,0
456.hmmer,456.hmmer_522,2,159,0,1,129,261,4,0,1,0,0,205,0
456.hmmer,456.hmmer_523,1,188,0,5,150,329,11,1,1,0,0,211,0
456.hmmer,456.hmmer_524,1,49,0,1,38,73,8,0,1,0,0,56,0
456.hmmer,456.hmmer_525,2,161,0,1,128,275,12,0,1,0,0,194,0
456.hmmer,456.hmmer_526,1,234,0,2,194,420,13,0,1,0,0,249,0
456.hmmer,456.hmmer_527,2,174,0,17,136,296,0,1,1,0,0,248,0
456.hmmer,456.hmmer_528,2,16,0,3,12,26,0,1,1,0,0,20,0
456.hmmer,456.hmmer_529,1,148,0,17,118,255,0,1,1,0,0,176,0
456.hmmer,456.hmmer_530,1,13,0,1,12,22,0,0,1,0,0,15,0
456.hmmer,456.hmmer_531,2,15,0,3,8,25,2,2,-1,0,0,18,0
456.hmmer,456.hmmer_532,1,701,0,83,438,1238,63,3,1,0,0,821,0
456.hmmer,456.hmmer_533,1,85,0,9,52,148,13,1,1,0,0,90,0
456.hmmer,456.hmmer_534,2,8,0,1,7,19,0,0,21,0,0,11,0
456.hmmer,456.hmmer_535,1,7,0,2,5,14,0,0,1,0,0,7,0
456.hmmer,456.hmmer_536,2,8,0,1,4,18,1,0,1,0,0,10,0
456.hmmer,456.hmmer_537,1,8,0,2,3,16,1,0,1,0,0,8,0
456.hmmer,456.hmmer_538,2,8,0,1,4,18,1,0,1,0,0,10,0
456.hmmer,456.hmmer_539,1,8,0,2,3,16,1,0,1,0,0,8,0
456.hmmer,456.hmmer_540,2,8,0,1,4,18,1,0,8,0,0,10,0
456.hmmer,456.hmmer_541,1,8,0,2,3,16,1,0,1,0,0,8,0
456.hmmer,456.hmmer_542,1,18,1,1,12,41,2,0,1,0,0,17,0
456.hmmer,456.hmmer_543,2,30,2,1,16,50,8,0,1,0,0,35,0
456.hmmer,456.hmmer_544,1,2,0,2,0,2,0,0,1,0,0,0,0
456.hmmer,456.hmmer_545,1,5,0,1,4,9,0,0,1,0,0,5,0
456.hmmer,456.hmmer_546,1,8,1,1,3,11,3,0,1,0,0,7,0
456.hmmer,456.hmmer_547,1,8,0,2,2,16,1,1,-1,0,0,8,0
456.hmmer,456.hmmer_548,1,144,0,19,101,318,3,2,1,0,0,134,0
456.hmmer,456.hmmer_549,2,68,17,5,43,162,1,0,1,0,0,90,0
456.hmmer,456.hmmer_550,1,5,0,2,2,7,0,0,8,0,0,4,0
456.hmmer,456.hmmer_551,1,44,4,4,28,97,3,1,1,0,0,52,0
456.hmmer,456.hmmer_552,1,5,0,1,4,9,0,0,1,0,0,6,0
456.hmmer,456.hmmer_553,2,17,5,1,10,33,0,0,1,0,0,23,0
456.hmmer,456.hmmer_554,1,5,0,2,2,7,0,0,1,0,0,4,0
456.hmmer,456.hmmer_555,1,24,2,4,12,44,3,1,1,0,0,26,0
456.hmmer,456.hmmer_556,1,5,0,1,4,9,0,0,1,0,0,6,0
456.hmmer,456.hmmer_557,1,41,0,20,6,96,8,1,1,0,0,25,0
456.hmmer,456.hmmer_558,1,3,0,1,0,5,1,0,1,0,0,2,0
456.hmmer,456.hmmer_559,1,6,0,1,2,10,2,0,1,0,0,7,0
456.hmmer,456.hmmer_560,1,7,0,2,0,14,1,1,-1,0,0,7,0
456.hmmer,456.hmmer_561,1,3,0,1,0,7,0,1,-1,0,0,4,0
456.hmmer,456.hmmer_562,1,11,0,2,4,18,3,1,-1,0,0,11,0
456.hmmer,456.hmmer_563,2,24,0,7,5,45,5,1,1,0,0,27,0
456.hmmer,456.hmmer_564,1,17,0,2,13,31,0,0,1,0,0,20,0
456.hmmer,456.hmmer_565,1,6,0,1,4,9,1,0,1,0,0,7,0
456.hmmer,456.hmmer_566,2,54,0,7,34,98,6,1,1,0,0,72,0
456.hmmer,456.hmmer_567,2,54,0,7,34,98,6,1,1,0,0,72,0
456.hmmer,456.hmmer_568,1,39,0,7,24,71,2,1,1,0,0,40,0
456.hmmer,456.hmmer_569,3,16,0,3,5,42,1,1,-1,0,0,17,0
456.hmmer,456.hmmer_570,2,326,0,81,95,632,40,4,1,0,0,333,0
456.hmmer,456.hmmer_571,2,18,0,5,5,44,1,1,-1,0,0,17,0
456.hmmer,456.hmmer_572,1,20,0,6,6,31,0,0,1,0,0,20,0
456.hmmer,456.hmmer_573,2,9,0,2,3,23,0,1,1,0,0,8,0
456.hmmer,456.hmmer_574,1,751,0,195,177,1435,96,4,-1,0,0,708,0
456.hmmer,456.hmmer_575,1,43,0,5,22,90,3,1,1,0,0,48,0
456.hmmer,456.hmmer_576,1,10,0,1,6,19,0,0,1,0,0,13,0
456.hmmer,456.hmmer_577,3,1,0,1,0,1,0,0,1,0,0,0,0
456.hmmer,456.hmmer_578,3,54,0,13,19,122,0,1,-1,0,0,56,0
456.hmmer,456.hmmer_579,2,106,0,19,39,201,17,4,1,0,0,113,0
456.hmmer,456.hmmer_580,2,13,0,3,4,29,1,2,-1,0,0,12,0
456.hmmer,456.hmmer_581,1,40,0,12,6,71,5,2,1,0,0,35,0
456.hmmer,456.hmmer_582,1,35,0,10,8,77,2,2,-1,0,0,33,0
456.hmmer,456.hmmer_583,1,37,0,14,12,62,4,3,-1,0,0,31,0
456.hmmer,456.hmmer_584,1,7,0,3,2,12,0,1,1,0,0,6,0
456.hmmer,456.hmmer_585,2,60,0,7,37,130,6,1,1,0,0,68,0
456.hmmer,456.hmmer_586,1,35,0,8,14,78,5,2,1,0,0,33,0
456.hmmer,456.hmmer_587,1,45,0,9,28,93,1,1,1,0,0,43,0
456.hmmer,456.hmmer_588,1,6,0,1,4,12,0,0,1,0,0,5,0
456.hmmer,456.hmmer_589,1,11,0,3,4,19,1,1,1,0,0,11,0
456.hmmer,456.hmmer_590,2,48,0,7,28,84,6,1,1,0,0,60,0
456.hmmer,456.hmmer_591,1,18,0,2,8,30,3,0,1,0,0,20,0
456.hmmer,456.hmmer_592,1,81,0,31,15,202,1,2,-1,0,0,66,0
456.hmmer,456.hmmer_593,1,4,0,2,0,8,0,1,1,0,0,3,0
456.hmmer,456.hmmer_594,1,19,0,5,4,32,4,3,1,0,0,19,0
456.hmmer,456.hmmer_595,1,10,0,3,2,21,1,2,1,0,0,11,0
456.hmmer,456.hmmer_596,1,18,0,4,3,32,3,3,-1,0,0,20,0
456.hmmer,456.hmmer_597,2,6,0,3,0,10,1,1,1,0,0,4,0
456.hmmer,456.hmmer_598,1,27,0,5,10,42,6,2,-1,0,0,26,0
456.hmmer,456.hmmer_599,2,6,0,3,0,10,1,1,1,0,0,4,0
456.hmmer,456.hmmer_600,1,13,0,4,6,23,1,1,-1,0,0,11,0
456.hmmer,456.hmmer_601,2,6,0,3,0,10,1,1,1,0,0,4,0
456.hmmer,456.hmmer_602,1,11,0,3,5,20,1,1,-1,0,0,10,0
456.hmmer,456.hmmer_603,2,6,0,3,0,10,1,1,1,0,0,4,0
456.hmmer,456.hmmer_604,1,11,0,3,5,20,1,1,-1,0,0,10,0
456.hmmer,456.hmmer_605,1,17,1,1,8,25,5,0,1,0,0,18,0
456.hmmer,456.hmmer_606,1,0,0,0,0,0,0,0,1,0,0,0,0
456.hmmer,456.hmmer_607,1,3,0,1,2,5,0,0,27,0,0,3,0
456.hmmer,456.hmmer_608,2,30,1,1,16,43,9,0,1,0,0,39,0
456.hmmer,456.hmmer_609,1,7,0,2,2,10,1,0,27,0,0,6,0
456.hmmer,456.hmmer_610,2,44,1,4,24,67,10,1,27,0,0,57,0
456.hmmer,456.hmmer_611,2,3,0,1,2,6,0,0,27,0,0,3,0
456.hmmer,456.hmmer_612,3,25,0,4,12,44,5,1,27,0,0,30,0
456.hmmer,456.hmmer_613,2,1,0,1,0,1,0,0,1,0,0,0,0
456.hmmer,456.hmmer_614,2,15,0,5,4,27,3,1,-1,0,0,16,0
456.hmmer,456.hmmer_615,1,10,0,6,2,13,2,0,1,0,0,5,0
456.hmmer,456.hmmer_616,1,21,0,1,11,31,6,0,1,0,0,26,0
456.hmmer,456.hmmer_617,1,9,0,1,4,18,1,0,27,0,0,11,0
456.hmmer,456.hmmer_618,1,13,0,2,5,19,3,1,-1,0,0,12,0
456.hmmer,456.hmmer_619,1,7,0,1,3,14,1,0,1,0,0,7,0
456.hmmer,456.hmmer_620,1,13,1,1,5,20,4,0,1,0,0,14,0
456.hmmer,456.hmmer_621,1,13,0,2,5,19,3,1,-1,0,0,12,0
456.hmmer,456.hmmer_622,1,9,0,1,4,18,2,0,1,0,0,10,0
456.hmmer,456.hmmer_623,1,4,0,1,2,10,0,0,27,0,0,4,0
456.hmmer,456.hmmer_624,1,15,1,1,6,24,5,0,1,0,0,17,0
456.hmmer,456.hmmer_625,1,4,0,1,2,11,0,0,27,0,0,4,0
456.hmmer,456.hmmer_626,1,13,0,2,5,19,3,1,-1,0,0,12,0
456.hmmer,456.hmmer_627,1,17,0,1,8,27,4,0,1,0,0,20,0
456.hmmer,456.hmmer_628,2,18,1,1,8,27,5,0,1,0,0,21,0
456.hmmer,456.hmmer_629,1,14,0,5,0,24,1,1,1,0,0,12,0
456.hmmer,456.hmmer_630,2,21,0,1,16,33,2,0,1,0,0,26,0
456.hmmer,456.hmmer_631,1,7,1,2,0,8,3,0,1,0,0,5,0
456.hmmer,456.hmmer_632,1,6,0,1,4,9,1,0,1,0,0,5,0
456.hmmer,456.hmmer_633,1,6,0,1,4,10,0,0,1,0,0,6,0
456.hmmer,456.hmmer_634,1,6,0,1,4,9,1,0,1,0,0,5,0
456.hmmer,456.hmmer_635,2,10,0,1,8,15,1,0,1,0,0,12,0
456.hmmer,456.hmmer_636,1,6,1,2,0,7,2,0,1,0,0,3,0
456.hmmer,456.hmmer_637,1,61,1,1,40,89,17,0,1,0,0,78,0
456.hmmer,456.hmmer_638,1,61,1,1,40,89,17,0,1,0,0,78,0
456.hmmer,456.hmmer_639,1,64,1,1,42,93,18,0,1,0,0,82,0
456.hmmer,456.hmmer_640,1,179,0,38,66,314,36,1,1,0,0,183,0
456.hmmer,456.hmmer_641,1,13,0,2,5,19,3,1,-1,0,0,13,0
456.hmmer,456.hmmer_642,1,0,0,0,0,0,0,0,1,0,0,0,0
456.hmmer,456.hmmer_643,1,14,0,6,4,22,2,1,1,0,0,10,0
456.hmmer,456.hmmer_644,1,14,0,6,4,22,2,1,1,0,0,10,0
456.hmmer,456.hmmer_645,1,28,0,8,7,49,6,1,1,0,0,26,0
456.hmmer,456.hmmer_646,1,8,0,3,2,14,1,1,1,0,0,6,0
456.hmmer,456.hmmer_647,1,4,0,2,0,6,0,0,1,0,0,0,0
456.hmmer,456.hmmer_648,1,17,0,4,6,30,2,2,1,0,0,13,0
456.hmmer,456.hmmer_649,1,19,0,4,8,34,2,1,1,0,0,14,0
456.hmmer,456.hmmer_650,1,8,0,2,3,14,1,1,1,0,0,6,0
456.hmmer,456.hmmer_651,1,24,0,6,10,51,1,2,1,0,0,18,0
456.hmmer,456.hmmer_652,1,9,0,2,4,19,0,1,1,0,0,7,0
456.hmmer,456.hmmer_653,1,18,0,4,7,35,1,2,1,0,0,14,0
456.hmmer,456.hmmer_654,1,89,0,22,39,194,0,2,-1,0,0,66,0
456.hmmer,456.hmmer_655,1,0,0,0,0,0,0,0,1,0,0,0,0
456.hmmer,456.hmmer_656,1,17,0,4,6,30,2,2,1,0,0,13,0
456.hmmer,456.hmmer_657,1,7,0,2,2,16,0,1,1,0,0,5,0
456.hmmer,456.hmmer_658,1,7,0,3,2,11,1,1,1,0,0,5,0
456.hmmer,456.hmmer_659,1,53,0,13,24,115,0,2,1,0,0,39,0
456.hmmer,456.hmmer_660,1,7,0,2,2,16,0,1,1,0,0,5,0
456.hmmer,456.hmmer_661,1,0,0,0,0,0,0,0,1,0,0,0,0
456.hmmer,456.hmmer_662,1,7,0,2,2,16,0,1,1,0,0,5,0
456.hmmer,456.hmmer_663,1,45,0,11,20,100,0,2,1,0,0,32,0
456.hmmer,456.hmmer_664,1,7,0,2,2,16,0,1,1,0,0,5,0
456.hmmer,456.hmmer_665,1,17,0,4,6,30,2,2,1,0,0,13,0
456.hmmer,456.hmmer_666,1,5,0,2,2,9,0,0,1,0,0,2,0
456.hmmer,456.hmmer_667,2,166,0,44,40,392,2,2,-1,0,0,164,0
456.hmmer,456.hmmer_668,1,15,0,6,0,35,0,2,-1,0,0,14,0
456.hmmer,456.hmmer_669,1,124,0,34,10,259,21,3,1,0,0,160,0
456.hmmer,456.hmmer_670,2,23,0,6,8,46,4,0,5,0,0,22,0
456.hmmer,456.hmmer_671,1,10,0,2,2,12,5,0,1,0,0,8,0
456.hmmer,456.hmmer_672,1,11,0,1,2,18,2,0,1,0,0,12,0
456.hmmer,456.hmmer_673,1,10,0,1,4,17,1,0,1,0,0,11,0
456.hmmer,456.hmmer_674,1,17,0,6,2,42,0,0,1,0,0,24,0
456.hmmer,456.hmmer_675,1,6,0,1,3,17,0,0,1,0,0,6,0
456.hmmer,456.hmmer_676,2,2,0,1,0,4,0,0,1,0,0,0,0
456.hmmer,456.hmmer_677,2,2,0,1,0,4,0,0,1,0,0,0,0
456.hmmer,456.hmmer_678,1,99,0,29,27,208,12,3,1,0,0,97,0
456.hmmer,456.hmmer_679,1,17,0,2,0,33,7,1,1,0,0,19,0
456.hmmer,456.hmmer_680,1,89,0,7,65,187,2,1,1,0,0,105,0
456.hmmer,456.hmmer_681,1,26,0,3,11,38,6,1,1,0,0,26,0
456.hmmer,456.hmmer_682,1,24,0,3,8,35,6,1,1,0,0,23,0
456.hmmer,456.hmmer_683,1,21,0,6,7,44,0,1,1,0,0,18,0
456.hmmer,456.hmmer_684,1,25,12,1,12,43,0,0,1,0,0,36,0
456.hmmer,456.hmmer_685,1,7,2,1,4,11,0,0,1,0,0,8,0
456.hmmer,456.hmmer_686,1,40,12,1,22,63,5,0,1,0,0,50,0
456.hmmer,456.hmmer_687,1,6,3,1,2,11,0,0,12,0,0,7,0
456.hmmer,456.hmmer_688,1,9,0,1,5,14,2,0,1,0,0,11,0
456.hmmer,456.hmmer_689,1,9,0,1,5,14,2,0,1,0,0,11,0
456.hmmer,456.hmmer_690,3,18,2,1,13,27,2,0,1,0,0,21,0
456.hmmer,456.hmmer_691,2,6,0,2,4,9,0,0,1,0,0,5,0
456.hmmer,456.hmmer_692,1,2,0,2,0,2,0,0,1,0,0,0,0
456.hmmer,456.hmmer_693,1,32,19,4,0,60,4,2,-1,0,0,46,0
456.hmmer,456.hmmer_694,1,10,6,2,0,19,1,1,-1,0,0,12,0
456.hmmer,456.hmmer_695,1,45,0,7,21,80,0,1,65,0,0,36,0
456.hmmer,456.hmmer_696,1,0,0,0,0,0,0,0,1,0,0,0,0
456.hmmer,456.hmmer_697,1,0,0,0,0,0,0,0,1,0,0,0,0
456.hmmer,456.hmmer_698,2,7,1,2,3,11,0,1,-1,0,0,4,0
456.hmmer,456.hmmer_699,1,0,0,0,0,0,0,0,1,0,0,0,0
456.hmmer,456.hmmer_700,1,1,0,1,0,1,0,0,1,0,0,0,0
456.hmmer,456.hmmer_701,2,7,1,2,3,11,0,1,-1,0,0,4,0
456.hmmer,456.hmmer_702,1,19,5,2,11,28,0,0,-1,0,0,14,0
456.hmmer,456.hmmer_703,1,6,2,2,2,11,0,1,-1,0,0,7,0
456.hmmer,456.hmmer_704,1,6,2,2,2,11,0,1,-1,0,0,7,0
456.hmmer,456.hmmer_705,1,14,0,2,5,21,3,1,1,0,0,13,0
456.hmmer,456.hmmer_706,1,3,0,1,2,4,0,0,1,0,0,3,0
456.hmmer,456.hmmer_707,1,4,0,1,3,6,0,0,1,0,0,4,0
456.hmmer,456.hmmer_708,1,6,0,1,2,8,2,0,1,0,0,6,0
456.hmmer,456.hmmer_709,1,6,0,1,2,8,2,0,1,0,0,6,0
456.hmmer,456.hmmer_710,1,9,0,3,4,15,0,1,1,0,0,7,0
456.hmmer,456.hmmer_711,2,13,0,3,8,21,0,1,1,0,0,13,0
456.hmmer,456.hmmer_712,1,11,0,4,4,17,1,1,1,0,0,8,0
456.hmmer,456.hmmer_713,1,7,0,1,4,12,1,0,1,0,0,7,0
456.hmmer,456.hmmer_714,1,9,0,1,2,15,3,1,-1,0,0,10,0
456.hmmer,456.hmmer_715,1,12,0,2,4,17,3,1,-1,0,0,11,0
456.hmmer,456.hmmer_716,1,72,0,8,39,150,10,2,-1,0,0,71,0
456.hmmer,456.hmmer_717,1,6,0,1,4,10,1,0,1,0,0,5,0
456.hmmer,456.hmmer_718,1,29,0,12,2,60,2,5,-1,0,0,27,0
456.hmmer,456.hmmer_719,1,13,0,3,8,23,0,1,1,0,0,11,0
456.hmmer,456.hmmer_720,1,6,0,1,4,10,0,0,1,0,0,5,0
456.hmmer,456.hmmer_721,1,7,0,1,5,13,0,0,1,0,0,6,0
456.hmmer,456.hmmer_722,1,7,0,1,5,13,0,0,1,0,0,6,0
456.hmmer,456.hmmer_723,1,7,0,1,5,13,0,0,1,0,0,6,0
456.hmmer,456.hmmer_724,1,7,0,1,5,13,0,0,1,0,0,6,0
456.hmmer,456.hmmer_725,1,7,0,1,5,13,0,0,1,0,0,6,0
456.hmmer,456.hmmer_726,1,7,0,1,5,13,0,0,1,0,0,6,0
456.hmmer,456.hmmer_727,1,14,0,1,12,30,0,0,1,0,0,14,0
456.hmmer,456.hmmer_728,1,77,0,4,60,158,10,1,1,0,0,81,0
456.hmmer,456.hmmer_729,1,34,0,5,15,77,4,2,-1,0,0,39,0
456.hmmer,456.hmmer_730,1,31,0,3,18,67,4,1,-1,0,0,34,0
456.hmmer,456.hmmer_731,1,43,0,8,17,102,3,2,-1,0,0,50,0
456.hmmer,456.hmmer_732,1,46,0,6,27,104,2,1,-1,0,0,51,0
456.hmmer,456.hmmer_733,1,54,0,9,28,114,2,2,-1,0,0,57,0
456.hmmer,456.hmmer_734,1,0,0,0,0,0,0,0,1,0,0,0,0
456.hmmer,456.hmmer_735,1,0,0,0,0,0,0,0,1,0,0,0,0
456.hmmer,456.hmmer_736,2,6,0,2,1,10,1,1,1,0,0,5,0
456.hmmer,456.hmmer_737,1,67,0,27,10,139,2,1,-1,0,0,60,0
456.hmmer,456.hmmer_738,1,1,0,1,0,1,0,0,-1,0,0,0,0
456.hmmer,456.hmmer_739,1,12,0,4,2,20,2,1,1,0,0,10,0
456.hmmer,456.hmmer_740,1,12,0,4,2,20,2,1,1,0,0,10,0
456.hmmer,456.hmmer_741,1,9,0,1,8,17,0,0,1,0,0,8,0
456.hmmer,456.hmmer_742,1,9,0,1,8,17,0,0,1,0,0,8,0
456.hmmer,456.hmmer_743,3,31,0,3,23,61,2,1,1,0,0,37,0
456.hmmer,456.hmmer_744,2,73,0,8,45,153,6,1,1,0,0,86,0
456.hmmer,456.hmmer_745,2,18,0,1,11,38,2,0,1,0,0,24,0
456.hmmer,456.hmmer_746,1,56,0,11,21,124,7,2,1,0,0,60,0
456.hmmer,456.hmmer_747,3,0,0,0,0,0,0,0,1,0,0,0,0
456.hmmer,456.hmmer_748,2,18,0,4,13,30,0,1,1,0,0,18,0
456.hmmer,456.hmmer_749,1,3,0,2,0,5,0,0,1,0,0,0,0
456.hmmer,456.hmmer_750,1,17,0,3,12,35,0,1,1,0,0,18,0
456.hmmer,456.hmmer_751,1,17,0,3,12,35,0,1,1,0,0,18,0
456.hmmer,456.hmmer_752,1,11,0,1,8,23,1,0,1,0,0,13,0
456.hmmer,456.hmmer_753,1,10,0,1,8,20,0,0,1,0,0,10,0
456.hmmer,456.hmmer_754,1,6,0,1,4,12,0,0,1,0,0,5,0
456.hmmer,456.hmmer_755,1,11,0,3,4,19,1,1,1,0,0,11,0
456.hmmer,456.hmmer_756,1,11,0,3,4,19,1,1,1,0,0,11,0
456.hmmer,456.hmmer_757,1,11,0,3,4,19,1,1,1,0,0,11,0
456.hmmer,456.hmmer_758,1,57,0,9,40,113,0,1,1,0,0,52,0
456.hmmer,456.hmmer_759,1,12,0,3,5,22,1,1,1,0,0,12,0
456.hmmer,456.hmmer_760,1,8,0,1,7,15,0,0,1,0,0,8,0
456.hmmer,456.hmmer_761,1,12,2,2,6,22,1,1,-1,0,0,11,0
456.hmmer,456.hmmer_762,1,186,0,23,105,359,12,1,1,0,0,190,0
456.hmmer,456.hmmer_763,1,6,0,1,4,10,0,0,1,0,0,8,0
456.hmmer,456.hmmer_764,1,5,0,1,4,8,0,0,1,0,0,6,0
456.hmmer,456.hmmer_765,1,19,0,1,18,34,0,0,1,0,0,24,0
456.hmmer,456.hmmer_766,1,413,18,50,274,800,24,1,1,0,0,393,0
456.hmmer,456.hmmer_767,1,73,0,6,50,126,8,1,1,0,0,79,0
456.hmmer,456.hmmer_768,1,8,0,1,6,13,1,0,1,0,0,9,0
456.hmmer,456.hmmer_769,1,5,0,1,4,9,0,0,1,0,0,5,0
456.hmmer,456.hmmer_770,1,97,0,13,59,207,6,2,1,0,0,108,0
456.hmmer,456.hmmer_771,2,7,0,1,6,12,0,0,1,0,0,8,0
456.hmmer,456.hmmer_772,2,10,0,1,8,16,1,0,1,0,0,12,0
456.hmmer,456.hmmer_773,2,140,0,23,72,233,22,3,1,0,0,152,0
456.hmmer,456.hmmer_774,3,2,0,1,0,3,0,0,1,0,0,1,0
456.hmmer,456.hmmer_775,2,28,0,4,15,46,3,1,1,0,0,34,0
456.hmmer,456.hmmer_776,1,22,0,7,12,36,1,1,1,0,0,19,0
456.hmmer,456.hmmer_777,1,7,0,1,4,12,0,0,1,0,0,10,0
456.hmmer,456.hmmer_778,1,8,0,3,4,14,0,1,1,0,0,8,0
456.hmmer,456.hmmer_779,2,98,0,21,48,187,11,2,1,0,0,103,0
456.hmmer,456.hmmer_780,1,2,0,2,0,2,0,0,1,0,0,0,0
456.hmmer,456.hmmer_781,1,3,0,1,2,5,0,0,1,0,0,3,0
456.hmmer,456.hmmer_782,1,0,0,0,0,0,0,0,1,0,0,0,0
456.hmmer,456.hmmer_783,1,41,0,7,14,67,12,1,1,0,0,40,0
456.hmmer,456.hmmer_784,1,385,3,33,278,671,51,4,1,0,0,405,0
456.hmmer,456.hmmer_785,1,7,0,2,4,13,0,1,-1,0,0,6,0
456.hmmer,456.hmmer_786,1,7,0,2,4,13,0,1,-1,0,0,6,0
456.hmmer,456.hmmer_787,2,46,0,9,20,87,7,2,1,0,0,49,0
456.hmmer,456.hmmer_788,1,74,0,15,40,187,0,2,1,0,0,68,0
456.hmmer,456.hmmer_789,2,8,0,2,4,14,1,1,-1,0,0,7,0
456.hmmer,456.hmmer_790,2,0,0,0,0,0,0,0,1,0,0,0,0
456.hmmer,456.hmmer_791,1,131,0,8,81,216,24,1,1,0,0,151,0
456.hmmer,456.hmmer_792,1,11,0,3,4,19,1,1,1,0,0,10,0
456.hmmer,456.hmmer_793,1,11,0,3,4,19,1,1,1,0,0,10,0
456.hmmer,456.hmmer_794,1,30,0,6,16,56,3,1,-1,0,0,30,0
456.hmmer,456.hmmer_795,1,30,0,6,16,56,3,1,-1,0,0,30,0
456.hmmer,456.hmmer_796,1,4,0,1,1,10,0,0,1,0,0,5,0
456.hmmer,456.hmmer_797,2,5,0,1,1,11,1,0,1,0,0,7,0
456.hmmer,456.hmmer_798,1,9,0,2,1,16,1,0,1,0,0,10,0
456.hmmer,456.hmmer_799,1,4,0,1,1,10,0,0,1,0,0,5,0
456.hmmer,456.hmmer_800,2,283,0,29,168,549,31,1,1,0,0,340,0
456.hmmer,456.hmmer_801,1,11,0,2,7,20,0,0,1,0,0,12,0
456.hmmer,456.hmmer_802,2,19,0,9,2,54,1,1,-1,0,0,17,0
456.hmmer,456.hmmer_803,1,28,0,7,9,45,4,1,1,0,0,26,0
456.hmmer,456.hmmer_804,1,11,0,1,4,16,3,1,-1,0,0,11,0
456.hmmer,456.hmmer_805,1,11,0,1,4,16,3,1,-1,0,0,11,0
456.hmmer,456.hmmer_806,1,0,0,0,0,0,0,0,1,6,0,0,0
456.hmmer,456.hmmer_807,1,0,0,0,0,0,0,0,1,0,0,0,0
456.hmmer,456.hmmer_808,1,54,0,16,11,88,9,2,-1,0,0,49,0
456.hmmer,456.hmmer_809,1,0,0,0,0,0,0,0,1,0,0,0,0
456.hmmer,456.hmmer_810,1,17,0,1,8,27,4,0,1,0,0,18,0
456.hmmer,456.hmmer_811,2,0,0,0,0,0,0,0,1,0,0,0,0
456.hmmer,456.hmmer_812,3,3,0,1,2,4,0,0,1,0,0,3,0
456.hmmer,456.hmmer_813,2,2,0,1,1,2,0,0,1,0,0,1,0
456.hmmer,456.hmmer_814,1,12,0,4,4,17,2,1,1,0,0,10,0
456.hmmer,456.hmmer_815,1,0,0,0,0,0,0,0,1,0,0,0,0
456.hmmer,456.hmmer_816,1,6,0,2,1,11,1,1,1,0,0,6,0
456.hmmer,456.hmmer_817,2,0,0,0,0,0,0,0,1,0,0,0,0
456.hmmer,456.hmmer_818,3,7,0,2,1,13,1,1,1,0,0,7,0
456.hmmer,456.hmmer_819,3,5,0,1,1,10,1,1,-1,0,0,6,0
456.hmmer,456.hmmer_820,3,0,0,0,0,0,0,0,1,0,0,0,0
456.hmmer,456.hmmer_821,2,32,0,9,7,49,3,1,1,0,0,32,0
456.hmmer,456.hmmer_822,1,73,0,24,12,121,12,6,1,0,0,73,0
456.hmmer,456.hmmer_823,1,3,0,1,2,5,0,0,1,0,0,2,0
456.hmmer,456.hmmer_824,1,3,0,1,2,5,0,0,1,0,0,2,0
456.hmmer,456.hmmer_825,1,5,1,1,3,8,0,0,1,0,0,5,0
456.hmmer,456.hmmer_826,1,5,1,1,3,8,0,0,1,0,0,5,0
456.hmmer,456.hmmer_827,1,4,1,1,2,6,0,0,1,0,0,4,0
456.hmmer,456.hmmer_828,1,4,1,1,2,6,0,0,1,0,0,4,0
456.hmmer,456.hmmer_829,1,7,1,1,5,11,0,0,1,0,0,8,0
456.hmmer,456.hmmer_830,1,7,1,1,5,11,0,0,1,0,0,8,0
456.hmmer,456.hmmer_831,1,5,0,1,4,8,0,0,1,0,0,5,0
456.hmmer,456.hmmer_832,1,5,0,1,4,8,0,0,1,0,0,5,0
456.hmmer,456.hmmer_833,1,7,2,1,4,11,0,0,1,0,0,8,0
456.hmmer,456.hmmer_834,1,7,2,1,4,11,0,0,1,0,0,8,0
456.hmmer,456.hmmer_835,1,9,1,3,4,15,0,1,1,0,0,9,0
456.hmmer,456.hmmer_836,1,9,1,3,4,15,0,1,1,0,0,9,0
456.hmmer,456.hmmer_837,1,9,1,3,4,15,0,1,1,0,0,9,0
456.hmmer,456.hmmer_838,1,9,1,3,4,15,0,1,1,0,0,9,0
456.hmmer,456.hmmer_839,1,11,1,3,4,17,2,1,1,0,0,11,0
456.hmmer,456.hmmer_840,1,11,1,3,4,17,2,1,1,0,0,11,0
456.hmmer,456.hmmer_841,1,11,1,3,4,17,2,1,1,0,0,11,0
456.hmmer,456.hmmer_842,1,11,1,3,4,17,2,1,1,0,0,11,0
456.hmmer,456.hmmer_843,1,5,1,1,3,8,0,0,1,0,0,6,0
456.hmmer,456.hmmer_844,1,5,1,1,2,8,1,0,1,0,0,4,0
456.hmmer,456.hmmer_845,1,5,1,1,3,8,0,0,1,0,0,6,0
456.hmmer,456.hmmer_846,1,7,1,1,2,10,3,0,1,0,0,6,0
456.hmmer,456.hmmer_847,1,14,1,4,8,24,0,1,1,0,0,12,0
456.hmmer,456.hmmer_848,1,17,1,4,8,27,3,1,1,0,0,15,0
456.hmmer,456.hmmer_849,1,6,0,1,4,10,0,0,1,0,0,6,0
456.hmmer,456.hmmer_850,1,8,0,1,4,12,2,0,1,0,0,8,0
456.hmmer,456.hmmer_851,1,13,4,3,4,23,0,1,1,0,0,15,0
456.hmmer,456.hmmer_852,1,18,4,3,4,28,5,1,1,0,0,20,0
456.hmmer,456.hmmer_853,1,5,0,1,4,8,0,0,1,0,0,6,0
456.hmmer,456.hmmer_854,1,5,0,1,4,9,0,0,1,0,0,6,0
456.hmmer,456.hmmer_855,1,7,1,1,4,11,1,0,1,0,0,7,0
456.hmmer,456.hmmer_856,2,23,1,4,10,34,5,1,1,0,0,26,0
456.hmmer,456.hmmer_857,2,33,4,9,4,58,4,3,-1,0,0,41,0
456.hmmer,456.hmmer_858,1,20,1,5,5,26,5,0,1,0,0,17,0
456.hmmer,456.hmmer_859,2,77,0,14,39,128,11,4,1,0,0,81,0
456.hmmer,456.hmmer_860,2,20,0,3,11,34,2,1,27,0,0,25,0
456.hmmer,456.hmmer_861,1,23,0,5,13,42,2,1,1,0,0,25,0
456.hmmer,456.hmmer_862,1,4,0,1,2,9,0,0,1,0,0,4,0
456.hmmer,456.hmmer_863,2,20,1,5,10,31,2,2,1,0,0,24,0
456.hmmer,456.hmmer_864,1,8,1,2,2,11,2,0,1,0,0,8,0
456.hmmer,456.hmmer_865,2,14,0,1,12,24,0,0,1,0,0,20,0
456.hmmer,456.hmmer_866,1,2,0,2,0,2,0,0,1,0,0,0,0
456.hmmer,456.hmmer_867,1,11,0,3,2,19,2,1,1,0,0,9,0
456.hmmer,456.hmmer_868,1,52,0,14,12,88,12,2,1,0,0,51,0
456.hmmer,456.hmmer_869,1,13,1,1,7,18,4,0,1,0,0,15,0
456.hmmer,456.hmmer_870,1,9,0,1,6,13,1,0,1,0,0,11,0
456.hmmer,456.hmmer_871,1,3,0,1,2,5,0,0,1,0,0,3,0
456.hmmer,456.hmmer_872,3,31,2,3,14,51,6,1,1,0,0,39,0
456.hmmer,456.hmmer_873,2,11,0,1,4,17,3,0,1,0,0,13,0
456.hmmer,456.hmmer_874,1,10,0,1,4,16,2,0,1,0,0,12,0
456.hmmer,456.hmmer_875,1,4,0,1,2,6,1,0,1,0,0,5,0
456.hmmer,456.hmmer_876,1,9,1,1,5,14,1,0,1,0,0,10,0
456.hmmer,456.hmmer_877,2,3,0,1,2,6,0,0,27,0,0,3,0
456.hmmer,456.hmmer_878,2,28,0,3,14,43,5,1,1,0,0,30,0
456.hmmer,456.hmmer_879,2,8,0,3,2,15,0,1,27,0,0,8,0
456.hmmer,456.hmmer_880,2,36,2,3,16,54,9,1,1,0,0,40,0
456.hmmer,456.hmmer_881,1,6,0,5,0,6,0,0,1,0,0,1,0
456.hmmer,456.hmmer_882,2,15,1,2,10,27,1,1,-1,-1,0,16,0
456.hmmer,456.hmmer_883,1,32,0,6,14,53,5,1,1,-1,0,33,0
456.hmmer,456.hmmer_884,1,3,0,1,2,5,0,0,1,-1,0,3,0
456.hmmer,456.hmmer_885,1,30,1,1,16,46,9,0,1,-1,0,37,0
456.hmmer,456.hmmer_886,1,6,0,1,4,10,1,0,1,-1,0,8,0
